,season,team,position,depth_chart_position,jersey_number,status,player_name,first_name,last_name,birth_date,height,weight,college,player_id,espn_id,sportradar_id,yahoo_id,rotowire_id,pff_id,pfr_id,fantasy_data_id,sleeper_id,years_exp,headshot_url,ngs_position,week,game_type,status_description_abbr,football_name,esb_id,gsis_it_id,smart_id,entry_year,rookie_year,draft_club,draft_number,age
47,2024,ARI,K,K,5.0,RES,Matt Prater,Matt,Prater,1984-08-10,70.0,201,Central Florida,00-0023853,11122,67f5e782-f91c-4536-9818-cf4a0e7e821d,8565,5051,3471,,549,17,18,"https://static.www.nfl.com/image/upload/f_auto,q_auto/league/mwlrdghrm5chsum2kzic",,8,REG,R01,Matt,PRA143616,31446,32005052-4114-3616-ccef-0127103fb075,2006,2006.0,,,40.214
48,2024,ARI,K,K,5.0,RES,Matt Prater,Matt,Prater,1984-08-10,70.0,201,Central Florida,00-0023853,11122,67f5e782-f91c-4536-9818-cf4a0e7e821d,8565,5051,3471,,549,17,18,"https://static.www.nfl.com/image/upload/f_auto,q_auto/league/mwlrdghrm5chsum2kzic",,16,REG,R48,Matt,PRA143616,31446,32005052-4114-3616-ccef-0127103fb075,2006,2006.0,,,40.367
49,2024,ARI,K,K,5.0,ACT,Matt Prater,Matt,Prater,1984-08-10,70.0,201,Central Florida,00-0023853,11122,67f5e782-f91c-4536-9818-cf4a0e7e821d,8565,5051,3471,,549,17,18,"https://static.www.nfl.com/image/upload/f_auto,q_auto/league/mwlrdghrm5chsum2kzic",,3,REG,A01,Matt,PRA143616,31446,32005052-4114-3616-ccef-0127103fb075,2006,2006.0,,,40.118
50,2024,ARI,K,K,5.0,INA,Matt Prater,Matt,Prater,1984-08-10,70.0,201,Central Florida,00-0023853,11122,67f5e782-f91c-4536-9818-cf4a0e7e821d,8565,5051,3471,,549,17,18,"https://static.www.nfl.com/image/upload/f_auto,q_auto/league/mwlrdghrm5chsum2kzic",,5,REG,I01,Matt,PRA143616,31446,32005052-4114-3616-ccef-0127103fb075,2006,2006.0,,,40.156
51,2024,ARI,K,K,5.0,RES,Matt Prater,Matt,Prater,1984-08-10,70.0,201,Central Florida,00-0023853,11122,67f5e782-f91c-4536-9818-cf4a0e7e821d,8565,5051,3471,,549,17,18,"https://static.www.nfl.com/image/upload/f_auto,q_auto/league/mwlrdghrm5chsum2kzic",,13,REG,R01,Matt,PRA143616,31446,32005052-4114-3616-ccef-0127103fb075,2006,2006.0,,,40.309
52,2024,ARI,K,K,5.0,ACT,Matt Prater,Matt,Prater,1984-08-10,70.0,201,Central Florida,00-0023853,11122,67f5e782-f91c-4536-9818-cf4a0e7e821d,8565,5051,3471,,549,17,18,"https://static.www.nfl.com/image/upload/f_auto,q_auto/league/mwlrdghrm5chsum2kzic",,1,REG,A01,Matt,PRA143616,31446,32005052-4114-3616-ccef-0127103fb075,2006,2006.0,,,40.079
53,2024,ARI,K,K,5.0,RES,Matt Prater,Matt,Prater,1984-08-10,70.0,201,Central Florida,00-0023853,11122,67f5e782-f91c-4536-9818-cf4a0e7e821d,8565,5051,3471,,549,17,18,"https://static.www.nfl.com/image/upload/f_auto,q_auto/league/mwlrdghrm5chsum2kzic",,12,REG,R01,Matt,PRA143616,31446,32005052-4114-3616-ccef-0127103fb075,2006,2006.0,,,40.29
54,2024,ARI,K,K,5.0,ACT,Matt Prater,Matt,Prater,1984-08-10,70.0,201,Central Florida,00-0023853,11122,67f5e782-f91c-4536-9818-cf4a0e7e821d,8565,5051,3471,,549,17,18,"https://static.www.nfl.com/image/upload/f_auto,q_auto/league/mwlrdghrm5chsum2kzic",,2,REG,A01,Matt,PRA143616,31446,32005052-4114-3616-ccef-0127103fb075,2006,2006.0,,,40.099
55,2024,ARI,K,K,5.0,RES,Matt Prater,Matt,Prater,1984-08-10,70.0,201,Central Florida,00-0023853,11122,67f5e782-f91c-4536-9818-cf4a0e7e821d,8565,5051,3471,,549,17,18,"https://static.www.nfl.com/image/upload/f_auto,q_auto/league/mwlrdghrm5chsum2kzic",,9,REG,R01,Matt,PRA143616,31446,32005052-4114-3616-ccef-0127103fb075,2006,2006.0,,,40.233
56,2024,ARI,K,K,5.0,INA,Matt Prater,Matt,Prater,1984-08-10,70.0,201,Central Florida,00-0023853,11122,67f5e782-f91c-4536-9818-cf4a0e7e821d,8565,5051,3471,,549,17,18,"https://static.www.nfl.com/image/upload/f_auto,q_auto/league/mwlrdghrm5chsum2kzic",,6,REG,I01,Matt,PRA143616,31446,32005052-4114-3616-ccef-0127103fb075,2006,2006.0,,,40.175
57,2024,ARI,K,K,5.0,RES,Matt Prater,Matt,Prater,1984-08-10,70.0,201,Central Florida,00-0023853,11122,67f5e782-f91c-4536-9818-cf4a0e7e821d,8565,5051,3471,,549,17,18,"https://static.www.nfl.com/image/upload/f_auto,q_auto/league/mwlrdghrm5chsum2kzic",,14,REG,R01,Matt,PRA143616,31446,32005052-4114-3616-ccef-0127103fb075,2006,2006.0,,,40.329
58,2024,ARI,K,K,5.0,RES,Matt Prater,Matt,Prater,1984-08-10,70.0,201,Central Florida,00-0023853,11122,67f5e782-f91c-4536-9818-cf4a0e7e821d,8565,5051,3471,,549,17,18,"https://static.www.nfl.com/image/upload/f_auto,q_auto/league/mwlrdghrm5chsum2kzic",,7,REG,R01,Matt,PRA143616,31446,32005052-4114-3616-ccef-0127103fb075,2006,2006.0,,,40.197
59,2024,ARI,K,K,5.0,RES,Matt Prater,Matt,Prater,1984-08-10,70.0,201,Central Florida,00-0023853,11122,67f5e782-f91c-4536-9818-cf4a0e7e821d,8565,5051,3471,,549,17,18,"https://static.www.nfl.com/image/upload/f_auto,q_auto/league/mwlrdghrm5chsum2kzic",,10,REG,R01,Matt,PRA143616,31446,32005052-4114-3616-ccef-0127103fb075,2006,2006.0,,,40.252
60,2024,ARI,K,K,5.0,RES,Matt Prater,Matt,Prater,1984-08-10,70.0,201,Central Florida,00-0023853,11122,67f5e782-f91c-4536-9818-cf4a0e7e821d,8565,5051,3471,,549,17,18,"https://static.www.nfl.com/image/upload/f_auto,q_auto/league/mwlrdghrm5chsum2kzic",,15,REG,R01,Matt,PRA143616,31446,32005052-4114-3616-ccef-0127103fb075,2006,2006.0,,,40.348
61,2024,ARI,K,K,5.0,RES,Matt Prater,Matt,Prater,1984-08-10,70.0,201,Central Florida,00-0023853,11122,67f5e782-f91c-4536-9818-cf4a0e7e821d,8565,5051,3471,,549,17,18,"https://static.www.nfl.com/image/upload/f_auto,q_auto/league/mwlrdghrm5chsum2kzic",,18,REG,R48,Matt,PRA143616,31446,32005052-4114-3616-ccef-0127103fb075,2006,2006.0,,,40.405
62,2024,ARI,K,K,5.0,RES,Matt Prater,Matt,Prater,1984-08-10,70.0,201,Central Florida,00-0023853,11122,67f5e782-f91c-4536-9818-cf4a0e7e821d,8565,5051,3471,,549,17,18,"https://static.www.nfl.com/image/upload/f_auto,q_auto/league/mwlrdghrm5chsum2kzic",,17,REG,R48,Matt,PRA143616,31446,32005052-4114-3616-ccef-0127103fb075,2006,2006.0,,,40.383
63,2024,ARI,K,K,5.0,ACT,Matt Prater,Matt,Prater,1984-08-10,70.0,201,Central Florida,00-0023853,11122,67f5e782-f91c-4536-9818-cf4a0e7e821d,8565,5051,3471,,549,17,18,"https://static.www.nfl.com/image/upload/f_auto,q_auto/league/mwlrdghrm5chsum2kzic",,4,REG,A01,Matt,PRA143616,31446,32005052-4114-3616-ccef-0127103fb075,2006,2006.0,,,40.137
621,2024,ARI,LS,LS,46.0,ACT,Aaron Brewer,Aaron,Brewer,1990-07-05,77.0,232,San Diego State,00-0028946,15241,99149c69-e14f-4e05-9c3a-8ae7e3b1f00b,25976,8543,7301,,14042,1122,12,"https://static.www.nfl.com/image/upload/f_auto,q_auto/league/jyuyqxrvpdiyvdzbnnzb",,13,REG,A01,Aaron,BRE611741,38897,32004252-4561-1741-8e18-114a5262818a,2012,2012.0,,,34.409
622,2024,ARI,LS,LS,46.0,ACT,Aaron Brewer,Aaron,Brewer,1990-07-05,77.0,232,San Diego State,00-0028946,15241,99149c69-e14f-4e05-9c3a-8ae7e3b1f00b,25976,8543,7301,,14042,1122,12,"https://static.www.nfl.com/image/upload/f_auto,q_auto/league/jyuyqxrvpdiyvdzbnnzb",,16,REG,A01,Aaron,BRE611741,38897,32004252-4561-1741-8e18-114a5262818a,2012,2012.0,,,34.467
623,2024,ARI,LS,LS,46.0,ACT,Aaron Brewer,Aaron,Brewer,1990-07-05,77.0,232,San Diego State,00-0028946,15241,99149c69-e14f-4e05-9c3a-8ae7e3b1f00b,25976,8543,7301,,14042,1122,12,"https://static.www.nfl.com/image/upload/f_auto,q_auto/league/jyuyqxrvpdiyvdzbnnzb",,3,REG,A01,Aaron,BRE611741,38897,32004252-4561-1741-8e18-114a5262818a,2012,2012.0,,,34.218
624,2024,ARI,LS,LS,46.0,ACT,Aaron Brewer,Aaron,Brewer,1990-07-05,77.0,232,San Diego State,00-0028946,15241,99149c69-e14f-4e05-9c3a-8ae7e3b1f00b,25976,8543,7301,,14042,1122,12,"https://static.www.nfl.com/image/upload/f_auto,q_auto/league/jyuyqxrvpdiyvdzbnnzb",,15,REG,A01,Aaron,BRE611741,38897,32004252-4561-1741-8e18-114a5262818a,2012,2012.0,,,34.448
625,2024,ARI,LS,LS,46.0,ACT,Aaron Brewer,Aaron,Brewer,1990-07-05,77.0,232,San Diego State,00-0028946,15241,99149c69-e14f-4e05-9c3a-8ae7e3b1f00b,25976,8543,7301,,14042,1122,12,"https://static.www.nfl.com/image/upload/f_auto,q_auto/league/jyuyqxrvpdiyvdzbnnzb",,9,REG,A01,Aaron,BRE611741,38897,32004252-4561-1741-8e18-114a5262818a,2012,2012.0,,,34.333
626,2024,ARI,LS,LS,46.0,ACT,Aaron Brewer,Aaron,Brewer,1990-07-05,77.0,232,San Diego State,00-0028946,15241,99149c69-e14f-4e05-9c3a-8ae7e3b1f00b,25976,8543,7301,,14042,1122,12,"https://static.www.nfl.com/image/upload/f_auto,q_auto/league/jyuyqxrvpdiyvdzbnnzb",,6,REG,A01,Aaron,BRE611741,38897,32004252-4561-1741-8e18-114a5262818a,2012,2012.0,,,34.275
627,2024,ARI,LS,LS,46.0,ACT,Aaron Brewer,Aaron,Brewer,1990-07-05,77.0,232,San Diego State,00-0028946,15241,99149c69-e14f-4e05-9c3a-8ae7e3b1f00b,25976,8543,7301,,14042,1122,12,"https://static.www.nfl.com/image/upload/f_auto,q_auto/league/jyuyqxrvpdiyvdzbnnzb",,12,REG,A01,Aaron,BRE611741,38897,32004252-4561-1741-8e18-114a5262818a,2012,2012.0,,,34.39
628,2024,ARI,LS,LS,46.0,ACT,Aaron Brewer,Aaron,Brewer,1990-07-05,77.0,232,San Diego State,00-0028946,15241,99149c69-e14f-4e05-9c3a-8ae7e3b1f00b,25976,8543,7301,,14042,1122,12,"https://static.www.nfl.com/image/upload/f_auto,q_auto/league/jyuyqxrvpdiyvdzbnnzb",,8,REG,A01,Aaron,BRE611741,38897,32004252-4561-1741-8e18-114a5262818a,2012,2012.0,,,34.313
629,2024,ARI,LS,LS,46.0,ACT,Aaron Brewer,Aaron,Brewer,1990-07-05,77.0,232,San Diego State,00-0028946,15241,99149c69-e14f-4e05-9c3a-8ae7e3b1f00b,25976,8543,7301,,14042,1122,12,"https://static.www.nfl.com/image/upload/f_auto,q_auto/league/jyuyqxrvpdiyvdzbnnzb",,18,REG,A01,Aaron,BRE611741,38897,32004252-4561-1741-8e18-114a5262818a,2012,2012.0,,,34.505
630,2024,ARI,LS,LS,46.0,ACT,Aaron Brewer,Aaron,Brewer,1990-07-05,77.0,232,San Diego State,00-0028946,15241,99149c69-e14f-4e05-9c3a-8ae7e3b1f00b,25976,8543,7301,,14042,1122,12,"https://static.www.nfl.com/image/upload/f_auto,q_auto/league/jyuyqxrvpdiyvdzbnnzb",,17,REG,A01,Aaron,BRE611741,38897,32004252-4561-1741-8e18-114a5262818a,2012,2012.0,,,34.483
631,2024,ARI,LS,LS,46.0,ACT,Aaron Brewer,Aaron,Brewer,1990-07-05,77.0,232,San Diego State,00-0028946,15241,99149c69-e14f-4e05-9c3a-8ae7e3b1f00b,25976,8543,7301,,14042,1122,12,"https://static.www.nfl.com/image/upload/f_auto,q_auto/league/jyuyqxrvpdiyvdzbnnzb",,4,REG,A01,Aaron,BRE611741,38897,32004252-4561-1741-8e18-114a5262818a,2012,2012.0,,,34.237
632,2024,ARI,LS,LS,46.0,ACT,Aaron Brewer,Aaron,Brewer,1990-07-05,77.0,232,San Diego State,00-0028946,15241,99149c69-e14f-4e05-9c3a-8ae7e3b1f00b,25976,8543,7301,,14042,1122,12,"https://static.www.nfl.com/image/upload/f_auto,q_auto/league/jyuyqxrvpdiyvdzbnnzb",,10,REG,A01,Aaron,BRE611741,38897,32004252-4561-1741-8e18-114a5262818a,2012,2012.0,,,34.352
633,2024,ARI,LS,LS,46.0,ACT,Aaron Brewer,Aaron,Brewer,1990-07-05,77.0,232,San Diego State,00-0028946,15241,99149c69-e14f-4e05-9c3a-8ae7e3b1f00b,25976,8543,7301,,14042,1122,12,"https://static.www.nfl.com/image/upload/f_auto,q_auto/league/jyuyqxrvpdiyvdzbnnzb",,5,REG,A01,Aaron,BRE611741,38897,32004252-4561-1741-8e18-114a5262818a,2012,2012.0,,,34.256
634,2024,ARI,LS,LS,46.0,ACT,Aaron Brewer,Aaron,Brewer,1990-07-05,77.0,232,San Diego State,00-0028946,15241,99149c69-e14f-4e05-9c3a-8ae7e3b1f00b,25976,8543,7301,,14042,1122,12,"https://static.www.nfl.com/image/upload/f_auto,q_auto/league/jyuyqxrvpdiyvdzbnnzb",,7,REG,A01,Aaron,BRE611741,38897,32004252-4561-1741-8e18-114a5262818a,2012,2012.0,,,34.297
635,2024,ARI,LS,LS,46.0,ACT,Aaron Brewer,Aaron,Brewer,1990-07-05,77.0,232,San Diego State,00-0028946,15241,99149c69-e14f-4e05-9c3a-8ae7e3b1f00b,25976,8543,7301,,14042,1122,12,"https://static.www.nfl.com/image/upload/f_auto,q_auto/league/jyuyqxrvpdiyvdzbnnzb",,2,REG,A01,Aaron,BRE611741,38897,32004252-4561-1741-8e18-114a5262818a,2012,2012.0,,,34.198
636,2024,ARI,LS,LS,46.0,ACT,Aaron Brewer,Aaron,Brewer,1990-07-05,77.0,232,San Diego State,00-0028946,15241,99149c69-e14f-4e05-9c3a-8ae7e3b1f00b,25976,8543,7301,,14042,1122,12,"https://static.www.nfl.com/image/upload/f_auto,q_auto/league/jyuyqxrvpdiyvdzbnnzb",,14,REG,A01,Aaron,BRE611741,38897,32004252-4561-1741-8e18-114a5262818a,2012,2012.0,,,34.428
637,2024,ARI,LS,LS,46.0,ACT,Aaron Brewer,Aaron,Brewer,1990-07-05,77.0,232,San Diego State,00-0028946,15241,99149c69-e14f-4e05-9c3a-8ae7e3b1f00b,25976,8543,7301,,14042,1122,12,"https://static.www.nfl.com/image/upload/f_auto,q_auto/league/jyuyqxrvpdiyvdzbnnzb",,1,REG,A01,Aaron,BRE611741,38897,32004252-4561-1741-8e18-114a5262818a,2012,2012.0,,,34.179
712,2024,ARI,OL,T,68.0,ACT,Kelvin Beachum,Kelvin,Beachum,1989-06-08,75.0,308,Southern Methodist,00-0029316,,,,,,,,,12,"https://static.www.nfl.com/image/upload/f_auto,q_auto/league/eqac6lsxo5f2lyzcnmzu",T,7,REG,A01,Kelvin,BEA111513,38779,32004245-4111-1513-5626-cd2b32ceb041,2012,2012.0,PIT,248.0,35.37
713,2024,ARI,OL,T,68.0,ACT,Kelvin Beachum,Kelvin,Beachum,1989-06-08,75.0,308,Southern Methodist,00-0029316,,,,,,,,,12,"https://static.www.nfl.com/image/upload/f_auto,q_auto/league/eqac6lsxo5f2lyzcnmzu",T,10,REG,A01,Kelvin,BEA111513,38779,32004245-4111-1513-5626-cd2b32ceb041,2012,2012.0,PIT,248.0,35.425
714,2024,ARI,OL,T,68.0,INA,Kelvin Beachum,Kelvin,Beachum,1989-06-08,75.0,308,Southern Methodist,00-0029316,,,,,,,,,12,"https://static.www.nfl.com/image/upload/f_auto,q_auto/league/eqac6lsxo5f2lyzcnmzu",,3,REG,I01,Kelvin,BEA111513,38779,32004245-4111-1513-5626-cd2b32ceb041,2012,2012.0,PIT,248.0,35.291
715,2024,ARI,OL,T,68.0,ACT,Kelvin Beachum,Kelvin,Beachum,1989-06-08,75.0,308,Southern Methodist,00-0029316,,,,,,,,,12,"https://static.www.nfl.com/image/upload/f_auto,q_auto/league/eqac6lsxo5f2lyzcnmzu",TE,14,REG,A01,Kelvin,BEA111513,38779,32004245-4111-1513-5626-cd2b32ceb041,2012,2012.0,PIT,248.0,35.502
716,2024,ARI,OL,T,68.0,ACT,Kelvin Beachum,Kelvin,Beachum,1989-06-08,75.0,308,Southern Methodist,00-0029316,,,,,,,,,12,"https://static.www.nfl.com/image/upload/f_auto,q_auto/league/eqac6lsxo5f2lyzcnmzu",T,1,REG,A01,Kelvin,BEA111513,38779,32004245-4111-1513-5626-cd2b32ceb041,2012,2012.0,PIT,248.0,35.253
717,2024,ARI,OL,T,68.0,ACT,Kelvin Beachum,Kelvin,Beachum,1989-06-08,75.0,308,Southern Methodist,00-0029316,,,,,,,,,12,"https://static.www.nfl.com/image/upload/f_auto,q_auto/league/eqac6lsxo5f2lyzcnmzu",T,6,REG,A01,Kelvin,BEA111513,38779,32004245-4111-1513-5626-cd2b32ceb041,2012,2012.0,PIT,248.0,35.348
718,2024,ARI,OL,T,68.0,ACT,Kelvin Beachum,Kelvin,Beachum,1989-06-08,75.0,308,Southern Methodist,00-0029316,,,,,,,,,12,"https://static.www.nfl.com/image/upload/f_auto,q_auto/league/eqac6lsxo5f2lyzcnmzu",TE,13,REG,A01,Kelvin,BEA111513,38779,32004245-4111-1513-5626-cd2b32ceb041,2012,2012.0,PIT,248.0,35.483
719,2024,ARI,OL,T,68.0,ACT,Kelvin Beachum,Kelvin,Beachum,1989-06-08,75.0,308,Southern Methodist,00-0029316,,,,,,,,,12,"https://static.www.nfl.com/image/upload/f_auto,q_auto/league/eqac6lsxo5f2lyzcnmzu",T,5,REG,A01,Kelvin,BEA111513,38779,32004245-4111-1513-5626-cd2b32ceb041,2012,2012.0,PIT,248.0,35.329
720,2024,ARI,OL,T,68.0,ACT,Kelvin Beachum,Kelvin,Beachum,1989-06-08,75.0,308,Southern Methodist,00-0029316,,,,,,,,,12,"https://static.www.nfl.com/image/upload/f_auto,q_auto/league/eqac6lsxo5f2lyzcnmzu",T,16,REG,A01,Kelvin,BEA111513,38779,32004245-4111-1513-5626-cd2b32ceb041,2012,2012.0,PIT,248.0,35.54
721,2024,ARI,OL,T,68.0,ACT,Kelvin Beachum,Kelvin,Beachum,1989-06-08,75.0,308,Southern Methodist,00-0029316,,,,,,,,,12,"https://static.www.nfl.com/image/upload/f_auto,q_auto/league/eqac6lsxo5f2lyzcnmzu",T,4,REG,A01,Kelvin,BEA111513,38779,32004245-4111-1513-5626-cd2b32ceb041,2012,2012.0,PIT,248.0,35.31
722,2024,ARI,OL,T,68.0,ACT,Kelvin Beachum,Kelvin,Beachum,1989-06-08,75.0,308,Southern Methodist,00-0029316,,,,,,,,,12,"https://static.www.nfl.com/image/upload/f_auto,q_auto/league/eqac6lsxo5f2lyzcnmzu",T,18,REG,A01,Kelvin,BEA111513,38779,32004245-4111-1513-5626-cd2b32ceb041,2012,2012.0,PIT,248.0,35.578
723,2024,ARI,OL,T,68.0,ACT,Kelvin Beachum,Kelvin,Beachum,1989-06-08,75.0,308,Southern Methodist,00-0029316,,,,,,,,,12,"https://static.www.nfl.com/image/upload/f_auto,q_auto/league/eqac6lsxo5f2lyzcnmzu",T,2,REG,A01,Kelvin,BEA111513,38779,32004245-4111-1513-5626-cd2b32ceb041,2012,2012.0,PIT,248.0,35.272
724,2024,ARI,OL,T,68.0,ACT,Kelvin Beachum,Kelvin,Beachum,1989-06-08,75.0,308,Southern Methodist,00-0029316,,,,,,,,,12,"https://static.www.nfl.com/image/upload/f_auto,q_auto/league/eqac6lsxo5f2lyzcnmzu",T,8,REG,A01,Kelvin,BEA111513,38779,32004245-4111-1513-5626-cd2b32ceb041,2012,2012.0,PIT,248.0,35.387
725,2024,ARI,OL,T,68.0,ACT,Kelvin Beachum,Kelvin,Beachum,1989-06-08,75.0,308,Southern Methodist,00-0029316,,,,,,,,,12,"https://static.www.nfl.com/image/upload/f_auto,q_auto/league/eqac6lsxo5f2lyzcnmzu",TE,15,REG,A01,Kelvin,BEA111513,38779,32004245-4111-1513-5626-cd2b32ceb041,2012,2012.0,PIT,248.0,35.521
726,2024,ARI,OL,T,68.0,ACT,Kelvin Beachum,Kelvin,Beachum,1989-06-08,75.0,308,Southern Methodist,00-0029316,,,,,,,,,12,"https://static.www.nfl.com/image/upload/f_auto,q_auto/league/eqac6lsxo5f2lyzcnmzu",T,17,REG,A01,Kelvin,BEA111513,38779,32004245-4111-1513-5626-cd2b32ceb041,2012,2012.0,PIT,248.0,35.556
727,2024,ARI,OL,T,68.0,ACT,Kelvin Beachum,Kelvin,Beachum,1989-06-08,75.0,308,Southern Methodist,00-0029316,,,,,,,,,12,"https://static.www.nfl.com/image/upload/f_auto,q_auto/league/eqac6lsxo5f2lyzcnmzu",,12,REG,A01,Kelvin,BEA111513,38779,32004245-4111-1513-5626-cd2b32ceb041,2012,2012.0,PIT,248.0,35.463
728,2024,ARI,OL,T,68.0,ACT,Kelvin Beachum,Kelvin,Beachum,1989-06-08,75.0,308,Southern Methodist,00-0029316,,,,,,,,,12,"https://static.www.nfl.com/image/upload/f_auto,q_auto/league/eqac6lsxo5f2lyzcnmzu",T,9,REG,A01,Kelvin,BEA111513,38779,32004245-4111-1513-5626-cd2b32ceb041,2012,2012.0,PIT,248.0,35.406
1906,2024,ARI,P,P,10.0,ACT,Michael Palardy,Michael,Palardy,1992-07-06,71.0,200,Tennessee,00-0031363,17475,5f3cc875-e802-46b2-81ad-3ffb7a3a1662,28292,10053,9277,,17286,2818,10,"https://static.www.nfl.com/image/private/f_auto,q_auto/league/hoxfeahxcb9sbz83nose",,15,REG,A01,Michael,PAL050322,42098,32005041-4c05-0322-2d4d-b3edea08e00c,2014,2014.0,,,32.444
1907,2024,ARI,P,P,10.0,ACT,Michael Palardy,Michael,Palardy,1992-07-06,71.0,200,Tennessee,00-0031363,17475,5f3cc875-e802-46b2-81ad-3ffb7a3a1662,28292,10053,9277,,17286,2818,10,"https://static.www.nfl.com/image/private/f_auto,q_auto/league/hoxfeahxcb9sbz83nose",,17,REG,A01,Michael,PAL050322,42098,32005041-4c05-0322-2d4d-b3edea08e00c,2014,2014.0,,,32.479
1908,2024,ARI,P,P,10.0,ACT,Michael Palardy,Michael,Palardy,1992-07-06,71.0,200,Tennessee,00-0031363,17475,5f3cc875-e802-46b2-81ad-3ffb7a3a1662,28292,10053,9277,,17286,2818,10,"https://static.www.nfl.com/image/private/f_auto,q_auto/league/hoxfeahxcb9sbz83nose",,18,REG,A01,Michael,PAL050322,42098,32005041-4c05-0322-2d4d-b3edea08e00c,2014,2014.0,,,32.501
1909,2024,ARI,P,P,10.0,ACT,Michael Palardy,Michael,Palardy,1992-07-06,71.0,200,Tennessee,00-0031363,17475,5f3cc875-e802-46b2-81ad-3ffb7a3a1662,28292,10053,9277,,17286,2818,10,"https://static.www.nfl.com/image/private/f_auto,q_auto/league/hoxfeahxcb9sbz83nose",,16,REG,A01,Michael,PAL050322,42098,32005041-4c05-0322-2d4d-b3edea08e00c,2014,2014.0,,,32.463
2879,2024,ARI,DL,DT,90.0,DEV,Angelo Blackson,Angelo,Blackson,1992-11-14,76.0,318,Auburn,00-0032107,2574582,e9799059-f592-47e8-aab3-e2027fe7b148,28488,10453,9533,BlacAn00,16861,2405,9,"https://static.www.nfl.com/image/upload/f_auto,q_auto/league/fqkyimdahqjlnqu60zqf",,14,REG,P02,Angelo,BLA326665,42443,3200424c-4132-6665-cd8f-3d01d2e24bcf,2015,2015.0,TEN,100.0,32.066
2880,2024,ARI,DL,DT,90.0,DEV,Angelo Blackson,Angelo,Blackson,1992-11-14,76.0,318,Auburn,00-0032107,2574582,e9799059-f592-47e8-aab3-e2027fe7b148,28488,10453,9533,BlacAn00,16861,2405,9,"https://static.www.nfl.com/image/upload/f_auto,q_auto/league/ductjldtyg8hb7vxnzz5",,2,REG,P07,Angelo,BLA326665,42443,3200424c-4132-6665-cd8f-3d01d2e24bcf,2015,2015.0,TEN,100.0,31.836
2881,2024,ARI,DL,DT,90.0,DEV,Angelo Blackson,Angelo,Blackson,1992-11-14,76.0,318,Auburn,00-0032107,2574582,e9799059-f592-47e8-aab3-e2027fe7b148,28488,10453,9533,BlacAn00,16861,2405,9,"https://static.www.nfl.com/image/upload/f_auto,q_auto/league/fqkyimdahqjlnqu60zqf",,15,REG,P02,Angelo,BLA326665,42443,3200424c-4132-6665-cd8f-3d01d2e24bcf,2015,2015.0,TEN,100.0,32.085
2882,2024,ARI,DL,DT,90.0,DEV,Angelo Blackson,Angelo,Blackson,1992-11-14,76.0,318,Auburn,00-0032107,2574582,e9799059-f592-47e8-aab3-e2027fe7b148,28488,10453,9533,BlacAn00,16861,2405,9,"https://static.www.nfl.com/image/upload/f_auto,q_auto/league/ductjldtyg8hb7vxnzz5",,3,REG,P07,Angelo,BLA326665,42443,3200424c-4132-6665-cd8f-3d01d2e24bcf,2015,2015.0,TEN,100.0,31.855
2883,2024,ARI,DL,DT,90.0,ACT,Angelo Blackson,Angelo,Blackson,1992-11-14,76.0,318,Auburn,00-0032107,2574582,e9799059-f592-47e8-aab3-e2027fe7b148,28488,10453,9533,BlacAn00,16861,2405,9,"https://static.www.nfl.com/image/upload/f_auto,q_auto/league/ductjldtyg8hb7vxnzz5",INTERIOR_LINE,4,REG,A01,Angelo,BLA326665,42443,3200424c-4132-6665-cd8f-3d01d2e24bcf,2015,2015.0,TEN,100.0,31.874
2884,2024,ARI,DL,DT,90.0,DEV,Angelo Blackson,Angelo,Blackson,1992-11-14,76.0,318,Auburn,00-0032107,2574582,e9799059-f592-47e8-aab3-e2027fe7b148,28488,10453,9533,BlacAn00,16861,2405,9,"https://static.www.nfl.com/image/upload/f_auto,q_auto/league/ductjldtyg8hb7vxnzz5",,5,REG,P02,Angelo,BLA326665,42443,3200424c-4132-6665-cd8f-3d01d2e24bcf,2015,2015.0,TEN,100.0,31.893
2885,2024,ARI,DL,DT,90.0,DEV,Angelo Blackson,Angelo,Blackson,1992-11-14,76.0,318,Auburn,00-0032107,2574582,e9799059-f592-47e8-aab3-e2027fe7b148,28488,10453,9533,BlacAn00,16861,2405,9,"https://static.www.nfl.com/image/upload/f_auto,q_auto/league/fqkyimdahqjlnqu60zqf",,6,REG,P02,Angelo,BLA326665,42443,3200424c-4132-6665-cd8f-3d01d2e24bcf,2015,2015.0,TEN,100.0,31.912
2886,2024,ARI,DL,DT,90.0,DEV,Angelo Blackson,Angelo,Blackson,1992-11-14,76.0,318,Auburn,00-0032107,2574582,e9799059-f592-47e8-aab3-e2027fe7b148,28488,10453,9533,BlacAn00,16861,2405,9,"https://static.www.nfl.com/image/upload/f_auto,q_auto/league/fqkyimdahqjlnqu60zqf",,7,REG,P02,Angelo,BLA326665,42443,3200424c-4132-6665-cd8f-3d01d2e24bcf,2015,2015.0,TEN,100.0,31.934
2887,2024,ARI,DL,DT,90.0,DEV,Angelo Blackson,Angelo,Blackson,1992-11-14,76.0,318,Auburn,00-0032107,2574582,e9799059-f592-47e8-aab3-e2027fe7b148,28488,10453,9533,BlacAn00,16861,2405,9,"https://static.www.nfl.com/image/upload/f_auto,q_auto/league/fqkyimdahqjlnqu60zqf",,12,REG,P02,Angelo,BLA326665,42443,3200424c-4132-6665-cd8f-3d01d2e24bcf,2015,2015.0,TEN,100.0,32.027
2888,2024,ARI,DL,DT,90.0,DEV,Angelo Blackson,Angelo,Blackson,1992-11-14,76.0,318,Auburn,00-0032107,2574582,e9799059-f592-47e8-aab3-e2027fe7b148,28488,10453,9533,BlacAn00,16861,2405,9,"https://static.www.nfl.com/image/upload/f_auto,q_auto/league/fqkyimdahqjlnqu60zqf",,16,REG,P02,Angelo,BLA326665,42443,3200424c-4132-6665-cd8f-3d01d2e24bcf,2015,2015.0,TEN,100.0,32.104
2889,2024,ARI,DL,DT,90.0,DEV,Angelo Blackson,Angelo,Blackson,1992-11-14,76.0,318,Auburn,00-0032107,2574582,e9799059-f592-47e8-aab3-e2027fe7b148,28488,10453,9533,BlacAn00,16861,2405,9,"https://static.www.nfl.com/image/upload/f_auto,q_auto/league/fqkyimdahqjlnqu60zqf",,17,REG,P02,Angelo,BLA326665,42443,3200424c-4132-6665-cd8f-3d01d2e24bcf,2015,2015.0,TEN,100.0,32.12
2890,2024,ARI,DL,DT,90.0,DEV,Angelo Blackson,Angelo,Blackson,1992-11-14,76.0,318,Auburn,00-0032107,2574582,e9799059-f592-47e8-aab3-e2027fe7b148,28488,10453,9533,BlacAn00,16861,2405,9,"https://static.www.nfl.com/image/upload/f_auto,q_auto/league/fqkyimdahqjlnqu60zqf",,13,REG,P02,Angelo,BLA326665,42443,3200424c-4132-6665-cd8f-3d01d2e24bcf,2015,2015.0,TEN,100.0,32.047
2891,2024,ARI,DL,DT,90.0,DEV,Angelo Blackson,Angelo,Blackson,1992-11-14,76.0,318,Auburn,00-0032107,2574582,e9799059-f592-47e8-aab3-e2027fe7b148,28488,10453,9533,BlacAn00,16861,2405,9,"https://static.www.nfl.com/image/upload/f_auto,q_auto/league/fqkyimdahqjlnqu60zqf",,8,REG,P02,Angelo,BLA326665,42443,3200424c-4132-6665-cd8f-3d01d2e24bcf,2015,2015.0,TEN,100.0,31.951
2893,2024,ARI,DL,DT,90.0,DEV,Angelo Blackson,Angelo,Blackson,1992-11-14,76.0,318,Auburn,00-0032107,2574582,e9799059-f592-47e8-aab3-e2027fe7b148,28488,10453,9533,BlacAn00,16861,2405,9,"https://static.www.nfl.com/image/upload/f_auto,q_auto/league/fqkyimdahqjlnqu60zqf",,18,REG,P02,Angelo,BLA326665,42443,3200424c-4132-6665-cd8f-3d01d2e24bcf,2015,2015.0,TEN,100.0,32.142
2894,2024,ARI,DL,DT,90.0,DEV,Angelo Blackson,Angelo,Blackson,1992-11-14,76.0,318,Auburn,00-0032107,2574582,e9799059-f592-47e8-aab3-e2027fe7b148,28488,10453,9533,BlacAn00,16861,2405,9,"https://static.www.nfl.com/image/upload/f_auto,q_auto/league/fqkyimdahqjlnqu60zqf",,9,REG,P02,Angelo,BLA326665,42443,3200424c-4132-6665-cd8f-3d01d2e24bcf,2015,2015.0,TEN,100.0,31.97
2895,2024,ARI,DL,DT,90.0,DEV,Angelo Blackson,Angelo,Blackson,1992-11-14,76.0,318,Auburn,00-0032107,2574582,e9799059-f592-47e8-aab3-e2027fe7b148,28488,10453,9533,BlacAn00,16861,2405,9,"https://static.www.nfl.com/image/upload/f_auto,q_auto/league/fqkyimdahqjlnqu60zqf",,10,REG,P02,Angelo,BLA326665,42443,3200424c-4132-6665-cd8f-3d01d2e24bcf,2015,2015.0,TEN,100.0,31.989
3491,2024,ARI,WR,WR,10.0,DEV,Chris Moore,Christopher,Moore,1993-06-16,73.0,200,Cincinnati,00-0032398,2576581,0b504d67-639b-4ba8-979a-498a3086257b,29341,10994,10741,MoorCh00,18030,3269,8,"https://static.www.nfl.com/image/upload/f_auto,q_auto/league/dzzwxblkzpxnauo9iwhi",,9,REG,P07,Chris,MOO226734,43396,32004d4f-4f22-6734-ca64-de14861965f9,2016,2016.0,BAL,107.0,31.384
3493,2024,ARI,WR,WR,10.0,ACT,Chris Moore,Christopher,Moore,1993-06-16,73.0,200,Cincinnati,00-0032398,2576581,0b504d67-639b-4ba8-979a-498a3086257b,29341,10994,10741,MoorCh00,18030,3269,8,"https://static.www.nfl.com/image/upload/f_auto,q_auto/league/dzzwxblkzpxnauo9iwhi",WR,4,REG,A01,Chris,MOO226734,43396,32004d4f-4f22-6734-ca64-de14861965f9,2016,2016.0,BAL,107.0,31.288
3494,2024,ARI,WR,WR,10.0,ACT,Chris Moore,Christopher,Moore,1993-06-16,73.0,200,Cincinnati,00-0032398,2576581,0b504d67-639b-4ba8-979a-498a3086257b,29341,10994,10741,MoorCh00,18030,3269,8,"https://static.www.nfl.com/image/upload/f_auto,q_auto/league/dzzwxblkzpxnauo9iwhi",WR,5,REG,A01,Chris,MOO226734,43396,32004d4f-4f22-6734-ca64-de14861965f9,2016,2016.0,BAL,107.0,31.307
3496,2024,ARI,WR,WR,10.0,ACT,Chris Moore,Christopher,Moore,1993-06-16,73.0,200,Cincinnati,00-0032398,2576581,0b504d67-639b-4ba8-979a-498a3086257b,29341,10994,10741,MoorCh00,18030,3269,8,"https://static.www.nfl.com/image/upload/f_auto,q_auto/league/dzzwxblkzpxnauo9iwhi",SLOT_WR,1,REG,A01,Chris,MOO226734,43396,32004d4f-4f22-6734-ca64-de14861965f9,2016,2016.0,BAL,107.0,31.231
3497,2024,ARI,WR,WR,10.0,ACT,Chris Moore,Christopher,Moore,1993-06-16,73.0,200,Cincinnati,00-0032398,2576581,0b504d67-639b-4ba8-979a-498a3086257b,29341,10994,10741,MoorCh00,18030,3269,8,"https://static.www.nfl.com/image/upload/f_auto,q_auto/league/dzzwxblkzpxnauo9iwhi",WR,2,REG,A01,Chris,MOO226734,43396,32004d4f-4f22-6734-ca64-de14861965f9,2016,2016.0,BAL,107.0,31.25
3498,2024,ARI,WR,WR,10.0,DEV,Chris Moore,Christopher,Moore,1993-06-16,73.0,200,Cincinnati,00-0032398,2576581,0b504d67-639b-4ba8-979a-498a3086257b,29341,10994,10741,MoorCh00,18030,3269,8,"https://static.www.nfl.com/image/upload/f_auto,q_auto/league/dzzwxblkzpxnauo9iwhi",,7,REG,P07,Chris,MOO226734,43396,32004d4f-4f22-6734-ca64-de14861965f9,2016,2016.0,BAL,107.0,31.348
3499,2024,ARI,WR,WR,10.0,DEV,Chris Moore,Christopher,Moore,1993-06-16,73.0,200,Cincinnati,00-0032398,2576581,0b504d67-639b-4ba8-979a-498a3086257b,29341,10994,10741,MoorCh00,18030,3269,8,"https://static.www.nfl.com/image/upload/f_auto,q_auto/league/dzzwxblkzpxnauo9iwhi",,6,REG,P07,Chris,MOO226734,43396,32004d4f-4f22-6734-ca64-de14861965f9,2016,2016.0,BAL,107.0,31.326
3500,2024,ARI,WR,WR,10.0,DEV,Chris Moore,Christopher,Moore,1993-06-16,73.0,200,Cincinnati,00-0032398,2576581,0b504d67-639b-4ba8-979a-498a3086257b,29341,10994,10741,MoorCh00,18030,3269,8,"https://static.www.nfl.com/image/upload/f_auto,q_auto/league/dzzwxblkzpxnauo9iwhi",,8,REG,P07,Chris,MOO226734,43396,32004d4f-4f22-6734-ca64-de14861965f9,2016,2016.0,BAL,107.0,31.365
3501,2024,ARI,WR,WR,10.0,CUT,Chris Moore,Christopher,Moore,1993-06-16,73.0,200,Cincinnati,00-0032398,2576581,0b504d67-639b-4ba8-979a-498a3086257b,29341,10994,10741,MoorCh00,18030,3269,8,"https://static.www.nfl.com/image/upload/f_auto,q_auto/league/dzzwxblkzpxnauo9iwhi",,10,REG,P07,Chris,MOO226734,43396,32004d4f-4f22-6734-ca64-de14861965f9,2016,2016.0,BAL,107.0,31.403
3503,2024,ARI,WR,WR,10.0,ACT,Chris Moore,Christopher,Moore,1993-06-16,73.0,200,Cincinnati,00-0032398,2576581,0b504d67-639b-4ba8-979a-498a3086257b,29341,10994,10741,MoorCh00,18030,3269,8,"https://static.www.nfl.com/image/upload/f_auto,q_auto/league/dzzwxblkzpxnauo9iwhi",WR,3,REG,A01,Chris,MOO226734,43396,32004d4f-4f22-6734-ca64-de14861965f9,2016,2016.0,BAL,107.0,31.269
5014,2024,ARI,WR,WR,0.0,ACT,Zach Pascal,Zachary,Pascal,1994-12-18,74.0,214,Old Dominion,00-0033251,2978109,7fc949b6-a1cb-4f9d-a06d-b65773409a44,30502,11868,12303,PascZa00,19172,4319,7,"https://static.www.nfl.com/image/upload/f_auto,q_auto/league/pfhgz8ofqgoubhnuqtme",WR,5,REG,A01,Zach,PAS035497,45102,32005041-5303-5497-62e8-1fb281a506b7,2017,2017.0,,,29.802
5015,2024,ARI,WR,WR,0.0,ACT,Zach Pascal,Zachary,Pascal,1994-12-18,74.0,214,Old Dominion,00-0033251,2978109,7fc949b6-a1cb-4f9d-a06d-b65773409a44,30502,11868,12303,PascZa00,19172,4319,7,"https://static.www.nfl.com/image/upload/f_auto,q_auto/league/pfhgz8ofqgoubhnuqtme",WR,6,REG,A01,Zach,PAS035497,45102,32005041-5303-5497-62e8-1fb281a506b7,2017,2017.0,,,29.821
5016,2024,ARI,WR,WR,0.0,ACT,Zach Pascal,Zachary,Pascal,1994-12-18,74.0,214,Old Dominion,00-0033251,2978109,7fc949b6-a1cb-4f9d-a06d-b65773409a44,30502,11868,12303,PascZa00,19172,4319,7,"https://static.www.nfl.com/image/upload/f_auto,q_auto/league/pfhgz8ofqgoubhnuqtme",SLOT_WR,4,REG,A01,Zach,PAS035497,45102,32005041-5303-5497-62e8-1fb281a506b7,2017,2017.0,,,29.782
5017,2024,ARI,WR,WR,0.0,ACT,Zach Pascal,Zachary,Pascal,1994-12-18,74.0,214,Old Dominion,00-0033251,2978109,7fc949b6-a1cb-4f9d-a06d-b65773409a44,30502,11868,12303,PascZa00,19172,4319,7,"https://static.www.nfl.com/image/upload/f_auto,q_auto/league/pfhgz8ofqgoubhnuqtme",SLOT_WR,12,REG,A01,Zach,PAS035497,45102,32005041-5303-5497-62e8-1fb281a506b7,2017,2017.0,,,29.936
5018,2024,ARI,WR,WR,0.0,ACT,Zach Pascal,Zachary,Pascal,1994-12-18,74.0,214,Old Dominion,00-0033251,2978109,7fc949b6-a1cb-4f9d-a06d-b65773409a44,30502,11868,12303,PascZa00,19172,4319,7,"https://static.www.nfl.com/image/upload/f_auto,q_auto/league/pfhgz8ofqgoubhnuqtme",,17,REG,A01,Zach,PAS035497,45102,32005041-5303-5497-62e8-1fb281a506b7,2017,2017.0,,,30.029
5019,2024,ARI,WR,WR,0.0,ACT,Zach Pascal,Zachary,Pascal,1994-12-18,74.0,214,Old Dominion,00-0033251,2978109,7fc949b6-a1cb-4f9d-a06d-b65773409a44,30502,11868,12303,PascZa00,19172,4319,7,"https://static.www.nfl.com/image/upload/f_auto,q_auto/league/pfhgz8ofqgoubhnuqtme",WR,9,REG,A01,Zach,PAS035497,45102,32005041-5303-5497-62e8-1fb281a506b7,2017,2017.0,,,29.878
5020,2024,ARI,WR,WR,0.0,ACT,Zach Pascal,Zachary,Pascal,1994-12-18,74.0,214,Old Dominion,00-0033251,2978109,7fc949b6-a1cb-4f9d-a06d-b65773409a44,30502,11868,12303,PascZa00,19172,4319,7,"https://static.www.nfl.com/image/upload/f_auto,q_auto/league/pfhgz8ofqgoubhnuqtme",WR,2,REG,A01,Zach,PAS035497,45102,32005041-5303-5497-62e8-1fb281a506b7,2017,2017.0,,,29.744
5021,2024,ARI,WR,WR,0.0,ACT,Zach Pascal,Zachary,Pascal,1994-12-18,74.0,214,Old Dominion,00-0033251,2978109,7fc949b6-a1cb-4f9d-a06d-b65773409a44,30502,11868,12303,PascZa00,19172,4319,7,"https://static.www.nfl.com/image/upload/f_auto,q_auto/league/pfhgz8ofqgoubhnuqtme",,13,REG,A01,Zach,PAS035497,45102,32005041-5303-5497-62e8-1fb281a506b7,2017,2017.0,,,29.955
5022,2024,ARI,WR,WR,0.0,ACT,Zach Pascal,Zachary,Pascal,1994-12-18,74.0,214,Old Dominion,00-0033251,2978109,7fc949b6-a1cb-4f9d-a06d-b65773409a44,30502,11868,12303,PascZa00,19172,4319,7,"https://static.www.nfl.com/image/upload/f_auto,q_auto/league/pfhgz8ofqgoubhnuqtme",WR,1,REG,A01,Zach,PAS035497,45102,32005041-5303-5497-62e8-1fb281a506b7,2017,2017.0,,,29.725
5023,2024,ARI,WR,WR,0.0,ACT,Zach Pascal,Zachary,Pascal,1994-12-18,74.0,214,Old Dominion,00-0033251,2978109,7fc949b6-a1cb-4f9d-a06d-b65773409a44,30502,11868,12303,PascZa00,19172,4319,7,"https://static.www.nfl.com/image/upload/f_auto,q_auto/league/pfhgz8ofqgoubhnuqtme",WR,8,REG,A01,Zach,PAS035497,45102,32005041-5303-5497-62e8-1fb281a506b7,2017,2017.0,,,29.859
5024,2024,ARI,WR,WR,0.0,ACT,Zach Pascal,Zachary,Pascal,1994-12-18,74.0,214,Old Dominion,00-0033251,2978109,7fc949b6-a1cb-4f9d-a06d-b65773409a44,30502,11868,12303,PascZa00,19172,4319,7,"https://static.www.nfl.com/image/upload/f_auto,q_auto/league/pfhgz8ofqgoubhnuqtme",WR,15,REG,A01,Zach,PAS035497,45102,32005041-5303-5497-62e8-1fb281a506b7,2017,2017.0,,,29.993
5025,2024,ARI,WR,WR,0.0,ACT,Zach Pascal,Zachary,Pascal,1994-12-18,74.0,214,Old Dominion,00-0033251,2978109,7fc949b6-a1cb-4f9d-a06d-b65773409a44,30502,11868,12303,PascZa00,19172,4319,7,"https://static.www.nfl.com/image/upload/f_auto,q_auto/league/pfhgz8ofqgoubhnuqtme",WR,10,REG,A01,Zach,PAS035497,45102,32005041-5303-5497-62e8-1fb281a506b7,2017,2017.0,,,29.897
5026,2024,ARI,WR,WR,0.0,ACT,Zach Pascal,Zachary,Pascal,1994-12-18,74.0,214,Old Dominion,00-0033251,2978109,7fc949b6-a1cb-4f9d-a06d-b65773409a44,30502,11868,12303,PascZa00,19172,4319,7,"https://static.www.nfl.com/image/upload/f_auto,q_auto/league/pfhgz8ofqgoubhnuqtme",WR,18,REG,A01,Zach,PAS035497,45102,32005041-5303-5497-62e8-1fb281a506b7,2017,2017.0,,,30.051
5027,2024,ARI,WR,WR,0.0,ACT,Zach Pascal,Zachary,Pascal,1994-12-18,74.0,214,Old Dominion,00-0033251,2978109,7fc949b6-a1cb-4f9d-a06d-b65773409a44,30502,11868,12303,PascZa00,19172,4319,7,"https://static.www.nfl.com/image/upload/f_auto,q_auto/league/pfhgz8ofqgoubhnuqtme",WR,7,REG,A01,Zach,PAS035497,45102,32005041-5303-5497-62e8-1fb281a506b7,2017,2017.0,,,29.843
5028,2024,ARI,WR,WR,0.0,ACT,Zach Pascal,Zachary,Pascal,1994-12-18,74.0,214,Old Dominion,00-0033251,2978109,7fc949b6-a1cb-4f9d-a06d-b65773409a44,30502,11868,12303,PascZa00,19172,4319,7,"https://static.www.nfl.com/image/upload/f_auto,q_auto/league/pfhgz8ofqgoubhnuqtme",RB,14,REG,A01,Zach,PAS035497,45102,32005041-5303-5497-62e8-1fb281a506b7,2017,2017.0,,,29.974
5029,2024,ARI,WR,WR,0.0,ACT,Zach Pascal,Zachary,Pascal,1994-12-18,74.0,214,Old Dominion,00-0033251,2978109,7fc949b6-a1cb-4f9d-a06d-b65773409a44,30502,11868,12303,PascZa00,19172,4319,7,"https://static.www.nfl.com/image/upload/f_auto,q_auto/league/pfhgz8ofqgoubhnuqtme",WR,3,REG,A01,Zach,PAS035497,45102,32005041-5303-5497-62e8-1fb281a506b7,2017,2017.0,,,29.763
5030,2024,ARI,WR,WR,0.0,ACT,Zach Pascal,Zachary,Pascal,1994-12-18,74.0,214,Old Dominion,00-0033251,2978109,7fc949b6-a1cb-4f9d-a06d-b65773409a44,30502,11868,12303,PascZa00,19172,4319,7,"https://static.www.nfl.com/image/upload/f_auto,q_auto/league/pfhgz8ofqgoubhnuqtme",,16,REG,A01,Zach,PAS035497,45102,32005041-5303-5497-62e8-1fb281a506b7,2017,2017.0,,,30.012
5831,2024,ARI,RB,RB,6.0,RES,James Conner,James,Conner,1995-05-05,73.0,233,Pittsburgh,00-0033553,3045147,28a084c0-14df-499f-bd1f-b975603626b7,30218,11691,11860,ConnJa00,18983,4137,7,"https://static.www.nfl.com/image/upload/f_auto,q_auto/league/rtvys5j7sxjrlbpy5iim",,18,REG,R01,James,CON461999,44917,3200434f-4e46-1999-59e9-253cedeec3a5,2017,2017.0,PIT,105.0,29.673
5832,2024,ARI,RB,RB,6.0,ACT,James Conner,James,Conner,1995-05-05,73.0,233,Pittsburgh,00-0033553,3045147,28a084c0-14df-499f-bd1f-b975603626b7,30218,11691,11860,ConnJa00,18983,4137,7,"https://static.www.nfl.com/image/upload/f_auto,q_auto/league/rtvys5j7sxjrlbpy5iim",RB,3,REG,A01,James,CON461999,44917,3200434f-4e46-1999-59e9-253cedeec3a5,2017,2017.0,PIT,105.0,29.385
5833,2024,ARI,RB,RB,6.0,ACT,James Conner,James,Conner,1995-05-05,73.0,233,Pittsburgh,00-0033553,3045147,28a084c0-14df-499f-bd1f-b975603626b7,30218,11691,11860,ConnJa00,18983,4137,7,"https://static.www.nfl.com/image/upload/f_auto,q_auto/league/rtvys5j7sxjrlbpy5iim",RB,15,REG,A01,James,CON461999,44917,3200434f-4e46-1999-59e9-253cedeec3a5,2017,2017.0,PIT,105.0,29.615
5834,2024,ARI,RB,RB,6.0,ACT,James Conner,James,Conner,1995-05-05,73.0,233,Pittsburgh,00-0033553,3045147,28a084c0-14df-499f-bd1f-b975603626b7,30218,11691,11860,ConnJa00,18983,4137,7,"https://static.www.nfl.com/image/upload/f_auto,q_auto/league/rtvys5j7sxjrlbpy5iim",RB,4,REG,A01,James,CON461999,44917,3200434f-4e46-1999-59e9-253cedeec3a5,2017,2017.0,PIT,105.0,29.405
5835,2024,ARI,RB,RB,6.0,ACT,James Conner,James,Conner,1995-05-05,73.0,233,Pittsburgh,00-0033553,3045147,28a084c0-14df-499f-bd1f-b975603626b7,30218,11691,11860,ConnJa00,18983,4137,7,"https://static.www.nfl.com/image/upload/f_auto,q_auto/league/rtvys5j7sxjrlbpy5iim",RB,17,REG,A01,James,CON461999,44917,3200434f-4e46-1999-59e9-253cedeec3a5,2017,2017.0,PIT,105.0,29.651
5836,2024,ARI,RB,RB,6.0,ACT,James Conner,James,Conner,1995-05-05,73.0,233,Pittsburgh,00-0033553,3045147,28a084c0-14df-499f-bd1f-b975603626b7,30218,11691,11860,ConnJa00,18983,4137,7,"https://static.www.nfl.com/image/upload/f_auto,q_auto/league/rtvys5j7sxjrlbpy5iim",RB,2,REG,A01,James,CON461999,44917,3200434f-4e46-1999-59e9-253cedeec3a5,2017,2017.0,PIT,105.0,29.366
5837,2024,ARI,RB,RB,6.0,ACT,James Conner,James,Conner,1995-05-05,73.0,233,Pittsburgh,00-0033553,3045147,28a084c0-14df-499f-bd1f-b975603626b7,30218,11691,11860,ConnJa00,18983,4137,7,"https://static.www.nfl.com/image/upload/f_auto,q_auto/league/rtvys5j7sxjrlbpy5iim",RB,12,REG,A01,James,CON461999,44917,3200434f-4e46-1999-59e9-253cedeec3a5,2017,2017.0,PIT,105.0,29.558
5838,2024,ARI,RB,RB,6.0,ACT,James Conner,James,Conner,1995-05-05,73.0,233,Pittsburgh,00-0033553,3045147,28a084c0-14df-499f-bd1f-b975603626b7,30218,11691,11860,ConnJa00,18983,4137,7,"https://static.www.nfl.com/image/upload/f_auto,q_auto/league/rtvys5j7sxjrlbpy5iim",RB,9,REG,A01,James,CON461999,44917,3200434f-4e46-1999-59e9-253cedeec3a5,2017,2017.0,PIT,105.0,29.5
5839,2024,ARI,RB,RB,6.0,ACT,James Conner,James,Conner,1995-05-05,73.0,233,Pittsburgh,00-0033553,3045147,28a084c0-14df-499f-bd1f-b975603626b7,30218,11691,11860,ConnJa00,18983,4137,7,"https://static.www.nfl.com/image/upload/f_auto,q_auto/league/rtvys5j7sxjrlbpy5iim",RB,14,REG,A01,James,CON461999,44917,3200434f-4e46-1999-59e9-253cedeec3a5,2017,2017.0,PIT,105.0,29.596
5840,2024,ARI,RB,RB,6.0,ACT,James Conner,James,Conner,1995-05-05,73.0,233,Pittsburgh,00-0033553,3045147,28a084c0-14df-499f-bd1f-b975603626b7,30218,11691,11860,ConnJa00,18983,4137,7,"https://static.www.nfl.com/image/upload/f_auto,q_auto/league/rtvys5j7sxjrlbpy5iim",RB,8,REG,A01,James,CON461999,44917,3200434f-4e46-1999-59e9-253cedeec3a5,2017,2017.0,PIT,105.0,29.481
5841,2024,ARI,RB,RB,6.0,ACT,James Conner,James,Conner,1995-05-05,73.0,233,Pittsburgh,00-0033553,3045147,28a084c0-14df-499f-bd1f-b975603626b7,30218,11691,11860,ConnJa00,18983,4137,7,"https://static.www.nfl.com/image/upload/f_auto,q_auto/league/rtvys5j7sxjrlbpy5iim",RB,10,REG,A01,James,CON461999,44917,3200434f-4e46-1999-59e9-253cedeec3a5,2017,2017.0,PIT,105.0,29.52
5842,2024,ARI,RB,RB,6.0,ACT,James Conner,James,Conner,1995-05-05,73.0,233,Pittsburgh,00-0033553,3045147,28a084c0-14df-499f-bd1f-b975603626b7,30218,11691,11860,ConnJa00,18983,4137,7,"https://static.www.nfl.com/image/upload/f_auto,q_auto/league/rtvys5j7sxjrlbpy5iim",RB,5,REG,A01,James,CON461999,44917,3200434f-4e46-1999-59e9-253cedeec3a5,2017,2017.0,PIT,105.0,29.424
5843,2024,ARI,RB,RB,6.0,ACT,James Conner,James,Conner,1995-05-05,73.0,233,Pittsburgh,00-0033553,3045147,28a084c0-14df-499f-bd1f-b975603626b7,30218,11691,11860,ConnJa00,18983,4137,7,"https://static.www.nfl.com/image/upload/f_auto,q_auto/league/rtvys5j7sxjrlbpy5iim",RB,6,REG,A01,James,CON461999,44917,3200434f-4e46-1999-59e9-253cedeec3a5,2017,2017.0,PIT,105.0,29.443
5844,2024,ARI,RB,RB,6.0,ACT,James Conner,James,Conner,1995-05-05,73.0,233,Pittsburgh,00-0033553,3045147,28a084c0-14df-499f-bd1f-b975603626b7,30218,11691,11860,ConnJa00,18983,4137,7,"https://static.www.nfl.com/image/upload/f_auto,q_auto/league/rtvys5j7sxjrlbpy5iim",RB,7,REG,A01,James,CON461999,44917,3200434f-4e46-1999-59e9-253cedeec3a5,2017,2017.0,PIT,105.0,29.465
5845,2024,ARI,RB,RB,6.0,ACT,James Conner,James,Conner,1995-05-05,73.0,233,Pittsburgh,00-0033553,3045147,28a084c0-14df-499f-bd1f-b975603626b7,30218,11691,11860,ConnJa00,18983,4137,7,"https://static.www.nfl.com/image/upload/f_auto,q_auto/league/rtvys5j7sxjrlbpy5iim",RB,13,REG,A01,James,CON461999,44917,3200434f-4e46-1999-59e9-253cedeec3a5,2017,2017.0,PIT,105.0,29.577
5846,2024,ARI,RB,RB,6.0,ACT,James Conner,James,Conner,1995-05-05,73.0,233,Pittsburgh,00-0033553,3045147,28a084c0-14df-499f-bd1f-b975603626b7,30218,11691,11860,ConnJa00,18983,4137,7,"https://static.www.nfl.com/image/upload/f_auto,q_auto/league/rtvys5j7sxjrlbpy5iim",RB,1,REG,A01,James,CON461999,44917,3200434f-4e46-1999-59e9-253cedeec3a5,2017,2017.0,PIT,105.0,29.347
5847,2024,ARI,RB,RB,6.0,ACT,James Conner,James,Conner,1995-05-05,73.0,233,Pittsburgh,00-0033553,3045147,28a084c0-14df-499f-bd1f-b975603626b7,30218,11691,11860,ConnJa00,18983,4137,7,"https://static.www.nfl.com/image/upload/f_auto,q_auto/league/rtvys5j7sxjrlbpy5iim",RB,16,REG,A01,James,CON461999,44917,3200434f-4e46-1999-59e9-253cedeec3a5,2017,2017.0,PIT,105.0,29.634
6823,2024,ARI,DB,SS,3.0,ACT,Budda Baker,Budda,Baker,1996-01-10,70.0,195,Washington,00-0033890,3127287,5ce20f3e-0f02-4f53-a2ef-5b076361f2b1,30149,11986,11791,BakeBu00,18927,4081,7,"https://static.www.nfl.com/image/upload/f_auto,q_auto/league/fg0hgiihwwun2qerappu",SAFETY,12,REG,A01,Budda,BAK070449,44848,32004241-4b07-0449-419d-4d7a3da71f8e,2017,2017.0,ARI,36.0,28.873
6824,2024,ARI,DB,SS,3.0,ACT,Budda Baker,Budda,Baker,1996-01-10,70.0,195,Washington,00-0033890,3127287,5ce20f3e-0f02-4f53-a2ef-5b076361f2b1,30149,11986,11791,BakeBu00,18927,4081,7,"https://static.www.nfl.com/image/upload/f_auto,q_auto/league/fg0hgiihwwun2qerappu",SAFETY,1,REG,A01,Budda,BAK070449,44848,32004241-4b07-0449-419d-4d7a3da71f8e,2017,2017.0,ARI,36.0,28.663
6825,2024,ARI,DB,SS,3.0,ACT,Budda Baker,Budda,Baker,1996-01-10,70.0,195,Washington,00-0033890,3127287,5ce20f3e-0f02-4f53-a2ef-5b076361f2b1,30149,11986,11791,BakeBu00,18927,4081,7,"https://static.www.nfl.com/image/upload/f_auto,q_auto/league/fg0hgiihwwun2qerappu",SAFETY,2,REG,A01,Budda,BAK070449,44848,32004241-4b07-0449-419d-4d7a3da71f8e,2017,2017.0,ARI,36.0,28.682
6826,2024,ARI,DB,SS,3.0,ACT,Budda Baker,Budda,Baker,1996-01-10,70.0,195,Washington,00-0033890,3127287,5ce20f3e-0f02-4f53-a2ef-5b076361f2b1,30149,11986,11791,BakeBu00,18927,4081,7,"https://static.www.nfl.com/image/upload/f_auto,q_auto/league/fg0hgiihwwun2qerappu",SAFETY,17,REG,A01,Budda,BAK070449,44848,32004241-4b07-0449-419d-4d7a3da71f8e,2017,2017.0,ARI,36.0,28.966
6827,2024,ARI,DB,SS,3.0,ACT,Budda Baker,Budda,Baker,1996-01-10,70.0,195,Washington,00-0033890,3127287,5ce20f3e-0f02-4f53-a2ef-5b076361f2b1,30149,11986,11791,BakeBu00,18927,4081,7,"https://static.www.nfl.com/image/upload/f_auto,q_auto/league/fg0hgiihwwun2qerappu",SAFETY,4,REG,A01,Budda,BAK070449,44848,32004241-4b07-0449-419d-4d7a3da71f8e,2017,2017.0,ARI,36.0,28.72
6828,2024,ARI,DB,SS,3.0,ACT,Budda Baker,Budda,Baker,1996-01-10,70.0,195,Washington,00-0033890,3127287,5ce20f3e-0f02-4f53-a2ef-5b076361f2b1,30149,11986,11791,BakeBu00,18927,4081,7,"https://static.www.nfl.com/image/upload/f_auto,q_auto/league/fg0hgiihwwun2qerappu",SAFETY,10,REG,A01,Budda,BAK070449,44848,32004241-4b07-0449-419d-4d7a3da71f8e,2017,2017.0,ARI,36.0,28.835
6829,2024,ARI,DB,SS,3.0,ACT,Budda Baker,Budda,Baker,1996-01-10,70.0,195,Washington,00-0033890,3127287,5ce20f3e-0f02-4f53-a2ef-5b076361f2b1,30149,11986,11791,BakeBu00,18927,4081,7,"https://static.www.nfl.com/image/upload/f_auto,q_auto/league/fg0hgiihwwun2qerappu",SAFETY,3,REG,A01,Budda,BAK070449,44848,32004241-4b07-0449-419d-4d7a3da71f8e,2017,2017.0,ARI,36.0,28.701
6830,2024,ARI,DB,SS,3.0,ACT,Budda Baker,Budda,Baker,1996-01-10,70.0,195,Washington,00-0033890,3127287,5ce20f3e-0f02-4f53-a2ef-5b076361f2b1,30149,11986,11791,BakeBu00,18927,4081,7,"https://static.www.nfl.com/image/upload/f_auto,q_auto/league/fg0hgiihwwun2qerappu",SAFETY,14,REG,A01,Budda,BAK070449,44848,32004241-4b07-0449-419d-4d7a3da71f8e,2017,2017.0,ARI,36.0,28.912
6831,2024,ARI,DB,SS,3.0,ACT,Budda Baker,Budda,Baker,1996-01-10,70.0,195,Washington,00-0033890,3127287,5ce20f3e-0f02-4f53-a2ef-5b076361f2b1,30149,11986,11791,BakeBu00,18927,4081,7,"https://static.www.nfl.com/image/upload/f_auto,q_auto/league/fg0hgiihwwun2qerappu",SAFETY,15,REG,A01,Budda,BAK070449,44848,32004241-4b07-0449-419d-4d7a3da71f8e,2017,2017.0,ARI,36.0,28.931
6832,2024,ARI,DB,SS,3.0,ACT,Budda Baker,Budda,Baker,1996-01-10,70.0,195,Washington,00-0033890,3127287,5ce20f3e-0f02-4f53-a2ef-5b076361f2b1,30149,11986,11791,BakeBu00,18927,4081,7,"https://static.www.nfl.com/image/upload/f_auto,q_auto/league/fg0hgiihwwun2qerappu",SAFETY,16,REG,A01,Budda,BAK070449,44848,32004241-4b07-0449-419d-4d7a3da71f8e,2017,2017.0,ARI,36.0,28.95
6833,2024,ARI,DB,SS,3.0,ACT,Budda Baker,Budda,Baker,1996-01-10,70.0,195,Washington,00-0033890,3127287,5ce20f3e-0f02-4f53-a2ef-5b076361f2b1,30149,11986,11791,BakeBu00,18927,4081,7,"https://static.www.nfl.com/image/upload/f_auto,q_auto/league/fg0hgiihwwun2qerappu",SAFETY,13,REG,A01,Budda,BAK070449,44848,32004241-4b07-0449-419d-4d7a3da71f8e,2017,2017.0,ARI,36.0,28.893
6834,2024,ARI,DB,SS,3.0,ACT,Budda Baker,Budda,Baker,1996-01-10,70.0,195,Washington,00-0033890,3127287,5ce20f3e-0f02-4f53-a2ef-5b076361f2b1,30149,11986,11791,BakeBu00,18927,4081,7,"https://static.www.nfl.com/image/upload/f_auto,q_auto/league/fg0hgiihwwun2qerappu",SAFETY,6,REG,A01,Budda,BAK070449,44848,32004241-4b07-0449-419d-4d7a3da71f8e,2017,2017.0,ARI,36.0,28.758
6835,2024,ARI,DB,SS,3.0,ACT,Budda Baker,Budda,Baker,1996-01-10,70.0,195,Washington,00-0033890,3127287,5ce20f3e-0f02-4f53-a2ef-5b076361f2b1,30149,11986,11791,BakeBu00,18927,4081,7,"https://static.www.nfl.com/image/upload/f_auto,q_auto/league/fg0hgiihwwun2qerappu",SAFETY,18,REG,A01,Budda,BAK070449,44848,32004241-4b07-0449-419d-4d7a3da71f8e,2017,2017.0,ARI,36.0,28.988
6836,2024,ARI,DB,SS,3.0,ACT,Budda Baker,Budda,Baker,1996-01-10,70.0,195,Washington,00-0033890,3127287,5ce20f3e-0f02-4f53-a2ef-5b076361f2b1,30149,11986,11791,BakeBu00,18927,4081,7,"https://static.www.nfl.com/image/upload/f_auto,q_auto/league/fg0hgiihwwun2qerappu",SAFETY,9,REG,A01,Budda,BAK070449,44848,32004241-4b07-0449-419d-4d7a3da71f8e,2017,2017.0,ARI,36.0,28.816
6837,2024,ARI,DB,SS,3.0,ACT,Budda Baker,Budda,Baker,1996-01-10,70.0,195,Washington,00-0033890,3127287,5ce20f3e-0f02-4f53-a2ef-5b076361f2b1,30149,11986,11791,BakeBu00,18927,4081,7,"https://static.www.nfl.com/image/upload/f_auto,q_auto/league/fg0hgiihwwun2qerappu",SAFETY,7,REG,A01,Budda,BAK070449,44848,32004241-4b07-0449-419d-4d7a3da71f8e,2017,2017.0,ARI,36.0,28.78
6838,2024,ARI,DB,SS,3.0,ACT,Budda Baker,Budda,Baker,1996-01-10,70.0,195,Washington,00-0033890,3127287,5ce20f3e-0f02-4f53-a2ef-5b076361f2b1,30149,11986,11791,BakeBu00,18927,4081,7,"https://static.www.nfl.com/image/upload/f_auto,q_auto/league/fg0hgiihwwun2qerappu",SAFETY,8,REG,A01,Budda,BAK070449,44848,32004241-4b07-0449-419d-4d7a3da71f8e,2017,2017.0,ARI,36.0,28.797
6839,2024,ARI,DB,SS,3.0,ACT,Budda Baker,Budda,Baker,1996-01-10,70.0,195,Washington,00-0033890,3127287,5ce20f3e-0f02-4f53-a2ef-5b076361f2b1,30149,11986,11791,BakeBu00,18927,4081,7,"https://static.www.nfl.com/image/upload/f_auto,q_auto/league/fg0hgiihwwun2qerappu",SAFETY,5,REG,A01,Budda,BAK070449,44848,32004241-4b07-0449-419d-4d7a3da71f8e,2017,2017.0,ARI,36.0,28.739
6840,2024,ARI,WR,WR,17.0,ACT,Zay Jones,Isaiah,Jones,1995-03-30,74.0,200,East Carolina,00-0033891,3059722,a28f7368-0306-4d20-855f-285a1a09c09c,30150,11751,11792,JoneZa00,18926,4080,7,"https://static.www.nfl.com/image/upload/f_auto,q_auto/league/uxtqpnwdviolravhnrkw",WR,15,REG,A01,Zay,JON403726,44849,32004a4f-4e40-3726-920b-837ea00d253e,2017,2017.0,BUF,37.0,29.714
6841,2024,ARI,WR,WR,17.0,ACT,Zay Jones,Isaiah,Jones,1995-03-30,74.0,200,East Carolina,00-0033891,3059722,a28f7368-0306-4d20-855f-285a1a09c09c,30150,11751,11792,JoneZa00,18926,4080,7,"https://static.www.nfl.com/image/upload/f_auto,q_auto/league/uxtqpnwdviolravhnrkw",WR,13,REG,A01,Zay,JON403726,44849,32004a4f-4e40-3726-920b-837ea00d253e,2017,2017.0,BUF,37.0,29.676
6842,2024,ARI,WR,WR,17.0,RES,Zay Jones,Isaiah,Jones,1995-03-30,74.0,200,East Carolina,00-0033891,3059722,a28f7368-0306-4d20-855f-285a1a09c09c,30150,11751,11792,JoneZa00,18926,4080,7,"https://static.www.nfl.com/image/upload/f_auto,q_auto/league/uxtqpnwdviolravhnrkw",,2,REG,R40,Zay,JON403726,44849,32004a4f-4e40-3726-920b-837ea00d253e,2017,2017.0,BUF,37.0,29.465
6843,2024,ARI,WR,WR,17.0,RES,Zay Jones,Isaiah,Jones,1995-03-30,74.0,200,East Carolina,00-0033891,3059722,a28f7368-0306-4d20-855f-285a1a09c09c,30150,11751,11792,JoneZa00,18926,4080,7,"https://static.www.nfl.com/image/upload/f_auto,q_auto/league/uxtqpnwdviolravhnrkw",,4,REG,R40,Zay,JON403726,44849,32004a4f-4e40-3726-920b-837ea00d253e,2017,2017.0,BUF,37.0,29.503
6844,2024,ARI,WR,WR,17.0,EXE,Zay Jones,Isaiah,Jones,1995-03-30,74.0,200,East Carolina,00-0033891,3059722,a28f7368-0306-4d20-855f-285a1a09c09c,30150,11751,11792,JoneZa00,18926,4080,7,"https://static.www.nfl.com/image/upload/f_auto,q_auto/league/uxtqpnwdviolravhnrkw",,6,REG,E02,Zay,JON403726,44849,32004a4f-4e40-3726-920b-837ea00d253e,2017,2017.0,BUF,37.0,29.541
6845,2024,ARI,WR,WR,17.0,ACT,Zay Jones,Isaiah,Jones,1995-03-30,74.0,200,East Carolina,00-0033891,3059722,a28f7368-0306-4d20-855f-285a1a09c09c,30150,11751,11792,JoneZa00,18926,4080,7,"https://static.www.nfl.com/image/upload/f_auto,q_auto/league/uxtqpnwdviolravhnrkw",WR,12,REG,A01,Zay,JON403726,44849,32004a4f-4e40-3726-920b-837ea00d253e,2017,2017.0,BUF,37.0,29.656
6846,2024,ARI,WR,WR,17.0,RES,Zay Jones,Isaiah,Jones,1995-03-30,74.0,200,East Carolina,00-0033891,3059722,a28f7368-0306-4d20-855f-285a1a09c09c,30150,11751,11792,JoneZa00,18926,4080,7,"https://static.www.nfl.com/image/upload/f_auto,q_auto/league/uxtqpnwdviolravhnrkw",,3,REG,R40,Zay,JON403726,44849,32004a4f-4e40-3726-920b-837ea00d253e,2017,2017.0,BUF,37.0,29.484
6847,2024,ARI,WR,WR,17.0,ACT,Zay Jones,Isaiah,Jones,1995-03-30,74.0,200,East Carolina,00-0033891,3059722,a28f7368-0306-4d20-855f-285a1a09c09c,30150,11751,11792,JoneZa00,18926,4080,7,"https://static.www.nfl.com/image/upload/f_auto,q_auto/league/uxtqpnwdviolravhnrkw",WR,9,REG,A01,Zay,JON403726,44849,32004a4f-4e40-3726-920b-837ea00d253e,2017,2017.0,BUF,37.0,29.599
6848,2024,ARI,WR,WR,17.0,ACT,Zay Jones,Isaiah,Jones,1995-03-30,74.0,200,East Carolina,00-0033891,3059722,a28f7368-0306-4d20-855f-285a1a09c09c,30150,11751,11792,JoneZa00,18926,4080,7,"https://static.www.nfl.com/image/upload/f_auto,q_auto/league/uxtqpnwdviolravhnrkw",WR,8,REG,A01,Zay,JON403726,44849,32004a4f-4e40-3726-920b-837ea00d253e,2017,2017.0,BUF,37.0,29.58
6849,2024,ARI,WR,WR,17.0,ACT,Zay Jones,Isaiah,Jones,1995-03-30,74.0,200,East Carolina,00-0033891,3059722,a28f7368-0306-4d20-855f-285a1a09c09c,30150,11751,11792,JoneZa00,18926,4080,7,"https://static.www.nfl.com/image/upload/f_auto,q_auto/league/uxtqpnwdviolravhnrkw",WR,10,REG,A01,Zay,JON403726,44849,32004a4f-4e40-3726-920b-837ea00d253e,2017,2017.0,BUF,37.0,29.618
6850,2024,ARI,WR,WR,17.0,ACT,Zay Jones,Isaiah,Jones,1995-03-30,74.0,200,East Carolina,00-0033891,3059722,a28f7368-0306-4d20-855f-285a1a09c09c,30150,11751,11792,JoneZa00,18926,4080,7,"https://static.www.nfl.com/image/upload/f_auto,q_auto/league/uxtqpnwdviolravhnrkw",WR,17,REG,A01,Zay,JON403726,44849,32004a4f-4e40-3726-920b-837ea00d253e,2017,2017.0,BUF,37.0,29.749
6851,2024,ARI,WR,WR,17.0,RES,Zay Jones,Isaiah,Jones,1995-03-30,74.0,200,East Carolina,00-0033891,3059722,a28f7368-0306-4d20-855f-285a1a09c09c,30150,11751,11792,JoneZa00,18926,4080,7,"https://static.www.nfl.com/image/upload/f_auto,q_auto/league/uxtqpnwdviolravhnrkw",,1,REG,R40,Zay,JON403726,44849,32004a4f-4e40-3726-920b-837ea00d253e,2017,2017.0,BUF,37.0,29.446
6852,2024,ARI,WR,WR,17.0,ACT,Zay Jones,Isaiah,Jones,1995-03-30,74.0,200,East Carolina,00-0033891,3059722,a28f7368-0306-4d20-855f-285a1a09c09c,30150,11751,11792,JoneZa00,18926,4080,7,"https://static.www.nfl.com/image/upload/f_auto,q_auto/league/uxtqpnwdviolravhnrkw",WR,18,REG,A01,Zay,JON403726,44849,32004a4f-4e40-3726-920b-837ea00d253e,2017,2017.0,BUF,37.0,29.771
6853,2024,ARI,WR,WR,17.0,ACT,Zay Jones,Isaiah,Jones,1995-03-30,74.0,200,East Carolina,00-0033891,3059722,a28f7368-0306-4d20-855f-285a1a09c09c,30150,11751,11792,JoneZa00,18926,4080,7,"https://static.www.nfl.com/image/upload/f_auto,q_auto/league/uxtqpnwdviolravhnrkw",WR,7,REG,A01,Zay,JON403726,44849,32004a4f-4e40-3726-920b-837ea00d253e,2017,2017.0,BUF,37.0,29.563
6854,2024,ARI,WR,WR,17.0,ACT,Zay Jones,Isaiah,Jones,1995-03-30,74.0,200,East Carolina,00-0033891,3059722,a28f7368-0306-4d20-855f-285a1a09c09c,30150,11751,11792,JoneZa00,18926,4080,7,"https://static.www.nfl.com/image/upload/f_auto,q_auto/league/uxtqpnwdviolravhnrkw",WR,16,REG,A01,Zay,JON403726,44849,32004a4f-4e40-3726-920b-837ea00d253e,2017,2017.0,BUF,37.0,29.733
6855,2024,ARI,WR,WR,17.0,RES,Zay Jones,Isaiah,Jones,1995-03-30,74.0,200,East Carolina,00-0033891,3059722,a28f7368-0306-4d20-855f-285a1a09c09c,30150,11751,11792,JoneZa00,18926,4080,7,"https://static.www.nfl.com/image/upload/f_auto,q_auto/league/uxtqpnwdviolravhnrkw",,5,REG,R40,Zay,JON403726,44849,32004a4f-4e40-3726-920b-837ea00d253e,2017,2017.0,BUF,37.0,29.522
6856,2024,ARI,WR,WR,17.0,ACT,Zay Jones,Isaiah,Jones,1995-03-30,74.0,200,East Carolina,00-0033891,3059722,a28f7368-0306-4d20-855f-285a1a09c09c,30150,11751,11792,JoneZa00,18926,4080,7,"https://static.www.nfl.com/image/upload/f_auto,q_auto/league/uxtqpnwdviolravhnrkw",WR,14,REG,A01,Zay,JON403726,44849,32004a4f-4e40-3726-920b-837ea00d253e,2017,2017.0,BUF,37.0,29.695
8414,2024,ARI,OL,G,76.0,ACT,Will Hernandez,William,Hernandez,1995-09-02,75.0,327,Texas-El Paso,00-0034346,,,,,,,,,6,"https://static.www.nfl.com/image/upload/f_auto,q_auto/league/xbedq9brtbugivnybr3v",G,2,REG,A01,Will,HER365408,46103,32004845-5236-5408-7dc7-59455fdc2c9d,2018,2018.0,NYG,34.0,29.038
8415,2024,ARI,OL,G,76.0,RES,Will Hernandez,William,Hernandez,1995-09-02,75.0,327,Texas-El Paso,00-0034346,,,,,,,,,6,"https://static.www.nfl.com/image/upload/f_auto,q_auto/league/xbedq9brtbugivnybr3v",,13,REG,R01,Will,HER365408,46103,32004845-5236-5408-7dc7-59455fdc2c9d,2018,2018.0,NYG,34.0,29.248
8416,2024,ARI,OL,G,76.0,RES,Will Hernandez,William,Hernandez,1995-09-02,75.0,327,Texas-El Paso,00-0034346,,,,,,,,,6,"https://static.www.nfl.com/image/upload/f_auto,q_auto/league/xbedq9brtbugivnybr3v",,8,REG,R01,Will,HER365408,46103,32004845-5236-5408-7dc7-59455fdc2c9d,2018,2018.0,NYG,34.0,29.153
8417,2024,ARI,OL,G,76.0,RES,Will Hernandez,William,Hernandez,1995-09-02,75.0,327,Texas-El Paso,00-0034346,,,,,,,,,6,"https://static.www.nfl.com/image/upload/f_auto,q_auto/league/xbedq9brtbugivnybr3v",,18,REG,R01,Will,HER365408,46103,32004845-5236-5408-7dc7-59455fdc2c9d,2018,2018.0,NYG,34.0,29.344
8418,2024,ARI,OL,G,76.0,RES,Will Hernandez,William,Hernandez,1995-09-02,75.0,327,Texas-El Paso,00-0034346,,,,,,,,,6,"https://static.www.nfl.com/image/upload/f_auto,q_auto/league/xbedq9brtbugivnybr3v",,7,REG,R01,Will,HER365408,46103,32004845-5236-5408-7dc7-59455fdc2c9d,2018,2018.0,NYG,34.0,29.136
8419,2024,ARI,OL,G,76.0,RES,Will Hernandez,William,Hernandez,1995-09-02,75.0,327,Texas-El Paso,00-0034346,,,,,,,,,6,"https://static.www.nfl.com/image/upload/f_auto,q_auto/league/xbedq9brtbugivnybr3v",,6,REG,R01,Will,HER365408,46103,32004845-5236-5408-7dc7-59455fdc2c9d,2018,2018.0,NYG,34.0,29.114
8420,2024,ARI,OL,G,76.0,RES,Will Hernandez,William,Hernandez,1995-09-02,75.0,327,Texas-El Paso,00-0034346,,,,,,,,,6,"https://static.www.nfl.com/image/upload/f_auto,q_auto/league/xbedq9brtbugivnybr3v",,17,REG,R01,Will,HER365408,46103,32004845-5236-5408-7dc7-59455fdc2c9d,2018,2018.0,NYG,34.0,29.322
8421,2024,ARI,OL,G,76.0,RES,Will Hernandez,William,Hernandez,1995-09-02,75.0,327,Texas-El Paso,00-0034346,,,,,,,,,6,"https://static.www.nfl.com/image/upload/f_auto,q_auto/league/xbedq9brtbugivnybr3v",,10,REG,R01,Will,HER365408,46103,32004845-5236-5408-7dc7-59455fdc2c9d,2018,2018.0,NYG,34.0,29.191
8422,2024,ARI,OL,G,76.0,RES,Will Hernandez,William,Hernandez,1995-09-02,75.0,327,Texas-El Paso,00-0034346,,,,,,,,,6,"https://static.www.nfl.com/image/upload/f_auto,q_auto/league/xbedq9brtbugivnybr3v",,14,REG,R01,Will,HER365408,46103,32004845-5236-5408-7dc7-59455fdc2c9d,2018,2018.0,NYG,34.0,29.268
8423,2024,ARI,OL,G,76.0,RES,Will Hernandez,William,Hernandez,1995-09-02,75.0,327,Texas-El Paso,00-0034346,,,,,,,,,6,"https://static.www.nfl.com/image/upload/f_auto,q_auto/league/xbedq9brtbugivnybr3v",,16,REG,R01,Will,HER365408,46103,32004845-5236-5408-7dc7-59455fdc2c9d,2018,2018.0,NYG,34.0,29.306
8424,2024,ARI,OL,G,76.0,ACT,Will Hernandez,William,Hernandez,1995-09-02,75.0,327,Texas-El Paso,00-0034346,,,,,,,,,6,"https://static.www.nfl.com/image/upload/f_auto,q_auto/league/xbedq9brtbugivnybr3v",G,3,REG,A01,Will,HER365408,46103,32004845-5236-5408-7dc7-59455fdc2c9d,2018,2018.0,NYG,34.0,29.057
8425,2024,ARI,OL,G,76.0,ACT,Will Hernandez,William,Hernandez,1995-09-02,75.0,327,Texas-El Paso,00-0034346,,,,,,,,,6,"https://static.www.nfl.com/image/upload/f_auto,q_auto/league/xbedq9brtbugivnybr3v",G,4,REG,A01,Will,HER365408,46103,32004845-5236-5408-7dc7-59455fdc2c9d,2018,2018.0,NYG,34.0,29.076
8426,2024,ARI,OL,G,76.0,RES,Will Hernandez,William,Hernandez,1995-09-02,75.0,327,Texas-El Paso,00-0034346,,,,,,,,,6,"https://static.www.nfl.com/image/upload/f_auto,q_auto/league/xbedq9brtbugivnybr3v",,12,REG,R01,Will,HER365408,46103,32004845-5236-5408-7dc7-59455fdc2c9d,2018,2018.0,NYG,34.0,29.229
8427,2024,ARI,OL,G,76.0,RES,Will Hernandez,William,Hernandez,1995-09-02,75.0,327,Texas-El Paso,00-0034346,,,,,,,,,6,"https://static.www.nfl.com/image/upload/f_auto,q_auto/league/xbedq9brtbugivnybr3v",,15,REG,R01,Will,HER365408,46103,32004845-5236-5408-7dc7-59455fdc2c9d,2018,2018.0,NYG,34.0,29.287
8428,2024,ARI,OL,G,76.0,RES,Will Hernandez,William,Hernandez,1995-09-02,75.0,327,Texas-El Paso,00-0034346,,,,,,,,,6,"https://static.www.nfl.com/image/upload/f_auto,q_auto/league/xbedq9brtbugivnybr3v",,9,REG,R01,Will,HER365408,46103,32004845-5236-5408-7dc7-59455fdc2c9d,2018,2018.0,NYG,34.0,29.172
8429,2024,ARI,OL,G,76.0,ACT,Will Hernandez,William,Hernandez,1995-09-02,75.0,327,Texas-El Paso,00-0034346,,,,,,,,,6,"https://static.www.nfl.com/image/upload/f_auto,q_auto/league/xbedq9brtbugivnybr3v",G,5,REG,A01,Will,HER365408,46103,32004845-5236-5408-7dc7-59455fdc2c9d,2018,2018.0,NYG,34.0,29.095
8430,2024,ARI,OL,G,76.0,ACT,Will Hernandez,William,Hernandez,1995-09-02,75.0,327,Texas-El Paso,00-0034346,,,,,,,,,6,"https://static.www.nfl.com/image/upload/f_auto,q_auto/league/xbedq9brtbugivnybr3v",G,1,REG,A01,Will,HER365408,46103,32004845-5236-5408-7dc7-59455fdc2c9d,2018,2018.0,NYG,34.0,29.018
8774,2024,ARI,LB,ILB,7.0,ACT,Kyzir White,Kyzir,White,1996-03-24,74.0,216,West Virginia,00-0034375,4039254,c6303f3b-9c18-4afe-b0bf-d8270ca9db21,31089,12787,44485,WhitKy00,19940,5348,6,"https://static.www.nfl.com/image/upload/f_auto,q_auto/league/n5sjtcxydtaszz7yeyqw",MLB,9,REG,A01,Kyzir,WHI315792,46188,32005748-4931-5792-e58b-62a006e6dd4e,2018,2018.0,LAC,119.0,28.613
8775,2024,ARI,LB,ILB,7.0,ACT,Kyzir White,Kyzir,White,1996-03-24,74.0,216,West Virginia,00-0034375,4039254,c6303f3b-9c18-4afe-b0bf-d8270ca9db21,31089,12787,44485,WhitKy00,19940,5348,6,"https://static.www.nfl.com/image/upload/f_auto,q_auto/league/n5sjtcxydtaszz7yeyqw",MLB,1,REG,A01,Kyzir,WHI315792,46188,32005748-4931-5792-e58b-62a006e6dd4e,2018,2018.0,LAC,119.0,28.46
8776,2024,ARI,LB,ILB,7.0,ACT,Kyzir White,Kyzir,White,1996-03-24,74.0,216,West Virginia,00-0034375,4039254,c6303f3b-9c18-4afe-b0bf-d8270ca9db21,31089,12787,44485,WhitKy00,19940,5348,6,"https://static.www.nfl.com/image/upload/f_auto,q_auto/league/n5sjtcxydtaszz7yeyqw",MLB,16,REG,A01,Kyzir,WHI315792,46188,32005748-4931-5792-e58b-62a006e6dd4e,2018,2018.0,LAC,119.0,28.747
8777,2024,ARI,LB,ILB,7.0,ACT,Kyzir White,Kyzir,White,1996-03-24,74.0,216,West Virginia,00-0034375,4039254,c6303f3b-9c18-4afe-b0bf-d8270ca9db21,31089,12787,44485,WhitKy00,19940,5348,6,"https://static.www.nfl.com/image/upload/f_auto,q_auto/league/n5sjtcxydtaszz7yeyqw",MLB,15,REG,A01,Kyzir,WHI315792,46188,32005748-4931-5792-e58b-62a006e6dd4e,2018,2018.0,LAC,119.0,28.728
8778,2024,ARI,LB,ILB,7.0,ACT,Kyzir White,Kyzir,White,1996-03-24,74.0,216,West Virginia,00-0034375,4039254,c6303f3b-9c18-4afe-b0bf-d8270ca9db21,31089,12787,44485,WhitKy00,19940,5348,6,"https://static.www.nfl.com/image/upload/f_auto,q_auto/league/n5sjtcxydtaszz7yeyqw",MLB,17,REG,A01,Kyzir,WHI315792,46188,32005748-4931-5792-e58b-62a006e6dd4e,2018,2018.0,LAC,119.0,28.764
8779,2024,ARI,LB,ILB,7.0,ACT,Kyzir White,Kyzir,White,1996-03-24,74.0,216,West Virginia,00-0034375,4039254,c6303f3b-9c18-4afe-b0bf-d8270ca9db21,31089,12787,44485,WhitKy00,19940,5348,6,"https://static.www.nfl.com/image/upload/f_auto,q_auto/league/n5sjtcxydtaszz7yeyqw",MLB,2,REG,A01,Kyzir,WHI315792,46188,32005748-4931-5792-e58b-62a006e6dd4e,2018,2018.0,LAC,119.0,28.479
8780,2024,ARI,LB,ILB,7.0,ACT,Kyzir White,Kyzir,White,1996-03-24,74.0,216,West Virginia,00-0034375,4039254,c6303f3b-9c18-4afe-b0bf-d8270ca9db21,31089,12787,44485,WhitKy00,19940,5348,6,"https://static.www.nfl.com/image/upload/f_auto,q_auto/league/n5sjtcxydtaszz7yeyqw",MLB,12,REG,A01,Kyzir,WHI315792,46188,32005748-4931-5792-e58b-62a006e6dd4e,2018,2018.0,LAC,119.0,28.671
8781,2024,ARI,LB,ILB,7.0,ACT,Kyzir White,Kyzir,White,1996-03-24,74.0,216,West Virginia,00-0034375,4039254,c6303f3b-9c18-4afe-b0bf-d8270ca9db21,31089,12787,44485,WhitKy00,19940,5348,6,"https://static.www.nfl.com/image/upload/f_auto,q_auto/league/n5sjtcxydtaszz7yeyqw",MLB,14,REG,A01,Kyzir,WHI315792,46188,32005748-4931-5792-e58b-62a006e6dd4e,2018,2018.0,LAC,119.0,28.709
8782,2024,ARI,LB,ILB,7.0,ACT,Kyzir White,Kyzir,White,1996-03-24,74.0,216,West Virginia,00-0034375,4039254,c6303f3b-9c18-4afe-b0bf-d8270ca9db21,31089,12787,44485,WhitKy00,19940,5348,6,"https://static.www.nfl.com/image/upload/f_auto,q_auto/league/n5sjtcxydtaszz7yeyqw",MLB,18,REG,A01,Kyzir,WHI315792,46188,32005748-4931-5792-e58b-62a006e6dd4e,2018,2018.0,LAC,119.0,28.786
8783,2024,ARI,LB,ILB,7.0,ACT,Kyzir White,Kyzir,White,1996-03-24,74.0,216,West Virginia,00-0034375,4039254,c6303f3b-9c18-4afe-b0bf-d8270ca9db21,31089,12787,44485,WhitKy00,19940,5348,6,"https://static.www.nfl.com/image/upload/f_auto,q_auto/league/n5sjtcxydtaszz7yeyqw",MLB,8,REG,A01,Kyzir,WHI315792,46188,32005748-4931-5792-e58b-62a006e6dd4e,2018,2018.0,LAC,119.0,28.594
8784,2024,ARI,LB,ILB,7.0,ACT,Kyzir White,Kyzir,White,1996-03-24,74.0,216,West Virginia,00-0034375,4039254,c6303f3b-9c18-4afe-b0bf-d8270ca9db21,31089,12787,44485,WhitKy00,19940,5348,6,"https://static.www.nfl.com/image/upload/f_auto,q_auto/league/n5sjtcxydtaszz7yeyqw",MLB,3,REG,A01,Kyzir,WHI315792,46188,32005748-4931-5792-e58b-62a006e6dd4e,2018,2018.0,LAC,119.0,28.498
8785,2024,ARI,LB,ILB,7.0,ACT,Kyzir White,Kyzir,White,1996-03-24,74.0,216,West Virginia,00-0034375,4039254,c6303f3b-9c18-4afe-b0bf-d8270ca9db21,31089,12787,44485,WhitKy00,19940,5348,6,"https://static.www.nfl.com/image/upload/f_auto,q_auto/league/n5sjtcxydtaszz7yeyqw",MLB,5,REG,A01,Kyzir,WHI315792,46188,32005748-4931-5792-e58b-62a006e6dd4e,2018,2018.0,LAC,119.0,28.537
8786,2024,ARI,LB,ILB,7.0,ACT,Kyzir White,Kyzir,White,1996-03-24,74.0,216,West Virginia,00-0034375,4039254,c6303f3b-9c18-4afe-b0bf-d8270ca9db21,31089,12787,44485,WhitKy00,19940,5348,6,"https://static.www.nfl.com/image/upload/f_auto,q_auto/league/n5sjtcxydtaszz7yeyqw",MLB,6,REG,A01,Kyzir,WHI315792,46188,32005748-4931-5792-e58b-62a006e6dd4e,2018,2018.0,LAC,119.0,28.556
8787,2024,ARI,LB,ILB,7.0,ACT,Kyzir White,Kyzir,White,1996-03-24,74.0,216,West Virginia,00-0034375,4039254,c6303f3b-9c18-4afe-b0bf-d8270ca9db21,31089,12787,44485,WhitKy00,19940,5348,6,"https://static.www.nfl.com/image/upload/f_auto,q_auto/league/n5sjtcxydtaszz7yeyqw",MLB,7,REG,A01,Kyzir,WHI315792,46188,32005748-4931-5792-e58b-62a006e6dd4e,2018,2018.0,LAC,119.0,28.578
8788,2024,ARI,LB,ILB,7.0,ACT,Kyzir White,Kyzir,White,1996-03-24,74.0,216,West Virginia,00-0034375,4039254,c6303f3b-9c18-4afe-b0bf-d8270ca9db21,31089,12787,44485,WhitKy00,19940,5348,6,"https://static.www.nfl.com/image/upload/f_auto,q_auto/league/n5sjtcxydtaszz7yeyqw",MLB,10,REG,A01,Kyzir,WHI315792,46188,32005748-4931-5792-e58b-62a006e6dd4e,2018,2018.0,LAC,119.0,28.632
8789,2024,ARI,LB,ILB,7.0,ACT,Kyzir White,Kyzir,White,1996-03-24,74.0,216,West Virginia,00-0034375,4039254,c6303f3b-9c18-4afe-b0bf-d8270ca9db21,31089,12787,44485,WhitKy00,19940,5348,6,"https://static.www.nfl.com/image/upload/f_auto,q_auto/league/n5sjtcxydtaszz7yeyqw",MLB,4,REG,A01,Kyzir,WHI315792,46188,32005748-4931-5792-e58b-62a006e6dd4e,2018,2018.0,LAC,119.0,28.517
8790,2024,ARI,LB,ILB,7.0,ACT,Kyzir White,Kyzir,White,1996-03-24,74.0,216,West Virginia,00-0034375,4039254,c6303f3b-9c18-4afe-b0bf-d8270ca9db21,31089,12787,44485,WhitKy00,19940,5348,6,"https://static.www.nfl.com/image/upload/f_auto,q_auto/league/n5sjtcxydtaszz7yeyqw",MLB,13,REG,A01,Kyzir,WHI315792,46188,32005748-4931-5792-e58b-62a006e6dd4e,2018,2018.0,LAC,119.0,28.69
8930,2024,ARI,DL,DT,92.0,RES,Bilal Nichols,Bilal,Nichols,1996-09-14,75.0,313,Delaware,00-0034387,3117922,0a6c2bfc-19a4-47f9-ba60-74265af6e947,31115,12711,28451,NichBi00,19930,5302,6,"https://static.www.nfl.com/image/upload/f_auto,q_auto/league/d8va3bsudtb0lgwktt5t",,15,REG,R01,Bilal,NIC157723,46214,32004e49-4315-7723-15af-9c11ab40ab57,2018,2018.0,CHI,145.0,28.252
8931,2024,ARI,DL,DT,92.0,RES,Bilal Nichols,Bilal,Nichols,1996-09-14,75.0,313,Delaware,00-0034387,3117922,0a6c2bfc-19a4-47f9-ba60-74265af6e947,31115,12711,28451,NichBi00,19930,5302,6,"https://static.www.nfl.com/image/upload/f_auto,q_auto/league/d8va3bsudtb0lgwktt5t",,13,REG,R01,Bilal,NIC157723,46214,32004e49-4315-7723-15af-9c11ab40ab57,2018,2018.0,CHI,145.0,28.214
8932,2024,ARI,DL,DT,92.0,ACT,Bilal Nichols,Bilal,Nichols,1996-09-14,75.0,313,Delaware,00-0034387,3117922,0a6c2bfc-19a4-47f9-ba60-74265af6e947,31115,12711,28451,NichBi00,19930,5302,6,"https://static.www.nfl.com/image/upload/f_auto,q_auto/league/d8va3bsudtb0lgwktt5t",INTERIOR_LINE,5,REG,A01,Bilal,NIC157723,46214,32004e49-4315-7723-15af-9c11ab40ab57,2018,2018.0,CHI,145.0,28.06
8933,2024,ARI,DL,DT,92.0,RES,Bilal Nichols,Bilal,Nichols,1996-09-14,75.0,313,Delaware,00-0034387,3117922,0a6c2bfc-19a4-47f9-ba60-74265af6e947,31115,12711,28451,NichBi00,19930,5302,6,"https://static.www.nfl.com/image/upload/f_auto,q_auto/league/d8va3bsudtb0lgwktt5t",,10,REG,R01,Bilal,NIC157723,46214,32004e49-4315-7723-15af-9c11ab40ab57,2018,2018.0,CHI,145.0,28.156
8934,2024,ARI,DL,DT,92.0,RES,Bilal Nichols,Bilal,Nichols,1996-09-14,75.0,313,Delaware,00-0034387,3117922,0a6c2bfc-19a4-47f9-ba60-74265af6e947,31115,12711,28451,NichBi00,19930,5302,6,"https://static.www.nfl.com/image/upload/f_auto,q_auto/league/d8va3bsudtb0lgwktt5t",,16,REG,R01,Bilal,NIC157723,46214,32004e49-4315-7723-15af-9c11ab40ab57,2018,2018.0,CHI,145.0,28.271
8935,2024,ARI,DL,DT,92.0,RES,Bilal Nichols,Bilal,Nichols,1996-09-14,75.0,313,Delaware,00-0034387,3117922,0a6c2bfc-19a4-47f9-ba60-74265af6e947,31115,12711,28451,NichBi00,19930,5302,6,"https://static.www.nfl.com/image/upload/f_auto,q_auto/league/d8va3bsudtb0lgwktt5t",,9,REG,R01,Bilal,NIC157723,46214,32004e49-4315-7723-15af-9c11ab40ab57,2018,2018.0,CHI,145.0,28.137
8936,2024,ARI,DL,DT,92.0,RES,Bilal Nichols,Bilal,Nichols,1996-09-14,75.0,313,Delaware,00-0034387,3117922,0a6c2bfc-19a4-47f9-ba60-74265af6e947,31115,12711,28451,NichBi00,19930,5302,6,"https://static.www.nfl.com/image/upload/f_auto,q_auto/league/d8va3bsudtb0lgwktt5t",,12,REG,R01,Bilal,NIC157723,46214,32004e49-4315-7723-15af-9c11ab40ab57,2018,2018.0,CHI,145.0,28.194
8937,2024,ARI,DL,DT,92.0,RES,Bilal Nichols,Bilal,Nichols,1996-09-14,75.0,313,Delaware,00-0034387,3117922,0a6c2bfc-19a4-47f9-ba60-74265af6e947,31115,12711,28451,NichBi00,19930,5302,6,"https://static.www.nfl.com/image/upload/f_auto,q_auto/league/d8va3bsudtb0lgwktt5t",,7,REG,R01,Bilal,NIC157723,46214,32004e49-4315-7723-15af-9c11ab40ab57,2018,2018.0,CHI,145.0,28.101
8938,2024,ARI,DL,DT,92.0,ACT,Bilal Nichols,Bilal,Nichols,1996-09-14,75.0,313,Delaware,00-0034387,3117922,0a6c2bfc-19a4-47f9-ba60-74265af6e947,31115,12711,28451,NichBi00,19930,5302,6,"https://static.www.nfl.com/image/upload/f_auto,q_auto/league/d8va3bsudtb0lgwktt5t",INTERIOR_LINE,1,REG,A01,Bilal,NIC157723,46214,32004e49-4315-7723-15af-9c11ab40ab57,2018,2018.0,CHI,145.0,27.984
8939,2024,ARI,DL,DT,92.0,ACT,Bilal Nichols,Bilal,Nichols,1996-09-14,75.0,313,Delaware,00-0034387,3117922,0a6c2bfc-19a4-47f9-ba60-74265af6e947,31115,12711,28451,NichBi00,19930,5302,6,"https://static.www.nfl.com/image/upload/f_auto,q_auto/league/d8va3bsudtb0lgwktt5t",INTERIOR_LINE,2,REG,A01,Bilal,NIC157723,46214,32004e49-4315-7723-15af-9c11ab40ab57,2018,2018.0,CHI,145.0,28.003
8940,2024,ARI,DL,DT,92.0,RES,Bilal Nichols,Bilal,Nichols,1996-09-14,75.0,313,Delaware,00-0034387,3117922,0a6c2bfc-19a4-47f9-ba60-74265af6e947,31115,12711,28451,NichBi00,19930,5302,6,"https://static.www.nfl.com/image/upload/f_auto,q_auto/league/d8va3bsudtb0lgwktt5t",,18,REG,R01,Bilal,NIC157723,46214,32004e49-4315-7723-15af-9c11ab40ab57,2018,2018.0,CHI,145.0,28.309
8941,2024,ARI,DL,DT,92.0,RES,Bilal Nichols,Bilal,Nichols,1996-09-14,75.0,313,Delaware,00-0034387,3117922,0a6c2bfc-19a4-47f9-ba60-74265af6e947,31115,12711,28451,NichBi00,19930,5302,6,"https://static.www.nfl.com/image/upload/f_auto,q_auto/league/d8va3bsudtb0lgwktt5t",,14,REG,R01,Bilal,NIC157723,46214,32004e49-4315-7723-15af-9c11ab40ab57,2018,2018.0,CHI,145.0,28.233
8942,2024,ARI,DL,DT,92.0,ACT,Bilal Nichols,Bilal,Nichols,1996-09-14,75.0,313,Delaware,00-0034387,3117922,0a6c2bfc-19a4-47f9-ba60-74265af6e947,31115,12711,28451,NichBi00,19930,5302,6,"https://static.www.nfl.com/image/upload/f_auto,q_auto/league/d8va3bsudtb0lgwktt5t",INTERIOR_LINE,4,REG,A01,Bilal,NIC157723,46214,32004e49-4315-7723-15af-9c11ab40ab57,2018,2018.0,CHI,145.0,28.041
8943,2024,ARI,DL,DT,92.0,RES,Bilal Nichols,Bilal,Nichols,1996-09-14,75.0,313,Delaware,00-0034387,3117922,0a6c2bfc-19a4-47f9-ba60-74265af6e947,31115,12711,28451,NichBi00,19930,5302,6,"https://static.www.nfl.com/image/upload/f_auto,q_auto/league/d8va3bsudtb0lgwktt5t",,17,REG,R01,Bilal,NIC157723,46214,32004e49-4315-7723-15af-9c11ab40ab57,2018,2018.0,CHI,145.0,28.287
8944,2024,ARI,DL,DT,92.0,RES,Bilal Nichols,Bilal,Nichols,1996-09-14,75.0,313,Delaware,00-0034387,3117922,0a6c2bfc-19a4-47f9-ba60-74265af6e947,31115,12711,28451,NichBi00,19930,5302,6,"https://static.www.nfl.com/image/upload/f_auto,q_auto/league/d8va3bsudtb0lgwktt5t",,8,REG,R01,Bilal,NIC157723,46214,32004e49-4315-7723-15af-9c11ab40ab57,2018,2018.0,CHI,145.0,28.118
8945,2024,ARI,DL,DT,92.0,ACT,Bilal Nichols,Bilal,Nichols,1996-09-14,75.0,313,Delaware,00-0034387,3117922,0a6c2bfc-19a4-47f9-ba60-74265af6e947,31115,12711,28451,NichBi00,19930,5302,6,"https://static.www.nfl.com/image/upload/f_auto,q_auto/league/d8va3bsudtb0lgwktt5t",INTERIOR_LINE,6,REG,A01,Bilal,NIC157723,46214,32004e49-4315-7723-15af-9c11ab40ab57,2018,2018.0,CHI,145.0,28.079
8946,2024,ARI,DL,DT,92.0,ACT,Bilal Nichols,Bilal,Nichols,1996-09-14,75.0,313,Delaware,00-0034387,3117922,0a6c2bfc-19a4-47f9-ba60-74265af6e947,31115,12711,28451,NichBi00,19930,5302,6,"https://static.www.nfl.com/image/upload/f_auto,q_auto/league/d8va3bsudtb0lgwktt5t",INTERIOR_LINE,3,REG,A01,Bilal,NIC157723,46214,32004e49-4315-7723-15af-9c11ab40ab57,2018,2018.0,CHI,145.0,28.022
9216,2024,ARI,DB,CB,27.0,DEV,Keion Crossen,Keion,Crossen,1996-04-17,70.0,185,Western Carolina,00-0034435,3117135,ce0badde-28c3-45ce-a6f4-e2f82ef129f8,31213,13012,49454,CrosKe00,20070,5317,6,"https://static.www.nfl.com/image/private/f_auto,q_auto/league/ocvxmo4ggct27fv9dn8x",,7,REG,P07,Keion,CRO502501,46312,32004352-4f50-2501-1da3-402eafbc87d8,2018,2018.0,NE,243.0,28.512
9217,2024,ARI,DB,CB,27.0,DEV,Keion Crossen,Keion,Crossen,1996-04-17,70.0,185,Western Carolina,00-0034435,3117135,ce0badde-28c3-45ce-a6f4-e2f82ef129f8,31213,13012,49454,CrosKe00,20070,5317,6,"https://static.www.nfl.com/image/private/f_auto,q_auto/league/ocvxmo4ggct27fv9dn8x",,8,REG,P07,Keion,CRO502501,46312,32004352-4f50-2501-1da3-402eafbc87d8,2018,2018.0,NE,243.0,28.528
9361,2024,ARI,LB,OLB,45.0,ACT,Dennis Gardeck,Dennis,Gardeck,1994-08-09,72.0,232,Sioux Falls,00-0034473,4334300,48700b7b-210c-4ced-9c57-3e21162e7752,31299,13210,66928,,20085,5158,6,"https://static.www.nfl.com/image/upload/f_auto,q_auto/league/rbdrgdfo3ogppgtu6asn",EDGE,1,REG,A01,Dennis,GAR121450,46657,32004741-5212-1450-fa3a-1b30e8e4d1dd,2018,2018.0,,,30.084
9362,2024,ARI,LB,OLB,45.0,RES,Dennis Gardeck,Dennis,Gardeck,1994-08-09,72.0,232,Sioux Falls,00-0034473,4334300,48700b7b-210c-4ced-9c57-3e21162e7752,31299,13210,66928,,20085,5158,6,"https://static.www.nfl.com/image/upload/f_auto,q_auto/league/rbdrgdfo3ogppgtu6asn",,17,REG,R01,Dennis,GAR121450,46657,32004741-5212-1450-fa3a-1b30e8e4d1dd,2018,2018.0,,,30.387
9363,2024,ARI,LB,OLB,45.0,ACT,Dennis Gardeck,Dennis,Gardeck,1994-08-09,72.0,232,Sioux Falls,00-0034473,4334300,48700b7b-210c-4ced-9c57-3e21162e7752,31299,13210,66928,,20085,5158,6,"https://static.www.nfl.com/image/upload/f_auto,q_auto/league/rbdrgdfo3ogppgtu6asn",EDGE,2,REG,A01,Dennis,GAR121450,46657,32004741-5212-1450-fa3a-1b30e8e4d1dd,2018,2018.0,,,30.103
9364,2024,ARI,LB,OLB,45.0,RES,Dennis Gardeck,Dennis,Gardeck,1994-08-09,72.0,232,Sioux Falls,00-0034473,4334300,48700b7b-210c-4ced-9c57-3e21162e7752,31299,13210,66928,,20085,5158,6,"https://static.www.nfl.com/image/upload/f_auto,q_auto/league/rbdrgdfo3ogppgtu6asn",,18,REG,R01,Dennis,GAR121450,46657,32004741-5212-1450-fa3a-1b30e8e4d1dd,2018,2018.0,,,30.409
9365,2024,ARI,LB,OLB,45.0,ACT,Dennis Gardeck,Dennis,Gardeck,1994-08-09,72.0,232,Sioux Falls,00-0034473,4334300,48700b7b-210c-4ced-9c57-3e21162e7752,31299,13210,66928,,20085,5158,6,"https://static.www.nfl.com/image/upload/f_auto,q_auto/league/rbdrgdfo3ogppgtu6asn",EDGE,3,REG,A01,Dennis,GAR121450,46657,32004741-5212-1450-fa3a-1b30e8e4d1dd,2018,2018.0,,,30.122
9366,2024,ARI,LB,OLB,45.0,RES,Dennis Gardeck,Dennis,Gardeck,1994-08-09,72.0,232,Sioux Falls,00-0034473,4334300,48700b7b-210c-4ced-9c57-3e21162e7752,31299,13210,66928,,20085,5158,6,"https://static.www.nfl.com/image/upload/f_auto,q_auto/league/rbdrgdfo3ogppgtu6asn",,9,REG,R01,Dennis,GAR121450,46657,32004741-5212-1450-fa3a-1b30e8e4d1dd,2018,2018.0,,,30.237
9367,2024,ARI,LB,OLB,45.0,RES,Dennis Gardeck,Dennis,Gardeck,1994-08-09,72.0,232,Sioux Falls,00-0034473,4334300,48700b7b-210c-4ced-9c57-3e21162e7752,31299,13210,66928,,20085,5158,6,"https://static.www.nfl.com/image/upload/f_auto,q_auto/league/rbdrgdfo3ogppgtu6asn",,16,REG,R01,Dennis,GAR121450,46657,32004741-5212-1450-fa3a-1b30e8e4d1dd,2018,2018.0,,,30.371
9368,2024,ARI,LB,OLB,45.0,RES,Dennis Gardeck,Dennis,Gardeck,1994-08-09,72.0,232,Sioux Falls,00-0034473,4334300,48700b7b-210c-4ced-9c57-3e21162e7752,31299,13210,66928,,20085,5158,6,"https://static.www.nfl.com/image/upload/f_auto,q_auto/league/rbdrgdfo3ogppgtu6asn",,15,REG,R01,Dennis,GAR121450,46657,32004741-5212-1450-fa3a-1b30e8e4d1dd,2018,2018.0,,,30.352
9369,2024,ARI,LB,OLB,45.0,ACT,Dennis Gardeck,Dennis,Gardeck,1994-08-09,72.0,232,Sioux Falls,00-0034473,4334300,48700b7b-210c-4ced-9c57-3e21162e7752,31299,13210,66928,,20085,5158,6,"https://static.www.nfl.com/image/upload/f_auto,q_auto/league/rbdrgdfo3ogppgtu6asn",EDGE,7,REG,A01,Dennis,GAR121450,46657,32004741-5212-1450-fa3a-1b30e8e4d1dd,2018,2018.0,,,30.201
9370,2024,ARI,LB,OLB,45.0,RES,Dennis Gardeck,Dennis,Gardeck,1994-08-09,72.0,232,Sioux Falls,00-0034473,4334300,48700b7b-210c-4ced-9c57-3e21162e7752,31299,13210,66928,,20085,5158,6,"https://static.www.nfl.com/image/upload/f_auto,q_auto/league/rbdrgdfo3ogppgtu6asn",,14,REG,R01,Dennis,GAR121450,46657,32004741-5212-1450-fa3a-1b30e8e4d1dd,2018,2018.0,,,30.333
9371,2024,ARI,LB,OLB,45.0,RES,Dennis Gardeck,Dennis,Gardeck,1994-08-09,72.0,232,Sioux Falls,00-0034473,4334300,48700b7b-210c-4ced-9c57-3e21162e7752,31299,13210,66928,,20085,5158,6,"https://static.www.nfl.com/image/upload/f_auto,q_auto/league/rbdrgdfo3ogppgtu6asn",,8,REG,R01,Dennis,GAR121450,46657,32004741-5212-1450-fa3a-1b30e8e4d1dd,2018,2018.0,,,30.218
9372,2024,ARI,LB,OLB,45.0,RES,Dennis Gardeck,Dennis,Gardeck,1994-08-09,72.0,232,Sioux Falls,00-0034473,4334300,48700b7b-210c-4ced-9c57-3e21162e7752,31299,13210,66928,,20085,5158,6,"https://static.www.nfl.com/image/upload/f_auto,q_auto/league/rbdrgdfo3ogppgtu6asn",,12,REG,R01,Dennis,GAR121450,46657,32004741-5212-1450-fa3a-1b30e8e4d1dd,2018,2018.0,,,30.294
9373,2024,ARI,LB,OLB,45.0,ACT,Dennis Gardeck,Dennis,Gardeck,1994-08-09,72.0,232,Sioux Falls,00-0034473,4334300,48700b7b-210c-4ced-9c57-3e21162e7752,31299,13210,66928,,20085,5158,6,"https://static.www.nfl.com/image/upload/f_auto,q_auto/league/rbdrgdfo3ogppgtu6asn",EDGE,4,REG,A01,Dennis,GAR121450,46657,32004741-5212-1450-fa3a-1b30e8e4d1dd,2018,2018.0,,,30.141
9374,2024,ARI,LB,OLB,45.0,ACT,Dennis Gardeck,Dennis,Gardeck,1994-08-09,72.0,232,Sioux Falls,00-0034473,4334300,48700b7b-210c-4ced-9c57-3e21162e7752,31299,13210,66928,,20085,5158,6,"https://static.www.nfl.com/image/upload/f_auto,q_auto/league/rbdrgdfo3ogppgtu6asn",EDGE,6,REG,A01,Dennis,GAR121450,46657,32004741-5212-1450-fa3a-1b30e8e4d1dd,2018,2018.0,,,30.179
9375,2024,ARI,LB,OLB,45.0,ACT,Dennis Gardeck,Dennis,Gardeck,1994-08-09,72.0,232,Sioux Falls,00-0034473,4334300,48700b7b-210c-4ced-9c57-3e21162e7752,31299,13210,66928,,20085,5158,6,"https://static.www.nfl.com/image/upload/f_auto,q_auto/league/rbdrgdfo3ogppgtu6asn",EDGE,5,REG,A01,Dennis,GAR121450,46657,32004741-5212-1450-fa3a-1b30e8e4d1dd,2018,2018.0,,,30.16
9376,2024,ARI,LB,OLB,45.0,RES,Dennis Gardeck,Dennis,Gardeck,1994-08-09,72.0,232,Sioux Falls,00-0034473,4334300,48700b7b-210c-4ced-9c57-3e21162e7752,31299,13210,66928,,20085,5158,6,"https://static.www.nfl.com/image/upload/f_auto,q_auto/league/rbdrgdfo3ogppgtu6asn",,13,REG,R01,Dennis,GAR121450,46657,32004741-5212-1450-fa3a-1b30e8e4d1dd,2018,2018.0,,,30.313
9377,2024,ARI,LB,OLB,45.0,RES,Dennis Gardeck,Dennis,Gardeck,1994-08-09,72.0,232,Sioux Falls,00-0034473,4334300,48700b7b-210c-4ced-9c57-3e21162e7752,31299,13210,66928,,20085,5158,6,"https://static.www.nfl.com/image/upload/f_auto,q_auto/league/rbdrgdfo3ogppgtu6asn",,10,REG,R01,Dennis,GAR121450,46657,32004741-5212-1450-fa3a-1b30e8e4d1dd,2018,2018.0,,,30.256
9452,2024,ARI,OL,C,62.0,ACT,Evan Brown,Evan,Brown,1996-09-16,75.0,302,Southern Methodist,00-0034495,,,,,,,,,6,"https://static.www.nfl.com/image/upload/f_auto,q_auto/league/q8dqjwzxk3bouggbrdtg",G,7,REG,A01,Evan,BRO430637,46679,32004252-4f43-0637-2be4-bec510785c52,2018,2018.0,,,28.096
9453,2024,ARI,OL,C,62.0,ACT,Evan Brown,Evan,Brown,1996-09-16,75.0,302,Southern Methodist,00-0034495,,,,,,,,,6,"https://static.www.nfl.com/image/upload/f_auto,q_auto/league/q8dqjwzxk3bouggbrdtg",G,2,REG,A01,Evan,BRO430637,46679,32004252-4f43-0637-2be4-bec510785c52,2018,2018.0,,,27.997
9454,2024,ARI,OL,C,62.0,ACT,Evan Brown,Evan,Brown,1996-09-16,75.0,302,Southern Methodist,00-0034495,,,,,,,,,6,"https://static.www.nfl.com/image/upload/f_auto,q_auto/league/q8dqjwzxk3bouggbrdtg",G,18,REG,A01,Evan,BRO430637,46679,32004252-4f43-0637-2be4-bec510785c52,2018,2018.0,,,28.304
9455,2024,ARI,OL,C,62.0,ACT,Evan Brown,Evan,Brown,1996-09-16,75.0,302,Southern Methodist,00-0034495,,,,,,,,,6,"https://static.www.nfl.com/image/upload/f_auto,q_auto/league/q8dqjwzxk3bouggbrdtg",G,1,REG,A01,Evan,BRO430637,46679,32004252-4f43-0637-2be4-bec510785c52,2018,2018.0,,,27.978
9456,2024,ARI,OL,C,62.0,ACT,Evan Brown,Evan,Brown,1996-09-16,75.0,302,Southern Methodist,00-0034495,,,,,,,,,6,"https://static.www.nfl.com/image/upload/f_auto,q_auto/league/q8dqjwzxk3bouggbrdtg",G,13,REG,A01,Evan,BRO430637,46679,32004252-4f43-0637-2be4-bec510785c52,2018,2018.0,,,28.208
9457,2024,ARI,OL,C,62.0,ACT,Evan Brown,Evan,Brown,1996-09-16,75.0,302,Southern Methodist,00-0034495,,,,,,,,,6,"https://static.www.nfl.com/image/upload/f_auto,q_auto/league/q8dqjwzxk3bouggbrdtg",G,12,REG,A01,Evan,BRO430637,46679,32004252-4f43-0637-2be4-bec510785c52,2018,2018.0,,,28.189
9458,2024,ARI,OL,C,62.0,ACT,Evan Brown,Evan,Brown,1996-09-16,75.0,302,Southern Methodist,00-0034495,,,,,,,,,6,"https://static.www.nfl.com/image/upload/f_auto,q_auto/league/q8dqjwzxk3bouggbrdtg",G,3,REG,A01,Evan,BRO430637,46679,32004252-4f43-0637-2be4-bec510785c52,2018,2018.0,,,28.016
9459,2024,ARI,OL,C,62.0,ACT,Evan Brown,Evan,Brown,1996-09-16,75.0,302,Southern Methodist,00-0034495,,,,,,,,,6,"https://static.www.nfl.com/image/upload/f_auto,q_auto/league/q8dqjwzxk3bouggbrdtg",G,14,REG,A01,Evan,BRO430637,46679,32004252-4f43-0637-2be4-bec510785c52,2018,2018.0,,,28.227
9460,2024,ARI,OL,C,62.0,ACT,Evan Brown,Evan,Brown,1996-09-16,75.0,302,Southern Methodist,00-0034495,,,,,,,,,6,"https://static.www.nfl.com/image/upload/f_auto,q_auto/league/q8dqjwzxk3bouggbrdtg",G,10,REG,A01,Evan,BRO430637,46679,32004252-4f43-0637-2be4-bec510785c52,2018,2018.0,,,28.151
9461,2024,ARI,OL,C,62.0,ACT,Evan Brown,Evan,Brown,1996-09-16,75.0,302,Southern Methodist,00-0034495,,,,,,,,,6,"https://static.www.nfl.com/image/upload/f_auto,q_auto/league/q8dqjwzxk3bouggbrdtg",G,8,REG,A01,Evan,BRO430637,46679,32004252-4f43-0637-2be4-bec510785c52,2018,2018.0,,,28.112
9462,2024,ARI,OL,C,62.0,ACT,Evan Brown,Evan,Brown,1996-09-16,75.0,302,Southern Methodist,00-0034495,,,,,,,,,6,"https://static.www.nfl.com/image/upload/f_auto,q_auto/league/q8dqjwzxk3bouggbrdtg",G,16,REG,A01,Evan,BRO430637,46679,32004252-4f43-0637-2be4-bec510785c52,2018,2018.0,,,28.266
9463,2024,ARI,OL,C,62.0,ACT,Evan Brown,Evan,Brown,1996-09-16,75.0,302,Southern Methodist,00-0034495,,,,,,,,,6,"https://static.www.nfl.com/image/upload/f_auto,q_auto/league/q8dqjwzxk3bouggbrdtg",G,9,REG,A01,Evan,BRO430637,46679,32004252-4f43-0637-2be4-bec510785c52,2018,2018.0,,,28.131
9464,2024,ARI,OL,C,62.0,ACT,Evan Brown,Evan,Brown,1996-09-16,75.0,302,Southern Methodist,00-0034495,,,,,,,,,6,"https://static.www.nfl.com/image/upload/f_auto,q_auto/league/q8dqjwzxk3bouggbrdtg",G,6,REG,A01,Evan,BRO430637,46679,32004252-4f43-0637-2be4-bec510785c52,2018,2018.0,,,28.074
9465,2024,ARI,OL,C,62.0,ACT,Evan Brown,Evan,Brown,1996-09-16,75.0,302,Southern Methodist,00-0034495,,,,,,,,,6,"https://static.www.nfl.com/image/upload/f_auto,q_auto/league/q8dqjwzxk3bouggbrdtg",G,15,REG,A01,Evan,BRO430637,46679,32004252-4f43-0637-2be4-bec510785c52,2018,2018.0,,,28.246
9466,2024,ARI,OL,C,62.0,ACT,Evan Brown,Evan,Brown,1996-09-16,75.0,302,Southern Methodist,00-0034495,,,,,,,,,6,"https://static.www.nfl.com/image/upload/f_auto,q_auto/league/q8dqjwzxk3bouggbrdtg",G,5,REG,A01,Evan,BRO430637,46679,32004252-4f43-0637-2be4-bec510785c52,2018,2018.0,,,28.055
9467,2024,ARI,OL,C,62.0,ACT,Evan Brown,Evan,Brown,1996-09-16,75.0,302,Southern Methodist,00-0034495,,,,,,,,,6,"https://static.www.nfl.com/image/upload/f_auto,q_auto/league/q8dqjwzxk3bouggbrdtg",G,4,REG,A01,Evan,BRO430637,46679,32004252-4f43-0637-2be4-bec510785c52,2018,2018.0,,,28.036
9468,2024,ARI,OL,C,62.0,ACT,Evan Brown,Evan,Brown,1996-09-16,75.0,302,Southern Methodist,00-0034495,,,,,,,,,6,"https://static.www.nfl.com/image/upload/f_auto,q_auto/league/q8dqjwzxk3bouggbrdtg",G,17,REG,A01,Evan,BRO430637,46679,32004252-4f43-0637-2be4-bec510785c52,2018,2018.0,,,28.282
9653,2024,ARI,DB,SS,36.0,DEV,Andre Chachere,Andre,Chachere,1996-02-10,72.0,195,San Jose State,00-0034623,3125287,9fe24e8f-360b-4ca6-8e46-6d60d8728efa,31573,12922,51194,,20604,5674,6,"https://static.www.nfl.com/image/upload/f_auto,q_auto/league/viwncfdylftfzljv9phw",,13,REG,P07,Andre,CHA014180,46807,32004348-4101-4180-3457-54bd5d6a2924,2018,2018.0,,,28.808
9655,2024,ARI,DB,SS,36.0,CUT,Andre Chachere,Andre,Chachere,1996-02-10,72.0,195,San Jose State,00-0034623,3125287,9fe24e8f-360b-4ca6-8e46-6d60d8728efa,31573,12922,51194,,20604,5674,6,"https://static.www.nfl.com/image/upload/f_auto,q_auto/league/o1ii0yenyx3scjrqova4",,1,REG,A01,Andre,CHA014180,46807,32004348-4101-4180-3457-54bd5d6a2924,2018,2018.0,,,28.578
9656,2024,ARI,DB,SS,36.0,ACT,Andre Chachere,Andre,Chachere,1996-02-10,72.0,195,San Jose State,00-0034623,3125287,9fe24e8f-360b-4ca6-8e46-6d60d8728efa,31573,12922,51194,,20604,5674,6,"https://static.www.nfl.com/image/upload/f_auto,q_auto/league/viwncfdylftfzljv9phw",,12,REG,P07,Andre,CHA014180,46807,32004348-4101-4180-3457-54bd5d6a2924,2018,2018.0,,,28.789
9657,2024,ARI,DB,SS,36.0,ACT,Andre Chachere,Andre,Chachere,1996-02-10,72.0,195,San Jose State,00-0034623,3125287,9fe24e8f-360b-4ca6-8e46-6d60d8728efa,31573,12922,51194,,20604,5674,6,"https://static.www.nfl.com/image/upload/f_auto,q_auto/league/viwncfdylftfzljv9phw",,17,REG,P07,Andre,CHA014180,46807,32004348-4101-4180-3457-54bd5d6a2924,2018,2018.0,,,28.882
9658,2024,ARI,DB,SS,36.0,DEV,Andre Chachere,Andre,Chachere,1996-02-10,72.0,195,San Jose State,00-0034623,3125287,9fe24e8f-360b-4ca6-8e46-6d60d8728efa,31573,12922,51194,,20604,5674,6,"https://static.www.nfl.com/image/upload/f_auto,q_auto/league/viwncfdylftfzljv9phw",,14,REG,P07,Andre,CHA014180,46807,32004348-4101-4180-3457-54bd5d6a2924,2018,2018.0,,,28.827
9659,2024,ARI,DB,SS,36.0,DEV,Andre Chachere,Andre,Chachere,1996-02-10,72.0,195,San Jose State,00-0034623,3125287,9fe24e8f-360b-4ca6-8e46-6d60d8728efa,31573,12922,51194,,20604,5674,6,"https://static.www.nfl.com/image/upload/f_auto,q_auto/league/viwncfdylftfzljv9phw",,15,REG,P07,Andre,CHA014180,46807,32004348-4101-4180-3457-54bd5d6a2924,2018,2018.0,,,28.846
9661,2024,ARI,DB,SS,36.0,ACT,Andre Chachere,Andre,Chachere,1996-02-10,72.0,195,San Jose State,00-0034623,3125287,9fe24e8f-360b-4ca6-8e46-6d60d8728efa,31573,12922,51194,,20604,5674,6,"https://static.www.nfl.com/image/upload/f_auto,q_auto/league/viwncfdylftfzljv9phw",SAFETY,18,REG,A01,Andre,CHA014180,46807,32004348-4101-4180-3457-54bd5d6a2924,2018,2018.0,,,28.903
9662,2024,ARI,DB,SS,36.0,DEV,Andre Chachere,Andre,Chachere,1996-02-10,72.0,195,San Jose State,00-0034623,3125287,9fe24e8f-360b-4ca6-8e46-6d60d8728efa,31573,12922,51194,,20604,5674,6,"https://static.www.nfl.com/image/upload/f_auto,q_auto/league/viwncfdylftfzljv9phw",,16,REG,P07,Andre,CHA014180,46807,32004348-4101-4180-3457-54bd5d6a2924,2018,2018.0,,,28.865
9763,2024,ARI,DL,DT,93.0,RES,Justin Jones,Justin,Jones,1996-08-28,75.0,309,North Carolina State,00-0034677,3116746,c82a3f67-90b7-4cc8-ac3b-e6cf469cc541,31054,12785,48940,JoneJu03,19881,5063,6,"https://static.www.nfl.com/image/upload/f_auto,q_auto/league/dkzkbowpcvoxyzwsdite",,9,REG,R01,Justin,JON518335,46153,32004a4f-4e51-8335-7d6a-e6b7ff2e09ec,2018,2018.0,LAC,84.0,28.183
9764,2024,ARI,DL,DT,93.0,RES,Justin Jones,Justin,Jones,1996-08-28,75.0,309,North Carolina State,00-0034677,3116746,c82a3f67-90b7-4cc8-ac3b-e6cf469cc541,31054,12785,48940,JoneJu03,19881,5063,6,"https://static.www.nfl.com/image/upload/f_auto,q_auto/league/dkzkbowpcvoxyzwsdite",,15,REG,R01,Justin,JON518335,46153,32004a4f-4e51-8335-7d6a-e6b7ff2e09ec,2018,2018.0,LAC,84.0,28.298
9765,2024,ARI,DL,DT,93.0,RES,Justin Jones,Justin,Jones,1996-08-28,75.0,309,North Carolina State,00-0034677,3116746,c82a3f67-90b7-4cc8-ac3b-e6cf469cc541,31054,12785,48940,JoneJu03,19881,5063,6,"https://static.www.nfl.com/image/upload/f_auto,q_auto/league/dkzkbowpcvoxyzwsdite",,16,REG,R01,Justin,JON518335,46153,32004a4f-4e51-8335-7d6a-e6b7ff2e09ec,2018,2018.0,LAC,84.0,28.318
9766,2024,ARI,DL,DT,93.0,RES,Justin Jones,Justin,Jones,1996-08-28,75.0,309,North Carolina State,00-0034677,3116746,c82a3f67-90b7-4cc8-ac3b-e6cf469cc541,31054,12785,48940,JoneJu03,19881,5063,6,"https://static.www.nfl.com/image/upload/f_auto,q_auto/league/dkzkbowpcvoxyzwsdite",,13,REG,R01,Justin,JON518335,46153,32004a4f-4e51-8335-7d6a-e6b7ff2e09ec,2018,2018.0,LAC,84.0,28.26
9767,2024,ARI,DL,DT,93.0,RES,Justin Jones,Justin,Jones,1996-08-28,75.0,309,North Carolina State,00-0034677,3116746,c82a3f67-90b7-4cc8-ac3b-e6cf469cc541,31054,12785,48940,JoneJu03,19881,5063,6,"https://static.www.nfl.com/image/upload/f_auto,q_auto/league/dkzkbowpcvoxyzwsdite",,14,REG,R01,Justin,JON518335,46153,32004a4f-4e51-8335-7d6a-e6b7ff2e09ec,2018,2018.0,LAC,84.0,28.279
9768,2024,ARI,DL,DT,93.0,ACT,Justin Jones,Justin,Jones,1996-08-28,75.0,309,North Carolina State,00-0034677,3116746,c82a3f67-90b7-4cc8-ac3b-e6cf469cc541,31054,12785,48940,JoneJu03,19881,5063,6,"https://static.www.nfl.com/image/upload/f_auto,q_auto/league/dkzkbowpcvoxyzwsdite",INTERIOR_LINE,3,REG,A01,Justin,JON518335,46153,32004a4f-4e51-8335-7d6a-e6b7ff2e09ec,2018,2018.0,LAC,84.0,28.068
9769,2024,ARI,DL,DT,93.0,RES,Justin Jones,Justin,Jones,1996-08-28,75.0,309,North Carolina State,00-0034677,3116746,c82a3f67-90b7-4cc8-ac3b-e6cf469cc541,31054,12785,48940,JoneJu03,19881,5063,6,"https://static.www.nfl.com/image/upload/f_auto,q_auto/league/dkzkbowpcvoxyzwsdite",,7,REG,R01,Justin,JON518335,46153,32004a4f-4e51-8335-7d6a-e6b7ff2e09ec,2018,2018.0,LAC,84.0,28.148
9770,2024,ARI,DL,DT,93.0,RES,Justin Jones,Justin,Jones,1996-08-28,75.0,309,North Carolina State,00-0034677,3116746,c82a3f67-90b7-4cc8-ac3b-e6cf469cc541,31054,12785,48940,JoneJu03,19881,5063,6,"https://static.www.nfl.com/image/upload/f_auto,q_auto/league/dkzkbowpcvoxyzwsdite",,4,REG,R01,Justin,JON518335,46153,32004a4f-4e51-8335-7d6a-e6b7ff2e09ec,2018,2018.0,LAC,84.0,28.088
9771,2024,ARI,DL,DT,93.0,ACT,Justin Jones,Justin,Jones,1996-08-28,75.0,309,North Carolina State,00-0034677,3116746,c82a3f67-90b7-4cc8-ac3b-e6cf469cc541,31054,12785,48940,JoneJu03,19881,5063,6,"https://static.www.nfl.com/image/upload/f_auto,q_auto/league/dkzkbowpcvoxyzwsdite",INTERIOR_LINE,2,REG,A01,Justin,JON518335,46153,32004a4f-4e51-8335-7d6a-e6b7ff2e09ec,2018,2018.0,LAC,84.0,28.049
9772,2024,ARI,DL,DT,93.0,RES,Justin Jones,Justin,Jones,1996-08-28,75.0,309,North Carolina State,00-0034677,3116746,c82a3f67-90b7-4cc8-ac3b-e6cf469cc541,31054,12785,48940,JoneJu03,19881,5063,6,"https://static.www.nfl.com/image/upload/f_auto,q_auto/league/dkzkbowpcvoxyzwsdite",,17,REG,R01,Justin,JON518335,46153,32004a4f-4e51-8335-7d6a-e6b7ff2e09ec,2018,2018.0,LAC,84.0,28.334
9773,2024,ARI,DL,DT,93.0,RES,Justin Jones,Justin,Jones,1996-08-28,75.0,309,North Carolina State,00-0034677,3116746,c82a3f67-90b7-4cc8-ac3b-e6cf469cc541,31054,12785,48940,JoneJu03,19881,5063,6,"https://static.www.nfl.com/image/upload/f_auto,q_auto/league/dkzkbowpcvoxyzwsdite",,5,REG,R01,Justin,JON518335,46153,32004a4f-4e51-8335-7d6a-e6b7ff2e09ec,2018,2018.0,LAC,84.0,28.107
9774,2024,ARI,DL,DT,93.0,ACT,Justin Jones,Justin,Jones,1996-08-28,75.0,309,North Carolina State,00-0034677,3116746,c82a3f67-90b7-4cc8-ac3b-e6cf469cc541,31054,12785,48940,JoneJu03,19881,5063,6,"https://static.www.nfl.com/image/upload/f_auto,q_auto/league/dkzkbowpcvoxyzwsdite",INTERIOR_LINE,1,REG,A01,Justin,JON518335,46153,32004a4f-4e51-8335-7d6a-e6b7ff2e09ec,2018,2018.0,LAC,84.0,28.03
9775,2024,ARI,DL,DT,93.0,RES,Justin Jones,Justin,Jones,1996-08-28,75.0,309,North Carolina State,00-0034677,3116746,c82a3f67-90b7-4cc8-ac3b-e6cf469cc541,31054,12785,48940,JoneJu03,19881,5063,6,"https://static.www.nfl.com/image/upload/f_auto,q_auto/league/dkzkbowpcvoxyzwsdite",,8,REG,R01,Justin,JON518335,46153,32004a4f-4e51-8335-7d6a-e6b7ff2e09ec,2018,2018.0,LAC,84.0,28.164
9776,2024,ARI,DL,DT,93.0,RES,Justin Jones,Justin,Jones,1996-08-28,75.0,309,North Carolina State,00-0034677,3116746,c82a3f67-90b7-4cc8-ac3b-e6cf469cc541,31054,12785,48940,JoneJu03,19881,5063,6,"https://static.www.nfl.com/image/upload/f_auto,q_auto/league/dkzkbowpcvoxyzwsdite",,10,REG,R01,Justin,JON518335,46153,32004a4f-4e51-8335-7d6a-e6b7ff2e09ec,2018,2018.0,LAC,84.0,28.203
9777,2024,ARI,DL,DT,93.0,RES,Justin Jones,Justin,Jones,1996-08-28,75.0,309,North Carolina State,00-0034677,3116746,c82a3f67-90b7-4cc8-ac3b-e6cf469cc541,31054,12785,48940,JoneJu03,19881,5063,6,"https://static.www.nfl.com/image/upload/f_auto,q_auto/league/dkzkbowpcvoxyzwsdite",,6,REG,R01,Justin,JON518335,46153,32004a4f-4e51-8335-7d6a-e6b7ff2e09ec,2018,2018.0,LAC,84.0,28.126
9778,2024,ARI,DL,DT,93.0,RES,Justin Jones,Justin,Jones,1996-08-28,75.0,309,North Carolina State,00-0034677,3116746,c82a3f67-90b7-4cc8-ac3b-e6cf469cc541,31054,12785,48940,JoneJu03,19881,5063,6,"https://static.www.nfl.com/image/upload/f_auto,q_auto/league/dkzkbowpcvoxyzwsdite",,18,REG,R01,Justin,JON518335,46153,32004a4f-4e51-8335-7d6a-e6b7ff2e09ec,2018,2018.0,LAC,84.0,28.356
9779,2024,ARI,DL,DT,93.0,RES,Justin Jones,Justin,Jones,1996-08-28,75.0,309,North Carolina State,00-0034677,3116746,c82a3f67-90b7-4cc8-ac3b-e6cf469cc541,31054,12785,48940,JoneJu03,19881,5063,6,"https://static.www.nfl.com/image/upload/f_auto,q_auto/league/dkzkbowpcvoxyzwsdite",,12,REG,R01,Justin,JON518335,46153,32004a4f-4e51-8335-7d6a-e6b7ff2e09ec,2018,2018.0,LAC,84.0,28.241
11490,2024,ARI,OL,T,66.0,ACT,Jackson Barton,Jackson,Barton,1995-08-08,79.0,302,Utah,00-0035003,,,,,,,,,5,"https://static.www.nfl.com/image/upload/f_auto,q_auto/league/bguilryx0xvj5w8o531k",T,17,REG,A01,Jackson,BAR782282,48023,32004241-5278-2282-8c37-7b9133140a5a,2019,2019.0,IND,240.0,29.391
11491,2024,ARI,OL,T,66.0,DEV,Jackson Barton,Jackson,Barton,1995-08-08,79.0,302,Utah,00-0035003,,,,,,,,,5,"https://static.www.nfl.com/image/upload/f_auto,q_auto/league/bguilryx0xvj5w8o531k",,12,REG,P02,Jackson,BAR782282,48023,32004241-5278-2282-8c37-7b9133140a5a,2019,2019.0,IND,240.0,29.298
11492,2024,ARI,OL,T,66.0,DEV,Jackson Barton,Jackson,Barton,1995-08-08,79.0,302,Utah,00-0035003,,,,,,,,,5,"https://static.www.nfl.com/image/upload/f_auto,q_auto/league/bguilryx0xvj5w8o531k",,13,REG,P02,Jackson,BAR782282,48023,32004241-5278-2282-8c37-7b9133140a5a,2019,2019.0,IND,240.0,29.317
11493,2024,ARI,OL,T,66.0,ACT,Jackson Barton,Jackson,Barton,1995-08-08,79.0,302,Utah,00-0035003,,,,,,,,,5,"https://static.www.nfl.com/image/upload/f_auto,q_auto/league/bguilryx0xvj5w8o531k",T,3,REG,A01,Jackson,BAR782282,48023,32004241-5278-2282-8c37-7b9133140a5a,2019,2019.0,IND,240.0,29.125
11494,2024,ARI,OL,T,66.0,RES,Jackson Barton,Jackson,Barton,1995-08-08,79.0,302,Utah,00-0035003,,,,,,,,,5,"https://static.www.nfl.com/image/upload/f_auto,q_auto/league/bguilryx0xvj5w8o531k",,18,REG,R01,Jackson,BAR782282,48023,32004241-5278-2282-8c37-7b9133140a5a,2019,2019.0,IND,240.0,29.413
11495,2024,ARI,OL,T,66.0,DEV,Jackson Barton,Jackson,Barton,1995-08-08,79.0,302,Utah,00-0035003,,,,,,,,,5,"https://static.www.nfl.com/image/upload/f_auto,q_auto/league/bguilryx0xvj5w8o531k",,1,REG,P01,Jackson,BAR782282,48023,32004241-5278-2282-8c37-7b9133140a5a,2019,2019.0,IND,240.0,29.087
11496,2024,ARI,OL,T,66.0,DEV,Jackson Barton,Jackson,Barton,1995-08-08,79.0,302,Utah,00-0035003,,,,,,,,,5,"https://static.www.nfl.com/image/upload/f_auto,q_auto/league/bguilryx0xvj5w8o531k",,5,REG,P02,Jackson,BAR782282,48023,32004241-5278-2282-8c37-7b9133140a5a,2019,2019.0,IND,240.0,29.164
11497,2024,ARI,OL,T,66.0,DEV,Jackson Barton,Jackson,Barton,1995-08-08,79.0,302,Utah,00-0035003,,,,,,,,,5,"https://static.www.nfl.com/image/upload/f_auto,q_auto/league/bguilryx0xvj5w8o531k",,6,REG,P02,Jackson,BAR782282,48023,32004241-5278-2282-8c37-7b9133140a5a,2019,2019.0,IND,240.0,29.183
11498,2024,ARI,OL,T,66.0,ACT,Jackson Barton,Jackson,Barton,1995-08-08,79.0,302,Utah,00-0035003,,,,,,,,,5,"https://static.www.nfl.com/image/upload/f_auto,q_auto/league/bguilryx0xvj5w8o531k",T,2,REG,A01,Jackson,BAR782282,48023,32004241-5278-2282-8c37-7b9133140a5a,2019,2019.0,IND,240.0,29.106
11499,2024,ARI,OL,T,66.0,DEV,Jackson Barton,Jackson,Barton,1995-08-08,79.0,302,Utah,00-0035003,,,,,,,,,5,"https://static.www.nfl.com/image/upload/f_auto,q_auto/league/bguilryx0xvj5w8o531k",,15,REG,P01,Jackson,BAR782282,48023,32004241-5278-2282-8c37-7b9133140a5a,2019,2019.0,IND,240.0,29.355
11500,2024,ARI,OL,T,66.0,DEV,Jackson Barton,Jackson,Barton,1995-08-08,79.0,302,Utah,00-0035003,,,,,,,,,5,"https://static.www.nfl.com/image/upload/f_auto,q_auto/league/bguilryx0xvj5w8o531k",,14,REG,P01,Jackson,BAR782282,48023,32004241-5278-2282-8c37-7b9133140a5a,2019,2019.0,IND,240.0,29.336
11501,2024,ARI,OL,T,66.0,DEV,Jackson Barton,Jackson,Barton,1995-08-08,79.0,302,Utah,00-0035003,,,,,,,,,5,"https://static.www.nfl.com/image/upload/f_auto,q_auto/league/bguilryx0xvj5w8o531k",,7,REG,P02,Jackson,BAR782282,48023,32004241-5278-2282-8c37-7b9133140a5a,2019,2019.0,IND,240.0,29.205
11502,2024,ARI,OL,T,66.0,DEV,Jackson Barton,Jackson,Barton,1995-08-08,79.0,302,Utah,00-0035003,,,,,,,,,5,"https://static.www.nfl.com/image/upload/f_auto,q_auto/league/bguilryx0xvj5w8o531k",,4,REG,P02,Jackson,BAR782282,48023,32004241-5278-2282-8c37-7b9133140a5a,2019,2019.0,IND,240.0,29.144
11503,2024,ARI,OL,T,66.0,ACT,Jackson Barton,Jackson,Barton,1995-08-08,79.0,302,Utah,00-0035003,,,,,,,,,5,"https://static.www.nfl.com/image/upload/f_auto,q_auto/league/bguilryx0xvj5w8o531k",T,16,REG,A01,Jackson,BAR782282,48023,32004241-5278-2282-8c37-7b9133140a5a,2019,2019.0,IND,240.0,29.374
11504,2024,ARI,OL,T,66.0,DEV,Jackson Barton,Jackson,Barton,1995-08-08,79.0,302,Utah,00-0035003,,,,,,,,,5,"https://static.www.nfl.com/image/upload/f_auto,q_auto/league/bguilryx0xvj5w8o531k",,8,REG,P02,Jackson,BAR782282,48023,32004241-5278-2282-8c37-7b9133140a5a,2019,2019.0,IND,240.0,29.221
11505,2024,ARI,OL,T,66.0,DEV,Jackson Barton,Jackson,Barton,1995-08-08,79.0,302,Utah,00-0035003,,,,,,,,,5,"https://static.www.nfl.com/image/upload/f_auto,q_auto/league/bguilryx0xvj5w8o531k",,10,REG,P02,Jackson,BAR782282,48023,32004241-5278-2282-8c37-7b9133140a5a,2019,2019.0,IND,240.0,29.259
11506,2024,ARI,OL,T,66.0,DEV,Jackson Barton,Jackson,Barton,1995-08-08,79.0,302,Utah,00-0035003,,,,,,,,,5,"https://static.www.nfl.com/image/upload/f_auto,q_auto/league/bguilryx0xvj5w8o531k",,9,REG,P02,Jackson,BAR782282,48023,32004241-5278-2282-8c37-7b9133140a5a,2019,2019.0,IND,240.0,29.24
11880,2024,ARI,LB,ILB,2.0,ACT,Mack Wilson,Mack,Wilson,1998-02-14,73.0,240,Alabama,00-0035144,4040983,0790a8d6-5316-4204-91a6-8508ca48973b,31987,13609,43190,WilsMa03,20994,6131,5,"https://static.www.nfl.com/image/upload/f_auto,q_auto/league/zjazfilpr7k2agiwqpxn",EDGE,4,REG,A01,Mack,WIL747169,47938,32005749-4c74-7169-f251-e69c40d45765,2019,2019.0,CLE,155.0,26.623
11881,2024,ARI,LB,ILB,2.0,ACT,Mack Wilson,Mack,Wilson,1998-02-14,73.0,240,Alabama,00-0035144,4040983,0790a8d6-5316-4204-91a6-8508ca48973b,31987,13609,43190,WilsMa03,20994,6131,5,"https://static.www.nfl.com/image/private/f_auto,q_auto/league/hw2es1jqvydys4g7wjc9",MLB,1,REG,A01,Mack,WIL747169,47938,32005749-4c74-7169-f251-e69c40d45765,2019,2019.0,CLE,155.0,26.565
11882,2024,ARI,LB,ILB,2.0,ACT,Mack Wilson,Mack,Wilson,1998-02-14,73.0,240,Alabama,00-0035144,4040983,0790a8d6-5316-4204-91a6-8508ca48973b,31987,13609,43190,WilsMa03,20994,6131,5,"https://static.www.nfl.com/image/upload/f_auto,q_auto/league/zjazfilpr7k2agiwqpxn",EDGE,18,REG,A01,Mack,WIL747169,47938,32005749-4c74-7169-f251-e69c40d45765,2019,2019.0,CLE,155.0,26.891
11883,2024,ARI,LB,ILB,2.0,ACT,Mack Wilson,Mack,Wilson,1998-02-14,73.0,240,Alabama,00-0035144,4040983,0790a8d6-5316-4204-91a6-8508ca48973b,31987,13609,43190,WilsMa03,20994,6131,5,"https://static.www.nfl.com/image/upload/f_auto,q_auto/league/zjazfilpr7k2agiwqpxn",MLB,15,REG,A01,Mack,WIL747169,47938,32005749-4c74-7169-f251-e69c40d45765,2019,2019.0,CLE,155.0,26.834
11884,2024,ARI,LB,ILB,2.0,ACT,Mack Wilson,Mack,Wilson,1998-02-14,73.0,240,Alabama,00-0035144,4040983,0790a8d6-5316-4204-91a6-8508ca48973b,31987,13609,43190,WilsMa03,20994,6131,5,"https://static.www.nfl.com/image/upload/f_auto,q_auto/league/zjazfilpr7k2agiwqpxn",EDGE,17,REG,A01,Mack,WIL747169,47938,32005749-4c74-7169-f251-e69c40d45765,2019,2019.0,CLE,155.0,26.869
11885,2024,ARI,LB,ILB,2.0,ACT,Mack Wilson,Mack,Wilson,1998-02-14,73.0,240,Alabama,00-0035144,4040983,0790a8d6-5316-4204-91a6-8508ca48973b,31987,13609,43190,WilsMa03,20994,6131,5,"https://static.www.nfl.com/image/upload/f_auto,q_auto/league/zjazfilpr7k2agiwqpxn",MLB,12,REG,A01,Mack,WIL747169,47938,32005749-4c74-7169-f251-e69c40d45765,2019,2019.0,CLE,155.0,26.776
11886,2024,ARI,LB,ILB,2.0,ACT,Mack Wilson,Mack,Wilson,1998-02-14,73.0,240,Alabama,00-0035144,4040983,0790a8d6-5316-4204-91a6-8508ca48973b,31987,13609,43190,WilsMa03,20994,6131,5,"https://static.www.nfl.com/image/upload/f_auto,q_auto/league/zjazfilpr7k2agiwqpxn",MLB,13,REG,A01,Mack,WIL747169,47938,32005749-4c74-7169-f251-e69c40d45765,2019,2019.0,CLE,155.0,26.795
11887,2024,ARI,LB,ILB,2.0,ACT,Mack Wilson,Mack,Wilson,1998-02-14,73.0,240,Alabama,00-0035144,4040983,0790a8d6-5316-4204-91a6-8508ca48973b,31987,13609,43190,WilsMa03,20994,6131,5,"https://static.www.nfl.com/image/upload/f_auto,q_auto/league/zjazfilpr7k2agiwqpxn",EDGE,3,REG,A01,Mack,WIL747169,47938,32005749-4c74-7169-f251-e69c40d45765,2019,2019.0,CLE,155.0,26.604
11888,2024,ARI,LB,ILB,2.0,ACT,Mack Wilson,Mack,Wilson,1998-02-14,73.0,240,Alabama,00-0035144,4040983,0790a8d6-5316-4204-91a6-8508ca48973b,31987,13609,43190,WilsMa03,20994,6131,5,"https://static.www.nfl.com/image/upload/f_auto,q_auto/league/zjazfilpr7k2agiwqpxn",MLB,14,REG,A01,Mack,WIL747169,47938,32005749-4c74-7169-f251-e69c40d45765,2019,2019.0,CLE,155.0,26.815
11889,2024,ARI,LB,ILB,2.0,ACT,Mack Wilson,Mack,Wilson,1998-02-14,73.0,240,Alabama,00-0035144,4040983,0790a8d6-5316-4204-91a6-8508ca48973b,31987,13609,43190,WilsMa03,20994,6131,5,"https://static.www.nfl.com/image/upload/f_auto,q_auto/league/zjazfilpr7k2agiwqpxn",EDGE,5,REG,A01,Mack,WIL747169,47938,32005749-4c74-7169-f251-e69c40d45765,2019,2019.0,CLE,155.0,26.642
11890,2024,ARI,LB,ILB,2.0,ACT,Mack Wilson,Mack,Wilson,1998-02-14,73.0,240,Alabama,00-0035144,4040983,0790a8d6-5316-4204-91a6-8508ca48973b,31987,13609,43190,WilsMa03,20994,6131,5,"https://static.www.nfl.com/image/upload/f_auto,q_auto/league/zjazfilpr7k2agiwqpxn",EDGE,8,REG,A01,Mack,WIL747169,47938,32005749-4c74-7169-f251-e69c40d45765,2019,2019.0,CLE,155.0,26.7
11891,2024,ARI,LB,ILB,2.0,INA,Mack Wilson,Mack,Wilson,1998-02-14,73.0,240,Alabama,00-0035144,4040983,0790a8d6-5316-4204-91a6-8508ca48973b,31987,13609,43190,WilsMa03,20994,6131,5,"https://static.www.nfl.com/image/upload/f_auto,q_auto/league/zjazfilpr7k2agiwqpxn",,16,REG,A01,Mack,WIL747169,47938,32005749-4c74-7169-f251-e69c40d45765,2019,2019.0,CLE,155.0,26.853
11892,2024,ARI,LB,ILB,2.0,ACT,Mack Wilson,Mack,Wilson,1998-02-14,73.0,240,Alabama,00-0035144,4040983,0790a8d6-5316-4204-91a6-8508ca48973b,31987,13609,43190,WilsMa03,20994,6131,5,"https://static.www.nfl.com/image/upload/f_auto,q_auto/league/zjazfilpr7k2agiwqpxn",EDGE,6,REG,A01,Mack,WIL747169,47938,32005749-4c74-7169-f251-e69c40d45765,2019,2019.0,CLE,155.0,26.661
11893,2024,ARI,LB,ILB,2.0,ACT,Mack Wilson,Mack,Wilson,1998-02-14,73.0,240,Alabama,00-0035144,4040983,0790a8d6-5316-4204-91a6-8508ca48973b,31987,13609,43190,WilsMa03,20994,6131,5,"https://static.www.nfl.com/image/upload/f_auto,q_auto/league/zjazfilpr7k2agiwqpxn",EDGE,9,REG,A01,Mack,WIL747169,47938,32005749-4c74-7169-f251-e69c40d45765,2019,2019.0,CLE,155.0,26.719
11894,2024,ARI,LB,ILB,2.0,ACT,Mack Wilson,Mack,Wilson,1998-02-14,73.0,240,Alabama,00-0035144,4040983,0790a8d6-5316-4204-91a6-8508ca48973b,31987,13609,43190,WilsMa03,20994,6131,5,"https://static.www.nfl.com/image/upload/f_auto,q_auto/league/zjazfilpr7k2agiwqpxn",EDGE,2,REG,A01,Mack,WIL747169,47938,32005749-4c74-7169-f251-e69c40d45765,2019,2019.0,CLE,155.0,26.585
11895,2024,ARI,LB,ILB,2.0,ACT,Mack Wilson,Mack,Wilson,1998-02-14,73.0,240,Alabama,00-0035144,4040983,0790a8d6-5316-4204-91a6-8508ca48973b,31987,13609,43190,WilsMa03,20994,6131,5,"https://static.www.nfl.com/image/upload/f_auto,q_auto/league/zjazfilpr7k2agiwqpxn",MLB,10,REG,A01,Mack,WIL747169,47938,32005749-4c74-7169-f251-e69c40d45765,2019,2019.0,CLE,155.0,26.738
11896,2024,ARI,LB,ILB,2.0,ACT,Mack Wilson,Mack,Wilson,1998-02-14,73.0,240,Alabama,00-0035144,4040983,0790a8d6-5316-4204-91a6-8508ca48973b,31987,13609,43190,WilsMa03,20994,6131,5,"https://static.www.nfl.com/image/upload/f_auto,q_auto/league/zjazfilpr7k2agiwqpxn",EDGE,7,REG,A01,Mack,WIL747169,47938,32005749-4c74-7169-f251-e69c40d45765,2019,2019.0,CLE,155.0,26.683
12183,2024,ARI,QB,QB,1.0,ACT,Kyler Murray,Kyler,Murray,1997-08-07,70.0,207,Oklahoma,00-0035228,3917315,dd5a6b6e-ffae-45a5-b8e6-718a9251f374,31833,13613,38334,MurrKy00,20889,5849,5,"https://static.www.nfl.com/image/upload/f_auto,q_auto/league/lsladvvsaptc29bbcah2",QB,14,REG,A01,Kyler,MUR670413,47784,32004d55-5267-0413-8d36-a5c3fd781aa0,2019,2019.0,ARI,1.0,27.337
12184,2024,ARI,QB,QB,1.0,ACT,Kyler Murray,Kyler,Murray,1997-08-07,70.0,207,Oklahoma,00-0035228,3917315,dd5a6b6e-ffae-45a5-b8e6-718a9251f374,31833,13613,38334,MurrKy00,20889,5849,5,"https://static.www.nfl.com/image/upload/f_auto,q_auto/league/lsladvvsaptc29bbcah2",QB,9,REG,A01,Kyler,MUR670413,47784,32004d55-5267-0413-8d36-a5c3fd781aa0,2019,2019.0,ARI,1.0,27.242
12185,2024,ARI,QB,QB,1.0,ACT,Kyler Murray,Kyler,Murray,1997-08-07,70.0,207,Oklahoma,00-0035228,3917315,dd5a6b6e-ffae-45a5-b8e6-718a9251f374,31833,13613,38334,MurrKy00,20889,5849,5,"https://static.www.nfl.com/image/upload/f_auto,q_auto/league/lsladvvsaptc29bbcah2",QB,8,REG,A01,Kyler,MUR670413,47784,32004d55-5267-0413-8d36-a5c3fd781aa0,2019,2019.0,ARI,1.0,27.222
12186,2024,ARI,QB,QB,1.0,ACT,Kyler Murray,Kyler,Murray,1997-08-07,70.0,207,Oklahoma,00-0035228,3917315,dd5a6b6e-ffae-45a5-b8e6-718a9251f374,31833,13613,38334,MurrKy00,20889,5849,5,"https://static.www.nfl.com/image/upload/f_auto,q_auto/league/lsladvvsaptc29bbcah2",QB,2,REG,A01,Kyler,MUR670413,47784,32004d55-5267-0413-8d36-a5c3fd781aa0,2019,2019.0,ARI,1.0,27.107
12187,2024,ARI,QB,QB,1.0,ACT,Kyler Murray,Kyler,Murray,1997-08-07,70.0,207,Oklahoma,00-0035228,3917315,dd5a6b6e-ffae-45a5-b8e6-718a9251f374,31833,13613,38334,MurrKy00,20889,5849,5,"https://static.www.nfl.com/image/upload/f_auto,q_auto/league/lsladvvsaptc29bbcah2",QB,10,REG,A01,Kyler,MUR670413,47784,32004d55-5267-0413-8d36-a5c3fd781aa0,2019,2019.0,ARI,1.0,27.261
12188,2024,ARI,QB,QB,1.0,ACT,Kyler Murray,Kyler,Murray,1997-08-07,70.0,207,Oklahoma,00-0035228,3917315,dd5a6b6e-ffae-45a5-b8e6-718a9251f374,31833,13613,38334,MurrKy00,20889,5849,5,"https://static.www.nfl.com/image/upload/f_auto,q_auto/league/lsladvvsaptc29bbcah2",QB,12,REG,A01,Kyler,MUR670413,47784,32004d55-5267-0413-8d36-a5c3fd781aa0,2019,2019.0,ARI,1.0,27.299
12189,2024,ARI,QB,QB,1.0,ACT,Kyler Murray,Kyler,Murray,1997-08-07,70.0,207,Oklahoma,00-0035228,3917315,dd5a6b6e-ffae-45a5-b8e6-718a9251f374,31833,13613,38334,MurrKy00,20889,5849,5,"https://static.www.nfl.com/image/upload/f_auto,q_auto/league/lsladvvsaptc29bbcah2",QB,5,REG,A01,Kyler,MUR670413,47784,32004d55-5267-0413-8d36-a5c3fd781aa0,2019,2019.0,ARI,1.0,27.165
12190,2024,ARI,QB,QB,1.0,ACT,Kyler Murray,Kyler,Murray,1997-08-07,70.0,207,Oklahoma,00-0035228,3917315,dd5a6b6e-ffae-45a5-b8e6-718a9251f374,31833,13613,38334,MurrKy00,20889,5849,5,"https://static.www.nfl.com/image/upload/f_auto,q_auto/league/lsladvvsaptc29bbcah2",QB,17,REG,A01,Kyler,MUR670413,47784,32004d55-5267-0413-8d36-a5c3fd781aa0,2019,2019.0,ARI,1.0,27.392
12191,2024,ARI,QB,QB,1.0,ACT,Kyler Murray,Kyler,Murray,1997-08-07,70.0,207,Oklahoma,00-0035228,3917315,dd5a6b6e-ffae-45a5-b8e6-718a9251f374,31833,13613,38334,MurrKy00,20889,5849,5,"https://static.www.nfl.com/image/upload/f_auto,q_auto/league/lsladvvsaptc29bbcah2",QB,3,REG,A01,Kyler,MUR670413,47784,32004d55-5267-0413-8d36-a5c3fd781aa0,2019,2019.0,ARI,1.0,27.127
12192,2024,ARI,QB,QB,1.0,ACT,Kyler Murray,Kyler,Murray,1997-08-07,70.0,207,Oklahoma,00-0035228,3917315,dd5a6b6e-ffae-45a5-b8e6-718a9251f374,31833,13613,38334,MurrKy00,20889,5849,5,"https://static.www.nfl.com/image/upload/f_auto,q_auto/league/lsladvvsaptc29bbcah2",QB,15,REG,A01,Kyler,MUR670413,47784,32004d55-5267-0413-8d36-a5c3fd781aa0,2019,2019.0,ARI,1.0,27.357
12193,2024,ARI,QB,QB,1.0,ACT,Kyler Murray,Kyler,Murray,1997-08-07,70.0,207,Oklahoma,00-0035228,3917315,dd5a6b6e-ffae-45a5-b8e6-718a9251f374,31833,13613,38334,MurrKy00,20889,5849,5,"https://static.www.nfl.com/image/upload/f_auto,q_auto/league/lsladvvsaptc29bbcah2",QB,7,REG,A01,Kyler,MUR670413,47784,32004d55-5267-0413-8d36-a5c3fd781aa0,2019,2019.0,ARI,1.0,27.206
12194,2024,ARI,QB,QB,1.0,ACT,Kyler Murray,Kyler,Murray,1997-08-07,70.0,207,Oklahoma,00-0035228,3917315,dd5a6b6e-ffae-45a5-b8e6-718a9251f374,31833,13613,38334,MurrKy00,20889,5849,5,"https://static.www.nfl.com/image/upload/f_auto,q_auto/league/lsladvvsaptc29bbcah2",QB,6,REG,A01,Kyler,MUR670413,47784,32004d55-5267-0413-8d36-a5c3fd781aa0,2019,2019.0,ARI,1.0,27.184
12195,2024,ARI,QB,QB,1.0,ACT,Kyler Murray,Kyler,Murray,1997-08-07,70.0,207,Oklahoma,00-0035228,3917315,dd5a6b6e-ffae-45a5-b8e6-718a9251f374,31833,13613,38334,MurrKy00,20889,5849,5,"https://static.www.nfl.com/image/upload/f_auto,q_auto/league/lsladvvsaptc29bbcah2",QB,18,REG,A01,Kyler,MUR670413,47784,32004d55-5267-0413-8d36-a5c3fd781aa0,2019,2019.0,ARI,1.0,27.414
12196,2024,ARI,QB,QB,1.0,ACT,Kyler Murray,Kyler,Murray,1997-08-07,70.0,207,Oklahoma,00-0035228,3917315,dd5a6b6e-ffae-45a5-b8e6-718a9251f374,31833,13613,38334,MurrKy00,20889,5849,5,"https://static.www.nfl.com/image/upload/f_auto,q_auto/league/lsladvvsaptc29bbcah2",QB,16,REG,A01,Kyler,MUR670413,47784,32004d55-5267-0413-8d36-a5c3fd781aa0,2019,2019.0,ARI,1.0,27.376
12197,2024,ARI,QB,QB,1.0,ACT,Kyler Murray,Kyler,Murray,1997-08-07,70.0,207,Oklahoma,00-0035228,3917315,dd5a6b6e-ffae-45a5-b8e6-718a9251f374,31833,13613,38334,MurrKy00,20889,5849,5,"https://static.www.nfl.com/image/upload/f_auto,q_auto/league/lsladvvsaptc29bbcah2",QB,1,REG,A01,Kyler,MUR670413,47784,32004d55-5267-0413-8d36-a5c3fd781aa0,2019,2019.0,ARI,1.0,27.088
12198,2024,ARI,QB,QB,1.0,ACT,Kyler Murray,Kyler,Murray,1997-08-07,70.0,207,Oklahoma,00-0035228,3917315,dd5a6b6e-ffae-45a5-b8e6-718a9251f374,31833,13613,38334,MurrKy00,20889,5849,5,"https://static.www.nfl.com/image/upload/f_auto,q_auto/league/lsladvvsaptc29bbcah2",QB,4,REG,A01,Kyler,MUR670413,47784,32004d55-5267-0413-8d36-a5c3fd781aa0,2019,2019.0,ARI,1.0,27.146
12199,2024,ARI,QB,QB,1.0,ACT,Kyler Murray,Kyler,Murray,1997-08-07,70.0,207,Oklahoma,00-0035228,3917315,dd5a6b6e-ffae-45a5-b8e6-718a9251f374,31833,13613,38334,MurrKy00,20889,5849,5,"https://static.www.nfl.com/image/upload/f_auto,q_auto/league/lsladvvsaptc29bbcah2",QB,13,REG,A01,Kyler,MUR670413,47784,32004d55-5267-0413-8d36-a5c3fd781aa0,2019,2019.0,ARI,1.0,27.318
12364,2024,ARI,DB,CB,23.0,ACT,Sean Murphy-Bunting,Sean,Murphy-Bunting,1997-06-19,72.0,195,Central Michigan,00-0035239,3932886,f84bf885-d6ff-4fc8-8b6e-64bb3bceb17d,31871,13648,25891,BuntSe00,21050,6060,5,"https://static.www.nfl.com/image/upload/f_auto,q_auto/league/ddyearvwzjb4jmunqlei",CB,3,REG,A01,Sean,BUN571021,47822,32004255-4e57-1021-66ef-1efc8a34ff51,2019,2019.0,TB,39.0,27.261
12365,2024,ARI,DB,CB,23.0,ACT,Sean Murphy-Bunting,Sean,Murphy-Bunting,1997-06-19,72.0,195,Central Michigan,00-0035239,3932886,f84bf885-d6ff-4fc8-8b6e-64bb3bceb17d,31871,13648,25891,BuntSe00,21050,6060,5,"https://static.www.nfl.com/image/upload/f_auto,q_auto/league/ddyearvwzjb4jmunqlei",CB,1,REG,A01,Sean,BUN571021,47822,32004255-4e57-1021-66ef-1efc8a34ff51,2019,2019.0,TB,39.0,27.222
12366,2024,ARI,DB,CB,23.0,INA,Sean Murphy-Bunting,Sean,Murphy-Bunting,1997-06-19,72.0,195,Central Michigan,00-0035239,3932886,f84bf885-d6ff-4fc8-8b6e-64bb3bceb17d,31871,13648,25891,BuntSe00,21050,6060,5,"https://static.www.nfl.com/image/upload/f_auto,q_auto/league/ddyearvwzjb4jmunqlei",,8,REG,I01,Sean,BUN571021,47822,32004255-4e57-1021-66ef-1efc8a34ff51,2019,2019.0,TB,39.0,27.357
12367,2024,ARI,DB,CB,23.0,ACT,Sean Murphy-Bunting,Sean,Murphy-Bunting,1997-06-19,72.0,195,Central Michigan,00-0035239,3932886,f84bf885-d6ff-4fc8-8b6e-64bb3bceb17d,31871,13648,25891,BuntSe00,21050,6060,5,"https://static.www.nfl.com/image/upload/f_auto,q_auto/league/ddyearvwzjb4jmunqlei",CB,5,REG,A01,Sean,BUN571021,47822,32004255-4e57-1021-66ef-1efc8a34ff51,2019,2019.0,TB,39.0,27.299
12368,2024,ARI,DB,CB,23.0,ACT,Sean Murphy-Bunting,Sean,Murphy-Bunting,1997-06-19,72.0,195,Central Michigan,00-0035239,3932886,f84bf885-d6ff-4fc8-8b6e-64bb3bceb17d,31871,13648,25891,BuntSe00,21050,6060,5,"https://static.www.nfl.com/image/upload/f_auto,q_auto/league/ddyearvwzjb4jmunqlei",CB,13,REG,A01,Sean,BUN571021,47822,32004255-4e57-1021-66ef-1efc8a34ff51,2019,2019.0,TB,39.0,27.452
12369,2024,ARI,DB,CB,23.0,ACT,Sean Murphy-Bunting,Sean,Murphy-Bunting,1997-06-19,72.0,195,Central Michigan,00-0035239,3932886,f84bf885-d6ff-4fc8-8b6e-64bb3bceb17d,31871,13648,25891,BuntSe00,21050,6060,5,"https://static.www.nfl.com/image/upload/f_auto,q_auto/league/ddyearvwzjb4jmunqlei",CB,18,REG,A01,Sean,BUN571021,47822,32004255-4e57-1021-66ef-1efc8a34ff51,2019,2019.0,TB,39.0,27.548
12370,2024,ARI,DB,CB,23.0,ACT,Sean Murphy-Bunting,Sean,Murphy-Bunting,1997-06-19,72.0,195,Central Michigan,00-0035239,3932886,f84bf885-d6ff-4fc8-8b6e-64bb3bceb17d,31871,13648,25891,BuntSe00,21050,6060,5,"https://static.www.nfl.com/image/upload/f_auto,q_auto/league/ddyearvwzjb4jmunqlei",CB,14,REG,A01,Sean,BUN571021,47822,32004255-4e57-1021-66ef-1efc8a34ff51,2019,2019.0,TB,39.0,27.472
12371,2024,ARI,DB,CB,23.0,ACT,Sean Murphy-Bunting,Sean,Murphy-Bunting,1997-06-19,72.0,195,Central Michigan,00-0035239,3932886,f84bf885-d6ff-4fc8-8b6e-64bb3bceb17d,31871,13648,25891,BuntSe00,21050,6060,5,"https://static.www.nfl.com/image/upload/f_auto,q_auto/league/ddyearvwzjb4jmunqlei",CB,15,REG,A01,Sean,BUN571021,47822,32004255-4e57-1021-66ef-1efc8a34ff51,2019,2019.0,TB,39.0,27.491
12372,2024,ARI,DB,CB,23.0,INA,Sean Murphy-Bunting,Sean,Murphy-Bunting,1997-06-19,72.0,195,Central Michigan,00-0035239,3932886,f84bf885-d6ff-4fc8-8b6e-64bb3bceb17d,31871,13648,25891,BuntSe00,21050,6060,5,"https://static.www.nfl.com/image/upload/f_auto,q_auto/league/ddyearvwzjb4jmunqlei",,9,REG,I01,Sean,BUN571021,47822,32004255-4e57-1021-66ef-1efc8a34ff51,2019,2019.0,TB,39.0,27.376
12373,2024,ARI,DB,CB,23.0,ACT,Sean Murphy-Bunting,Sean,Murphy-Bunting,1997-06-19,72.0,195,Central Michigan,00-0035239,3932886,f84bf885-d6ff-4fc8-8b6e-64bb3bceb17d,31871,13648,25891,BuntSe00,21050,6060,5,"https://static.www.nfl.com/image/upload/f_auto,q_auto/league/ddyearvwzjb4jmunqlei",CB,4,REG,A01,Sean,BUN571021,47822,32004255-4e57-1021-66ef-1efc8a34ff51,2019,2019.0,TB,39.0,27.28
12374,2024,ARI,DB,CB,23.0,ACT,Sean Murphy-Bunting,Sean,Murphy-Bunting,1997-06-19,72.0,195,Central Michigan,00-0035239,3932886,f84bf885-d6ff-4fc8-8b6e-64bb3bceb17d,31871,13648,25891,BuntSe00,21050,6060,5,"https://static.www.nfl.com/image/upload/f_auto,q_auto/league/ddyearvwzjb4jmunqlei",CB,17,REG,A01,Sean,BUN571021,47822,32004255-4e57-1021-66ef-1efc8a34ff51,2019,2019.0,TB,39.0,27.526
12375,2024,ARI,DB,CB,23.0,ACT,Sean Murphy-Bunting,Sean,Murphy-Bunting,1997-06-19,72.0,195,Central Michigan,00-0035239,3932886,f84bf885-d6ff-4fc8-8b6e-64bb3bceb17d,31871,13648,25891,BuntSe00,21050,6060,5,"https://static.www.nfl.com/image/upload/f_auto,q_auto/league/ddyearvwzjb4jmunqlei",CB,7,REG,A01,Sean,BUN571021,47822,32004255-4e57-1021-66ef-1efc8a34ff51,2019,2019.0,TB,39.0,27.34
12376,2024,ARI,DB,CB,23.0,ACT,Sean Murphy-Bunting,Sean,Murphy-Bunting,1997-06-19,72.0,195,Central Michigan,00-0035239,3932886,f84bf885-d6ff-4fc8-8b6e-64bb3bceb17d,31871,13648,25891,BuntSe00,21050,6060,5,"https://static.www.nfl.com/image/upload/f_auto,q_auto/league/ddyearvwzjb4jmunqlei",CB,10,REG,A01,Sean,BUN571021,47822,32004255-4e57-1021-66ef-1efc8a34ff51,2019,2019.0,TB,39.0,27.395
12377,2024,ARI,DB,CB,23.0,ACT,Sean Murphy-Bunting,Sean,Murphy-Bunting,1997-06-19,72.0,195,Central Michigan,00-0035239,3932886,f84bf885-d6ff-4fc8-8b6e-64bb3bceb17d,31871,13648,25891,BuntSe00,21050,6060,5,"https://static.www.nfl.com/image/upload/f_auto,q_auto/league/ddyearvwzjb4jmunqlei",CB,12,REG,A01,Sean,BUN571021,47822,32004255-4e57-1021-66ef-1efc8a34ff51,2019,2019.0,TB,39.0,27.433
12378,2024,ARI,DB,CB,23.0,ACT,Sean Murphy-Bunting,Sean,Murphy-Bunting,1997-06-19,72.0,195,Central Michigan,00-0035239,3932886,f84bf885-d6ff-4fc8-8b6e-64bb3bceb17d,31871,13648,25891,BuntSe00,21050,6060,5,"https://static.www.nfl.com/image/upload/f_auto,q_auto/league/ddyearvwzjb4jmunqlei",CB,6,REG,A01,Sean,BUN571021,47822,32004255-4e57-1021-66ef-1efc8a34ff51,2019,2019.0,TB,39.0,27.318
12379,2024,ARI,DB,CB,23.0,ACT,Sean Murphy-Bunting,Sean,Murphy-Bunting,1997-06-19,72.0,195,Central Michigan,00-0035239,3932886,f84bf885-d6ff-4fc8-8b6e-64bb3bceb17d,31871,13648,25891,BuntSe00,21050,6060,5,"https://static.www.nfl.com/image/upload/f_auto,q_auto/league/ddyearvwzjb4jmunqlei",CB,16,REG,A01,Sean,BUN571021,47822,32004255-4e57-1021-66ef-1efc8a34ff51,2019,2019.0,TB,39.0,27.51
12380,2024,ARI,DB,CB,23.0,ACT,Sean Murphy-Bunting,Sean,Murphy-Bunting,1997-06-19,72.0,195,Central Michigan,00-0035239,3932886,f84bf885-d6ff-4fc8-8b6e-64bb3bceb17d,31871,13648,25891,BuntSe00,21050,6060,5,"https://static.www.nfl.com/image/upload/f_auto,q_auto/league/ddyearvwzjb4jmunqlei",CB,2,REG,A01,Sean,BUN571021,47822,32004255-4e57-1021-66ef-1efc8a34ff51,2019,2019.0,TB,39.0,27.242
12606,2024,ARI,OL,C,72.0,ACT,Hjalte Froholdt,Hjalte,Froholdt,1996-08-20,77.0,310,Arkansas,00-0035258,,,,,,,,,5,"https://static.www.nfl.com/image/upload/f_auto,q_auto/league/eizw5p0avmxd3p6svun8",C,16,REG,A01,Hjalte,FRO242081,47901,32004652-4f24-2081-4dce-09bac366d016,2019,2019.0,NE,118.0,28.339
12607,2024,ARI,OL,C,72.0,ACT,Hjalte Froholdt,Hjalte,Froholdt,1996-08-20,77.0,310,Arkansas,00-0035258,,,,,,,,,5,"https://static.www.nfl.com/image/upload/f_auto,q_auto/league/eizw5p0avmxd3p6svun8",C,3,REG,A01,Hjalte,FRO242081,47901,32004652-4f24-2081-4dce-09bac366d016,2019,2019.0,NE,118.0,28.09
12608,2024,ARI,OL,C,72.0,ACT,Hjalte Froholdt,Hjalte,Froholdt,1996-08-20,77.0,310,Arkansas,00-0035258,,,,,,,,,5,"https://static.www.nfl.com/image/upload/f_auto,q_auto/league/eizw5p0avmxd3p6svun8",C,18,REG,A01,Hjalte,FRO242081,47901,32004652-4f24-2081-4dce-09bac366d016,2019,2019.0,NE,118.0,28.378
12609,2024,ARI,OL,C,72.0,ACT,Hjalte Froholdt,Hjalte,Froholdt,1996-08-20,77.0,310,Arkansas,00-0035258,,,,,,,,,5,"https://static.www.nfl.com/image/upload/f_auto,q_auto/league/eizw5p0avmxd3p6svun8",C,10,REG,A01,Hjalte,FRO242081,47901,32004652-4f24-2081-4dce-09bac366d016,2019,2019.0,NE,118.0,28.225
12610,2024,ARI,OL,C,72.0,ACT,Hjalte Froholdt,Hjalte,Froholdt,1996-08-20,77.0,310,Arkansas,00-0035258,,,,,,,,,5,"https://static.www.nfl.com/image/upload/f_auto,q_auto/league/eizw5p0avmxd3p6svun8",C,17,REG,A01,Hjalte,FRO242081,47901,32004652-4f24-2081-4dce-09bac366d016,2019,2019.0,NE,118.0,28.356
12611,2024,ARI,OL,C,72.0,ACT,Hjalte Froholdt,Hjalte,Froholdt,1996-08-20,77.0,310,Arkansas,00-0035258,,,,,,,,,5,"https://static.www.nfl.com/image/upload/f_auto,q_auto/league/eizw5p0avmxd3p6svun8",C,13,REG,A01,Hjalte,FRO242081,47901,32004652-4f24-2081-4dce-09bac366d016,2019,2019.0,NE,118.0,28.282
12612,2024,ARI,OL,C,72.0,ACT,Hjalte Froholdt,Hjalte,Froholdt,1996-08-20,77.0,310,Arkansas,00-0035258,,,,,,,,,5,"https://static.www.nfl.com/image/upload/f_auto,q_auto/league/eizw5p0avmxd3p6svun8",C,8,REG,A01,Hjalte,FRO242081,47901,32004652-4f24-2081-4dce-09bac366d016,2019,2019.0,NE,118.0,28.186
12613,2024,ARI,OL,C,72.0,ACT,Hjalte Froholdt,Hjalte,Froholdt,1996-08-20,77.0,310,Arkansas,00-0035258,,,,,,,,,5,"https://static.www.nfl.com/image/upload/f_auto,q_auto/league/eizw5p0avmxd3p6svun8",C,6,REG,A01,Hjalte,FRO242081,47901,32004652-4f24-2081-4dce-09bac366d016,2019,2019.0,NE,118.0,28.148
12614,2024,ARI,OL,C,72.0,ACT,Hjalte Froholdt,Hjalte,Froholdt,1996-08-20,77.0,310,Arkansas,00-0035258,,,,,,,,,5,"https://static.www.nfl.com/image/upload/f_auto,q_auto/league/eizw5p0avmxd3p6svun8",C,1,REG,A01,Hjalte,FRO242081,47901,32004652-4f24-2081-4dce-09bac366d016,2019,2019.0,NE,118.0,28.052
12615,2024,ARI,OL,C,72.0,ACT,Hjalte Froholdt,Hjalte,Froholdt,1996-08-20,77.0,310,Arkansas,00-0035258,,,,,,,,,5,"https://static.www.nfl.com/image/upload/f_auto,q_auto/league/eizw5p0avmxd3p6svun8",C,12,REG,A01,Hjalte,FRO242081,47901,32004652-4f24-2081-4dce-09bac366d016,2019,2019.0,NE,118.0,28.263
12616,2024,ARI,OL,C,72.0,ACT,Hjalte Froholdt,Hjalte,Froholdt,1996-08-20,77.0,310,Arkansas,00-0035258,,,,,,,,,5,"https://static.www.nfl.com/image/upload/f_auto,q_auto/league/eizw5p0avmxd3p6svun8",C,14,REG,A01,Hjalte,FRO242081,47901,32004652-4f24-2081-4dce-09bac366d016,2019,2019.0,NE,118.0,28.301
12617,2024,ARI,OL,C,72.0,ACT,Hjalte Froholdt,Hjalte,Froholdt,1996-08-20,77.0,310,Arkansas,00-0035258,,,,,,,,,5,"https://static.www.nfl.com/image/upload/f_auto,q_auto/league/eizw5p0avmxd3p6svun8",C,7,REG,A01,Hjalte,FRO242081,47901,32004652-4f24-2081-4dce-09bac366d016,2019,2019.0,NE,118.0,28.17
12618,2024,ARI,OL,C,72.0,ACT,Hjalte Froholdt,Hjalte,Froholdt,1996-08-20,77.0,310,Arkansas,00-0035258,,,,,,,,,5,"https://static.www.nfl.com/image/upload/f_auto,q_auto/league/eizw5p0avmxd3p6svun8",C,2,REG,A01,Hjalte,FRO242081,47901,32004652-4f24-2081-4dce-09bac366d016,2019,2019.0,NE,118.0,28.071
12619,2024,ARI,OL,C,72.0,ACT,Hjalte Froholdt,Hjalte,Froholdt,1996-08-20,77.0,310,Arkansas,00-0035258,,,,,,,,,5,"https://static.www.nfl.com/image/upload/f_auto,q_auto/league/eizw5p0avmxd3p6svun8",C,15,REG,A01,Hjalte,FRO242081,47901,32004652-4f24-2081-4dce-09bac366d016,2019,2019.0,NE,118.0,28.32
12620,2024,ARI,OL,C,72.0,ACT,Hjalte Froholdt,Hjalte,Froholdt,1996-08-20,77.0,310,Arkansas,00-0035258,,,,,,,,,5,"https://static.www.nfl.com/image/upload/f_auto,q_auto/league/eizw5p0avmxd3p6svun8",C,4,REG,A01,Hjalte,FRO242081,47901,32004652-4f24-2081-4dce-09bac366d016,2019,2019.0,NE,118.0,28.11
12621,2024,ARI,OL,C,72.0,ACT,Hjalte Froholdt,Hjalte,Froholdt,1996-08-20,77.0,310,Arkansas,00-0035258,,,,,,,,,5,"https://static.www.nfl.com/image/upload/f_auto,q_auto/league/eizw5p0avmxd3p6svun8",C,5,REG,A01,Hjalte,FRO242081,47901,32004652-4f24-2081-4dce-09bac366d016,2019,2019.0,NE,118.0,28.129
12622,2024,ARI,OL,C,72.0,ACT,Hjalte Froholdt,Hjalte,Froholdt,1996-08-20,77.0,310,Arkansas,00-0035258,,,,,,,,,5,"https://static.www.nfl.com/image/upload/f_auto,q_auto/league/eizw5p0avmxd3p6svun8",C,9,REG,A01,Hjalte,FRO242081,47901,32004652-4f24-2081-4dce-09bac366d016,2019,2019.0,NE,118.0,28.205
12998,2024,ARI,OL,T,71.0,CUT,Dennis Daley,Dennis,Daley,1996-08-07,78.0,324,South Carolina,00-0035300,,,,,,,,,5,"https://static.www.nfl.com/image/private/f_auto,q_auto/league/vmjhwdrhizhlakdxlsd1",,1,REG,A01,Dennis,DAL290157,47995,32004441-4c29-0157-d412-098daf85b770,2019,2019.0,CAR,212.0,28.088
13555,2024,ARI,WR,WR,4.0,ACT,Greg Dortch,Greg,Dortch,1998-05-29,67.0,173,Wake Forest,00-0035500,4037235,4484c7d1-025a-4f26-8e9b-48503afb0c68,32523,13469,42237,DortGr01,21071,5970,5,"https://static.www.nfl.com/image/upload/f_auto,q_auto/league/gkog6lrht3rnktwiberj",SLOT_WR,5,REG,A01,Greg,DOR793727,48646,3200444f-5279-3727-2597-c2d9a516585a,2019,2019.0,,,26.357
13556,2024,ARI,WR,WR,4.0,ACT,Greg Dortch,Greg,Dortch,1998-05-29,67.0,173,Wake Forest,00-0035500,4037235,4484c7d1-025a-4f26-8e9b-48503afb0c68,32523,13469,42237,DortGr01,21071,5970,5,"https://static.www.nfl.com/image/upload/f_auto,q_auto/league/gkog6lrht3rnktwiberj",SLOT_WR,2,REG,A01,Greg,DOR793727,48646,3200444f-5279-3727-2597-c2d9a516585a,2019,2019.0,,,26.3
13557,2024,ARI,WR,WR,4.0,ACT,Greg Dortch,Greg,Dortch,1998-05-29,67.0,173,Wake Forest,00-0035500,4037235,4484c7d1-025a-4f26-8e9b-48503afb0c68,32523,13469,42237,DortGr01,21071,5970,5,"https://static.www.nfl.com/image/upload/f_auto,q_auto/league/gkog6lrht3rnktwiberj",SLOT_WR,16,REG,A01,Greg,DOR793727,48646,3200444f-5279-3727-2597-c2d9a516585a,2019,2019.0,,,26.568
13558,2024,ARI,WR,WR,4.0,ACT,Greg Dortch,Greg,Dortch,1998-05-29,67.0,173,Wake Forest,00-0035500,4037235,4484c7d1-025a-4f26-8e9b-48503afb0c68,32523,13469,42237,DortGr01,21071,5970,5,"https://static.www.nfl.com/image/upload/f_auto,q_auto/league/gkog6lrht3rnktwiberj",SLOT_WR,9,REG,A01,Greg,DOR793727,48646,3200444f-5279-3727-2597-c2d9a516585a,2019,2019.0,,,26.434
13559,2024,ARI,WR,WR,4.0,ACT,Greg Dortch,Greg,Dortch,1998-05-29,67.0,173,Wake Forest,00-0035500,4037235,4484c7d1-025a-4f26-8e9b-48503afb0c68,32523,13469,42237,DortGr01,21071,5970,5,"https://static.www.nfl.com/image/upload/f_auto,q_auto/league/gkog6lrht3rnktwiberj",SLOT_WR,1,REG,A01,Greg,DOR793727,48646,3200444f-5279-3727-2597-c2d9a516585a,2019,2019.0,,,26.281
13560,2024,ARI,WR,WR,4.0,ACT,Greg Dortch,Greg,Dortch,1998-05-29,67.0,173,Wake Forest,00-0035500,4037235,4484c7d1-025a-4f26-8e9b-48503afb0c68,32523,13469,42237,DortGr01,21071,5970,5,"https://static.www.nfl.com/image/upload/f_auto,q_auto/league/gkog6lrht3rnktwiberj",SLOT_WR,15,REG,A01,Greg,DOR793727,48646,3200444f-5279-3727-2597-c2d9a516585a,2019,2019.0,,,26.549
13561,2024,ARI,WR,WR,4.0,ACT,Greg Dortch,Greg,Dortch,1998-05-29,67.0,173,Wake Forest,00-0035500,4037235,4484c7d1-025a-4f26-8e9b-48503afb0c68,32523,13469,42237,DortGr01,21071,5970,5,"https://static.www.nfl.com/image/upload/f_auto,q_auto/league/gkog6lrht3rnktwiberj",SLOT_WR,17,REG,A01,Greg,DOR793727,48646,3200444f-5279-3727-2597-c2d9a516585a,2019,2019.0,,,26.585
13562,2024,ARI,WR,WR,4.0,ACT,Greg Dortch,Greg,Dortch,1998-05-29,67.0,173,Wake Forest,00-0035500,4037235,4484c7d1-025a-4f26-8e9b-48503afb0c68,32523,13469,42237,DortGr01,21071,5970,5,"https://static.www.nfl.com/image/upload/f_auto,q_auto/league/gkog6lrht3rnktwiberj",SLOT_WR,14,REG,A01,Greg,DOR793727,48646,3200444f-5279-3727-2597-c2d9a516585a,2019,2019.0,,,26.53
13563,2024,ARI,WR,WR,4.0,ACT,Greg Dortch,Greg,Dortch,1998-05-29,67.0,173,Wake Forest,00-0035500,4037235,4484c7d1-025a-4f26-8e9b-48503afb0c68,32523,13469,42237,DortGr01,21071,5970,5,"https://static.www.nfl.com/image/upload/f_auto,q_auto/league/gkog6lrht3rnktwiberj",SLOT_WR,13,REG,A01,Greg,DOR793727,48646,3200444f-5279-3727-2597-c2d9a516585a,2019,2019.0,,,26.511
13564,2024,ARI,WR,WR,4.0,ACT,Greg Dortch,Greg,Dortch,1998-05-29,67.0,173,Wake Forest,00-0035500,4037235,4484c7d1-025a-4f26-8e9b-48503afb0c68,32523,13469,42237,DortGr01,21071,5970,5,"https://static.www.nfl.com/image/upload/f_auto,q_auto/league/gkog6lrht3rnktwiberj",SLOT_WR,3,REG,A01,Greg,DOR793727,48646,3200444f-5279-3727-2597-c2d9a516585a,2019,2019.0,,,26.319
13565,2024,ARI,WR,WR,4.0,ACT,Greg Dortch,Greg,Dortch,1998-05-29,67.0,173,Wake Forest,00-0035500,4037235,4484c7d1-025a-4f26-8e9b-48503afb0c68,32523,13469,42237,DortGr01,21071,5970,5,"https://static.www.nfl.com/image/upload/f_auto,q_auto/league/gkog6lrht3rnktwiberj",WR,7,REG,A01,Greg,DOR793727,48646,3200444f-5279-3727-2597-c2d9a516585a,2019,2019.0,,,26.398
13566,2024,ARI,WR,WR,4.0,ACT,Greg Dortch,Greg,Dortch,1998-05-29,67.0,173,Wake Forest,00-0035500,4037235,4484c7d1-025a-4f26-8e9b-48503afb0c68,32523,13469,42237,DortGr01,21071,5970,5,"https://static.www.nfl.com/image/upload/f_auto,q_auto/league/gkog6lrht3rnktwiberj",SLOT_WR,12,REG,A01,Greg,DOR793727,48646,3200444f-5279-3727-2597-c2d9a516585a,2019,2019.0,,,26.491
13567,2024,ARI,WR,WR,4.0,ACT,Greg Dortch,Greg,Dortch,1998-05-29,67.0,173,Wake Forest,00-0035500,4037235,4484c7d1-025a-4f26-8e9b-48503afb0c68,32523,13469,42237,DortGr01,21071,5970,5,"https://static.www.nfl.com/image/upload/f_auto,q_auto/league/gkog6lrht3rnktwiberj",SLOT_WR,6,REG,A01,Greg,DOR793727,48646,3200444f-5279-3727-2597-c2d9a516585a,2019,2019.0,,,26.376
13568,2024,ARI,WR,WR,4.0,ACT,Greg Dortch,Greg,Dortch,1998-05-29,67.0,173,Wake Forest,00-0035500,4037235,4484c7d1-025a-4f26-8e9b-48503afb0c68,32523,13469,42237,DortGr01,21071,5970,5,"https://static.www.nfl.com/image/upload/f_auto,q_auto/league/gkog6lrht3rnktwiberj",SLOT_WR,4,REG,A01,Greg,DOR793727,48646,3200444f-5279-3727-2597-c2d9a516585a,2019,2019.0,,,26.338
13569,2024,ARI,WR,WR,4.0,ACT,Greg Dortch,Greg,Dortch,1998-05-29,67.0,173,Wake Forest,00-0035500,4037235,4484c7d1-025a-4f26-8e9b-48503afb0c68,32523,13469,42237,DortGr01,21071,5970,5,"https://static.www.nfl.com/image/upload/f_auto,q_auto/league/gkog6lrht3rnktwiberj",SLOT_WR,10,REG,A01,Greg,DOR793727,48646,3200444f-5279-3727-2597-c2d9a516585a,2019,2019.0,,,26.453
13570,2024,ARI,WR,WR,4.0,ACT,Greg Dortch,Greg,Dortch,1998-05-29,67.0,173,Wake Forest,00-0035500,4037235,4484c7d1-025a-4f26-8e9b-48503afb0c68,32523,13469,42237,DortGr01,21071,5970,5,"https://static.www.nfl.com/image/upload/f_auto,q_auto/league/gkog6lrht3rnktwiberj",SLOT_WR,8,REG,A01,Greg,DOR793727,48646,3200444f-5279-3727-2597-c2d9a516585a,2019,2019.0,,,26.415
13571,2024,ARI,WR,WR,4.0,ACT,Greg Dortch,Greg,Dortch,1998-05-29,67.0,173,Wake Forest,00-0035500,4037235,4484c7d1-025a-4f26-8e9b-48503afb0c68,32523,13469,42237,DortGr01,21071,5970,5,"https://static.www.nfl.com/image/upload/f_auto,q_auto/league/gkog6lrht3rnktwiberj",SLOT_WR,18,REG,A01,Greg,DOR793727,48646,3200444f-5279-3727-2597-c2d9a516585a,2019,2019.0,,,26.606
13572,2024,ARI,WR,WR,86.0,CUT,Jeff Smith,Jeffrey,Smith,1997-04-21,73.0,195,Boston College,00-0035510,3929118,767b1112-c77a-4a58-89b4-30f1ffa2a497,32533,13934,48055,SmitJe03,21078,6557,5,"https://static.www.nfl.com/image/private/f_auto,q_auto/league/yfhldkiemkd3piauwjkt",,1,REG,A01,Jeff,SMI391928,48657,3200534d-4939-1928-583c-e849e5b9954f,2019,2019.0,,,27.384
13894,2024,ARI,OL,T,73.0,RES,Jonah Williams,Jonah,Williams,1997-11-17,77.0,305,Alabama,00-0035629,,,,,,,,,5,"https://static.www.nfl.com/image/upload/f_auto,q_auto/league/qmrfmm7wdqr9jtfqt5jw",,3,REG,R01,Jonah,WIL132676,47794,32005749-4c13-2676-fb3e-2b3d97cbfc66,2019,2019.0,CIN,11.0,26.847
13895,2024,ARI,OL,T,73.0,RES,Jonah Williams,Jonah,Williams,1997-11-17,77.0,305,Alabama,00-0035629,,,,,,,,,5,"https://static.www.nfl.com/image/upload/f_auto,q_auto/league/qmrfmm7wdqr9jtfqt5jw",,17,REG,R01,Jonah,WIL132676,47794,32005749-4c13-2676-fb3e-2b3d97cbfc66,2019,2019.0,CIN,11.0,27.113
13896,2024,ARI,OL,T,73.0,ACT,Jonah Williams,Jonah,Williams,1997-11-17,77.0,305,Alabama,00-0035629,,,,,,,,,5,"https://static.www.nfl.com/image/upload/f_auto,q_auto/league/qmrfmm7wdqr9jtfqt5jw",T,1,REG,A01,Jonah,WIL132676,47794,32005749-4c13-2676-fb3e-2b3d97cbfc66,2019,2019.0,CIN,11.0,26.809
13897,2024,ARI,OL,T,73.0,RES,Jonah Williams,Jonah,Williams,1997-11-17,77.0,305,Alabama,00-0035629,,,,,,,,,5,"https://static.www.nfl.com/image/upload/f_auto,q_auto/league/qmrfmm7wdqr9jtfqt5jw",,5,REG,R01,Jonah,WIL132676,47794,32005749-4c13-2676-fb3e-2b3d97cbfc66,2019,2019.0,CIN,11.0,26.886
13898,2024,ARI,OL,T,73.0,RES,Jonah Williams,Jonah,Williams,1997-11-17,77.0,305,Alabama,00-0035629,,,,,,,,,5,"https://static.www.nfl.com/image/upload/f_auto,q_auto/league/qmrfmm7wdqr9jtfqt5jw",,7,REG,R01,Jonah,WIL132676,47794,32005749-4c13-2676-fb3e-2b3d97cbfc66,2019,2019.0,CIN,11.0,26.927
13899,2024,ARI,OL,T,73.0,RES,Jonah Williams,Jonah,Williams,1997-11-17,77.0,305,Alabama,00-0035629,,,,,,,,,5,"https://static.www.nfl.com/image/upload/f_auto,q_auto/league/qmrfmm7wdqr9jtfqt5jw",,2,REG,R01,Jonah,WIL132676,47794,32005749-4c13-2676-fb3e-2b3d97cbfc66,2019,2019.0,CIN,11.0,26.828
13900,2024,ARI,OL,T,73.0,RES,Jonah Williams,Jonah,Williams,1997-11-17,77.0,305,Alabama,00-0035629,,,,,,,,,5,"https://static.www.nfl.com/image/upload/f_auto,q_auto/league/qmrfmm7wdqr9jtfqt5jw",,18,REG,R01,Jonah,WIL132676,47794,32005749-4c13-2676-fb3e-2b3d97cbfc66,2019,2019.0,CIN,11.0,27.135
13901,2024,ARI,OL,T,73.0,RES,Jonah Williams,Jonah,Williams,1997-11-17,77.0,305,Alabama,00-0035629,,,,,,,,,5,"https://static.www.nfl.com/image/upload/f_auto,q_auto/league/qmrfmm7wdqr9jtfqt5jw",,4,REG,R01,Jonah,WIL132676,47794,32005749-4c13-2676-fb3e-2b3d97cbfc66,2019,2019.0,CIN,11.0,26.867
13902,2024,ARI,OL,T,73.0,ACT,Jonah Williams,Jonah,Williams,1997-11-17,77.0,305,Alabama,00-0035629,,,,,,,,,5,"https://static.www.nfl.com/image/upload/f_auto,q_auto/league/qmrfmm7wdqr9jtfqt5jw",T,13,REG,A01,Jonah,WIL132676,47794,32005749-4c13-2676-fb3e-2b3d97cbfc66,2019,2019.0,CIN,11.0,27.039
13903,2024,ARI,OL,T,73.0,RES,Jonah Williams,Jonah,Williams,1997-11-17,77.0,305,Alabama,00-0035629,,,,,,,,,5,"https://static.www.nfl.com/image/upload/f_auto,q_auto/league/qmrfmm7wdqr9jtfqt5jw",,8,REG,R01,Jonah,WIL132676,47794,32005749-4c13-2676-fb3e-2b3d97cbfc66,2019,2019.0,CIN,11.0,26.943
13904,2024,ARI,OL,T,73.0,ACT,Jonah Williams,Jonah,Williams,1997-11-17,77.0,305,Alabama,00-0035629,,,,,,,,,5,"https://static.www.nfl.com/image/upload/f_auto,q_auto/league/qmrfmm7wdqr9jtfqt5jw",T,16,REG,A01,Jonah,WIL132676,47794,32005749-4c13-2676-fb3e-2b3d97cbfc66,2019,2019.0,CIN,11.0,27.097
13905,2024,ARI,OL,T,73.0,ACT,Jonah Williams,Jonah,Williams,1997-11-17,77.0,305,Alabama,00-0035629,,,,,,,,,5,"https://static.www.nfl.com/image/upload/f_auto,q_auto/league/qmrfmm7wdqr9jtfqt5jw",T,15,REG,A01,Jonah,WIL132676,47794,32005749-4c13-2676-fb3e-2b3d97cbfc66,2019,2019.0,CIN,11.0,27.077
13906,2024,ARI,OL,T,73.0,ACT,Jonah Williams,Jonah,Williams,1997-11-17,77.0,305,Alabama,00-0035629,,,,,,,,,5,"https://static.www.nfl.com/image/upload/f_auto,q_auto/league/qmrfmm7wdqr9jtfqt5jw",T,12,REG,A01,Jonah,WIL132676,47794,32005749-4c13-2676-fb3e-2b3d97cbfc66,2019,2019.0,CIN,11.0,27.02
13907,2024,ARI,OL,T,73.0,RES,Jonah Williams,Jonah,Williams,1997-11-17,77.0,305,Alabama,00-0035629,,,,,,,,,5,"https://static.www.nfl.com/image/upload/f_auto,q_auto/league/qmrfmm7wdqr9jtfqt5jw",,9,REG,R48,Jonah,WIL132676,47794,32005749-4c13-2676-fb3e-2b3d97cbfc66,2019,2019.0,CIN,11.0,26.962
13908,2024,ARI,OL,T,73.0,RES,Jonah Williams,Jonah,Williams,1997-11-17,77.0,305,Alabama,00-0035629,,,,,,,,,5,"https://static.www.nfl.com/image/upload/f_auto,q_auto/league/qmrfmm7wdqr9jtfqt5jw",,10,REG,R48,Jonah,WIL132676,47794,32005749-4c13-2676-fb3e-2b3d97cbfc66,2019,2019.0,CIN,11.0,26.982
13909,2024,ARI,OL,T,73.0,ACT,Jonah Williams,Jonah,Williams,1997-11-17,77.0,305,Alabama,00-0035629,,,,,,,,,5,"https://static.www.nfl.com/image/upload/f_auto,q_auto/league/qmrfmm7wdqr9jtfqt5jw",T,14,REG,A01,Jonah,WIL132676,47794,32005749-4c13-2676-fb3e-2b3d97cbfc66,2019,2019.0,CIN,11.0,27.058
13910,2024,ARI,OL,T,73.0,RES,Jonah Williams,Jonah,Williams,1997-11-17,77.0,305,Alabama,00-0035629,,,,,,,,,5,"https://static.www.nfl.com/image/upload/f_auto,q_auto/league/qmrfmm7wdqr9jtfqt5jw",,6,REG,R01,Jonah,WIL132676,47794,32005749-4c13-2676-fb3e-2b3d97cbfc66,2019,2019.0,CIN,11.0,26.905
13980,2024,ARI,DL,DT,91.0,ACT,L.J. Collier,Lawrence,Collier,1995-09-12,75.0,291,Texas Christian,00-0035636,3116449,9d546e3b-0eb3-4926-a5ef-eb5e48b9330e,31861,13751,48822,CollLJ00,21008,5861,5,"https://static.www.nfl.com/image/private/f_auto,q_auto/league/i39nt3smr30rgznvlal3",INTERIOR_LINE,5,REG,A01,L.J.,COL214397,47812,3200434f-4c21-4397-f757-46fb95d63f5e,2019,2019.0,SEA,29.0,29.068
13981,2024,ARI,DL,DT,91.0,ACT,L.J. Collier,Lawrence,Collier,1995-09-12,75.0,291,Texas Christian,00-0035636,3116449,9d546e3b-0eb3-4926-a5ef-eb5e48b9330e,31861,13751,48822,CollLJ00,21008,5861,5,"https://static.www.nfl.com/image/private/f_auto,q_auto/league/i39nt3smr30rgznvlal3",INTERIOR_LINE,4,REG,A01,L.J.,COL214397,47812,3200434f-4c21-4397-f757-46fb95d63f5e,2019,2019.0,SEA,29.0,29.049
13982,2024,ARI,DL,DT,91.0,ACT,L.J. Collier,Lawrence,Collier,1995-09-12,75.0,291,Texas Christian,00-0035636,3116449,9d546e3b-0eb3-4926-a5ef-eb5e48b9330e,31861,13751,48822,CollLJ00,21008,5861,5,"https://static.www.nfl.com/image/private/f_auto,q_auto/league/i39nt3smr30rgznvlal3",INTERIOR_LINE,2,REG,A01,L.J.,COL214397,47812,3200434f-4c21-4397-f757-46fb95d63f5e,2019,2019.0,SEA,29.0,29.01
13983,2024,ARI,DL,DT,91.0,ACT,L.J. Collier,Lawrence,Collier,1995-09-12,75.0,291,Texas Christian,00-0035636,3116449,9d546e3b-0eb3-4926-a5ef-eb5e48b9330e,31861,13751,48822,CollLJ00,21008,5861,5,"https://static.www.nfl.com/image/private/f_auto,q_auto/league/i39nt3smr30rgznvlal3",INTERIOR_LINE,10,REG,A01,L.J.,COL214397,47812,3200434f-4c21-4397-f757-46fb95d63f5e,2019,2019.0,SEA,29.0,29.164
13984,2024,ARI,DL,DT,91.0,ACT,L.J. Collier,Lawrence,Collier,1995-09-12,75.0,291,Texas Christian,00-0035636,3116449,9d546e3b-0eb3-4926-a5ef-eb5e48b9330e,31861,13751,48822,CollLJ00,21008,5861,5,"https://static.www.nfl.com/image/private/f_auto,q_auto/league/i39nt3smr30rgznvlal3",INTERIOR_LINE,16,REG,A01,L.J.,COL214397,47812,3200434f-4c21-4397-f757-46fb95d63f5e,2019,2019.0,SEA,29.0,29.279
13985,2024,ARI,DL,DT,91.0,ACT,L.J. Collier,Lawrence,Collier,1995-09-12,75.0,291,Texas Christian,00-0035636,3116449,9d546e3b-0eb3-4926-a5ef-eb5e48b9330e,31861,13751,48822,CollLJ00,21008,5861,5,"https://static.www.nfl.com/image/private/f_auto,q_auto/league/i39nt3smr30rgznvlal3",INTERIOR_LINE,17,REG,A01,L.J.,COL214397,47812,3200434f-4c21-4397-f757-46fb95d63f5e,2019,2019.0,SEA,29.0,29.295
13986,2024,ARI,DL,DT,91.0,ACT,L.J. Collier,Lawrence,Collier,1995-09-12,75.0,291,Texas Christian,00-0035636,3116449,9d546e3b-0eb3-4926-a5ef-eb5e48b9330e,31861,13751,48822,CollLJ00,21008,5861,5,"https://static.www.nfl.com/image/private/f_auto,q_auto/league/i39nt3smr30rgznvlal3",INTERIOR_LINE,14,REG,A01,L.J.,COL214397,47812,3200434f-4c21-4397-f757-46fb95d63f5e,2019,2019.0,SEA,29.0,29.24
13987,2024,ARI,DL,DT,91.0,ACT,L.J. Collier,Lawrence,Collier,1995-09-12,75.0,291,Texas Christian,00-0035636,3116449,9d546e3b-0eb3-4926-a5ef-eb5e48b9330e,31861,13751,48822,CollLJ00,21008,5861,5,"https://static.www.nfl.com/image/private/f_auto,q_auto/league/i39nt3smr30rgznvlal3",INTERIOR_LINE,18,REG,A01,L.J.,COL214397,47812,3200434f-4c21-4397-f757-46fb95d63f5e,2019,2019.0,SEA,29.0,29.317
13988,2024,ARI,DL,DT,91.0,ACT,L.J. Collier,Lawrence,Collier,1995-09-12,75.0,291,Texas Christian,00-0035636,3116449,9d546e3b-0eb3-4926-a5ef-eb5e48b9330e,31861,13751,48822,CollLJ00,21008,5861,5,"https://static.www.nfl.com/image/private/f_auto,q_auto/league/i39nt3smr30rgznvlal3",INTERIOR_LINE,12,REG,A01,L.J.,COL214397,47812,3200434f-4c21-4397-f757-46fb95d63f5e,2019,2019.0,SEA,29.0,29.202
13989,2024,ARI,DL,DT,91.0,ACT,L.J. Collier,Lawrence,Collier,1995-09-12,75.0,291,Texas Christian,00-0035636,3116449,9d546e3b-0eb3-4926-a5ef-eb5e48b9330e,31861,13751,48822,CollLJ00,21008,5861,5,"https://static.www.nfl.com/image/private/f_auto,q_auto/league/i39nt3smr30rgznvlal3",INTERIOR_LINE,15,REG,A01,L.J.,COL214397,47812,3200434f-4c21-4397-f757-46fb95d63f5e,2019,2019.0,SEA,29.0,29.259
13990,2024,ARI,DL,DT,91.0,ACT,L.J. Collier,Lawrence,Collier,1995-09-12,75.0,291,Texas Christian,00-0035636,3116449,9d546e3b-0eb3-4926-a5ef-eb5e48b9330e,31861,13751,48822,CollLJ00,21008,5861,5,"https://static.www.nfl.com/image/private/f_auto,q_auto/league/i39nt3smr30rgznvlal3",INTERIOR_LINE,1,REG,A01,L.J.,COL214397,47812,3200434f-4c21-4397-f757-46fb95d63f5e,2019,2019.0,SEA,29.0,28.991
13991,2024,ARI,DL,DT,91.0,ACT,L.J. Collier,Lawrence,Collier,1995-09-12,75.0,291,Texas Christian,00-0035636,3116449,9d546e3b-0eb3-4926-a5ef-eb5e48b9330e,31861,13751,48822,CollLJ00,21008,5861,5,"https://static.www.nfl.com/image/private/f_auto,q_auto/league/i39nt3smr30rgznvlal3",INTERIOR_LINE,13,REG,A01,L.J.,COL214397,47812,3200434f-4c21-4397-f757-46fb95d63f5e,2019,2019.0,SEA,29.0,29.221
13992,2024,ARI,DL,DT,91.0,ACT,L.J. Collier,Lawrence,Collier,1995-09-12,75.0,291,Texas Christian,00-0035636,3116449,9d546e3b-0eb3-4926-a5ef-eb5e48b9330e,31861,13751,48822,CollLJ00,21008,5861,5,"https://static.www.nfl.com/image/private/f_auto,q_auto/league/i39nt3smr30rgznvlal3",INTERIOR_LINE,9,REG,A01,L.J.,COL214397,47812,3200434f-4c21-4397-f757-46fb95d63f5e,2019,2019.0,SEA,29.0,29.144
13993,2024,ARI,DL,DT,91.0,ACT,L.J. Collier,Lawrence,Collier,1995-09-12,75.0,291,Texas Christian,00-0035636,3116449,9d546e3b-0eb3-4926-a5ef-eb5e48b9330e,31861,13751,48822,CollLJ00,21008,5861,5,"https://static.www.nfl.com/image/private/f_auto,q_auto/league/i39nt3smr30rgznvlal3",INTERIOR_LINE,8,REG,A01,L.J.,COL214397,47812,3200434f-4c21-4397-f757-46fb95d63f5e,2019,2019.0,SEA,29.0,29.125
13994,2024,ARI,DL,DT,91.0,ACT,L.J. Collier,Lawrence,Collier,1995-09-12,75.0,291,Texas Christian,00-0035636,3116449,9d546e3b-0eb3-4926-a5ef-eb5e48b9330e,31861,13751,48822,CollLJ00,21008,5861,5,"https://static.www.nfl.com/image/private/f_auto,q_auto/league/i39nt3smr30rgznvlal3",INTERIOR_LINE,3,REG,A01,L.J.,COL214397,47812,3200434f-4c21-4397-f757-46fb95d63f5e,2019,2019.0,SEA,29.0,29.029
13995,2024,ARI,DL,DT,91.0,ACT,L.J. Collier,Lawrence,Collier,1995-09-12,75.0,291,Texas Christian,00-0035636,3116449,9d546e3b-0eb3-4926-a5ef-eb5e48b9330e,31861,13751,48822,CollLJ00,21008,5861,5,"https://static.www.nfl.com/image/private/f_auto,q_auto/league/i39nt3smr30rgznvlal3",INTERIOR_LINE,7,REG,A01,L.J.,COL214397,47812,3200434f-4c21-4397-f757-46fb95d63f5e,2019,2019.0,SEA,29.0,29.109
13996,2024,ARI,DL,DT,91.0,ACT,L.J. Collier,Lawrence,Collier,1995-09-12,75.0,291,Texas Christian,00-0035636,3116449,9d546e3b-0eb3-4926-a5ef-eb5e48b9330e,31861,13751,48822,CollLJ00,21008,5861,5,"https://static.www.nfl.com/image/private/f_auto,q_auto/league/i39nt3smr30rgznvlal3",INTERIOR_LINE,6,REG,A01,L.J.,COL214397,47812,3200434f-4c21-4397-f757-46fb95d63f5e,2019,2019.0,SEA,29.0,29.087
14753,2024,ARI,DB,FS,34.0,ACT,Jalen Thompson,Jalen,Thompson,1998-07-18,71.0,190,Washington State,00-0035705,4043089,56992f39-70e7-4b6a-86da-0a4776504e7a,32623,14330,49116,ThomJa04,21635,6711,5,"https://static.www.nfl.com/image/upload/f_auto,q_auto/league/vzuzk4hnunpve1myp0dm",SAFETY,13,REG,A01,Jalen,THO580436,49410,32005448-4f58-0436-7201-bda0fa091308,2019,2019.0,ARI,132.0,26.374
14754,2024,ARI,DB,FS,34.0,ACT,Jalen Thompson,Jalen,Thompson,1998-07-18,71.0,190,Washington State,00-0035705,4043089,56992f39-70e7-4b6a-86da-0a4776504e7a,32623,14330,49116,ThomJa04,21635,6711,5,"https://static.www.nfl.com/image/upload/f_auto,q_auto/league/vzuzk4hnunpve1myp0dm",SAFETY,9,REG,A01,Jalen,THO580436,49410,32005448-4f58-0436-7201-bda0fa091308,2019,2019.0,ARI,132.0,26.297
14755,2024,ARI,DB,FS,34.0,ACT,Jalen Thompson,Jalen,Thompson,1998-07-18,71.0,190,Washington State,00-0035705,4043089,56992f39-70e7-4b6a-86da-0a4776504e7a,32623,14330,49116,ThomJa04,21635,6711,5,"https://static.www.nfl.com/image/upload/f_auto,q_auto/league/vzuzk4hnunpve1myp0dm",SAFETY,1,REG,A01,Jalen,THO580436,49410,32005448-4f58-0436-7201-bda0fa091308,2019,2019.0,ARI,132.0,26.144
14756,2024,ARI,DB,FS,34.0,ACT,Jalen Thompson,Jalen,Thompson,1998-07-18,71.0,190,Washington State,00-0035705,4043089,56992f39-70e7-4b6a-86da-0a4776504e7a,32623,14330,49116,ThomJa04,21635,6711,5,"https://static.www.nfl.com/image/upload/f_auto,q_auto/league/vzuzk4hnunpve1myp0dm",SAFETY,3,REG,A01,Jalen,THO580436,49410,32005448-4f58-0436-7201-bda0fa091308,2019,2019.0,ARI,132.0,26.182
14757,2024,ARI,DB,FS,34.0,INA,Jalen Thompson,Jalen,Thompson,1998-07-18,71.0,190,Washington State,00-0035705,4043089,56992f39-70e7-4b6a-86da-0a4776504e7a,32623,14330,49116,ThomJa04,21635,6711,5,"https://static.www.nfl.com/image/upload/f_auto,q_auto/league/vzuzk4hnunpve1myp0dm",,12,REG,A01,Jalen,THO580436,49410,32005448-4f58-0436-7201-bda0fa091308,2019,2019.0,ARI,132.0,26.355
14758,2024,ARI,DB,FS,34.0,ACT,Jalen Thompson,Jalen,Thompson,1998-07-18,71.0,190,Washington State,00-0035705,4043089,56992f39-70e7-4b6a-86da-0a4776504e7a,32623,14330,49116,ThomJa04,21635,6711,5,"https://static.www.nfl.com/image/upload/f_auto,q_auto/league/vzuzk4hnunpve1myp0dm",SAFETY,8,REG,A01,Jalen,THO580436,49410,32005448-4f58-0436-7201-bda0fa091308,2019,2019.0,ARI,132.0,26.278
14759,2024,ARI,DB,FS,34.0,ACT,Jalen Thompson,Jalen,Thompson,1998-07-18,71.0,190,Washington State,00-0035705,4043089,56992f39-70e7-4b6a-86da-0a4776504e7a,32623,14330,49116,ThomJa04,21635,6711,5,"https://static.www.nfl.com/image/upload/f_auto,q_auto/league/vzuzk4hnunpve1myp0dm",SAFETY,17,REG,A01,Jalen,THO580436,49410,32005448-4f58-0436-7201-bda0fa091308,2019,2019.0,ARI,132.0,26.448
14760,2024,ARI,DB,FS,34.0,INA,Jalen Thompson,Jalen,Thompson,1998-07-18,71.0,190,Washington State,00-0035705,4043089,56992f39-70e7-4b6a-86da-0a4776504e7a,32623,14330,49116,ThomJa04,21635,6711,5,"https://static.www.nfl.com/image/upload/f_auto,q_auto/league/vzuzk4hnunpve1myp0dm",,10,REG,A01,Jalen,THO580436,49410,32005448-4f58-0436-7201-bda0fa091308,2019,2019.0,ARI,132.0,26.316
14761,2024,ARI,DB,FS,34.0,ACT,Jalen Thompson,Jalen,Thompson,1998-07-18,71.0,190,Washington State,00-0035705,4043089,56992f39-70e7-4b6a-86da-0a4776504e7a,32623,14330,49116,ThomJa04,21635,6711,5,"https://static.www.nfl.com/image/upload/f_auto,q_auto/league/vzuzk4hnunpve1myp0dm",SAFETY,18,REG,A01,Jalen,THO580436,49410,32005448-4f58-0436-7201-bda0fa091308,2019,2019.0,ARI,132.0,26.47
14762,2024,ARI,DB,FS,34.0,ACT,Jalen Thompson,Jalen,Thompson,1998-07-18,71.0,190,Washington State,00-0035705,4043089,56992f39-70e7-4b6a-86da-0a4776504e7a,32623,14330,49116,ThomJa04,21635,6711,5,"https://static.www.nfl.com/image/upload/f_auto,q_auto/league/vzuzk4hnunpve1myp0dm",SAFETY,15,REG,A01,Jalen,THO580436,49410,32005448-4f58-0436-7201-bda0fa091308,2019,2019.0,ARI,132.0,26.412
14763,2024,ARI,DB,FS,34.0,ACT,Jalen Thompson,Jalen,Thompson,1998-07-18,71.0,190,Washington State,00-0035705,4043089,56992f39-70e7-4b6a-86da-0a4776504e7a,32623,14330,49116,ThomJa04,21635,6711,5,"https://static.www.nfl.com/image/upload/f_auto,q_auto/league/vzuzk4hnunpve1myp0dm",SAFETY,5,REG,A01,Jalen,THO580436,49410,32005448-4f58-0436-7201-bda0fa091308,2019,2019.0,ARI,132.0,26.22
14764,2024,ARI,DB,FS,34.0,ACT,Jalen Thompson,Jalen,Thompson,1998-07-18,71.0,190,Washington State,00-0035705,4043089,56992f39-70e7-4b6a-86da-0a4776504e7a,32623,14330,49116,ThomJa04,21635,6711,5,"https://static.www.nfl.com/image/upload/f_auto,q_auto/league/vzuzk4hnunpve1myp0dm",SAFETY,2,REG,A01,Jalen,THO580436,49410,32005448-4f58-0436-7201-bda0fa091308,2019,2019.0,ARI,132.0,26.163
14765,2024,ARI,DB,FS,34.0,ACT,Jalen Thompson,Jalen,Thompson,1998-07-18,71.0,190,Washington State,00-0035705,4043089,56992f39-70e7-4b6a-86da-0a4776504e7a,32623,14330,49116,ThomJa04,21635,6711,5,"https://static.www.nfl.com/image/upload/f_auto,q_auto/league/vzuzk4hnunpve1myp0dm",SAFETY,14,REG,A01,Jalen,THO580436,49410,32005448-4f58-0436-7201-bda0fa091308,2019,2019.0,ARI,132.0,26.393
14766,2024,ARI,DB,FS,34.0,ACT,Jalen Thompson,Jalen,Thompson,1998-07-18,71.0,190,Washington State,00-0035705,4043089,56992f39-70e7-4b6a-86da-0a4776504e7a,32623,14330,49116,ThomJa04,21635,6711,5,"https://static.www.nfl.com/image/upload/f_auto,q_auto/league/vzuzk4hnunpve1myp0dm",SAFETY,6,REG,A01,Jalen,THO580436,49410,32005448-4f58-0436-7201-bda0fa091308,2019,2019.0,ARI,132.0,26.24
14767,2024,ARI,DB,FS,34.0,ACT,Jalen Thompson,Jalen,Thompson,1998-07-18,71.0,190,Washington State,00-0035705,4043089,56992f39-70e7-4b6a-86da-0a4776504e7a,32623,14330,49116,ThomJa04,21635,6711,5,"https://static.www.nfl.com/image/upload/f_auto,q_auto/league/vzuzk4hnunpve1myp0dm",SAFETY,7,REG,A01,Jalen,THO580436,49410,32005448-4f58-0436-7201-bda0fa091308,2019,2019.0,ARI,132.0,26.261
14768,2024,ARI,DB,FS,34.0,ACT,Jalen Thompson,Jalen,Thompson,1998-07-18,71.0,190,Washington State,00-0035705,4043089,56992f39-70e7-4b6a-86da-0a4776504e7a,32623,14330,49116,ThomJa04,21635,6711,5,"https://static.www.nfl.com/image/upload/f_auto,q_auto/league/vzuzk4hnunpve1myp0dm",SAFETY,4,REG,A01,Jalen,THO580436,49410,32005448-4f58-0436-7201-bda0fa091308,2019,2019.0,ARI,132.0,26.201
14769,2024,ARI,DB,FS,34.0,ACT,Jalen Thompson,Jalen,Thompson,1998-07-18,71.0,190,Washington State,00-0035705,4043089,56992f39-70e7-4b6a-86da-0a4776504e7a,32623,14330,49116,ThomJa04,21635,6711,5,"https://static.www.nfl.com/image/upload/f_auto,q_auto/league/vzuzk4hnunpve1myp0dm",SAFETY,16,REG,A01,Jalen,THO580436,49410,32005448-4f58-0436-7201-bda0fa091308,2019,2019.0,ARI,132.0,26.431
15092,2024,ARI,OL,T,67.0,CUT,Austen Pleasants,Austen,Pleasants,1997-08-22,79.0,312,Ohio,00-0035829,,,,,,,,,4,"https://static.www.nfl.com/image/upload/f_auto,q_auto/league/dzokzdol2hu66ddqgkdh",,5,REG,P01,Austen,PLE683631,52731,3200504c-4568-3631-c357-40b3f228b41d,2020,2020.0,,,27.124
15094,2024,ARI,OL,T,67.0,DEV,Austen Pleasants,Austen,Pleasants,1997-08-22,79.0,312,Ohio,00-0035829,,,,,,,,,4,"https://static.www.nfl.com/image/upload/f_auto,q_auto/league/dzokzdol2hu66ddqgkdh",,4,REG,P01,Austen,PLE683631,52731,3200504c-4568-3631-c357-40b3f228b41d,2020,2020.0,,,27.105
15095,2024,ARI,OL,T,67.0,DEV,Austen Pleasants,Austen,Pleasants,1997-08-22,79.0,312,Ohio,00-0035829,,,,,,,,,4,"https://static.www.nfl.com/image/upload/f_auto,q_auto/league/dzokzdol2hu66ddqgkdh",,6,REG,P01,Austen,PLE683631,52731,3200504c-4568-3631-c357-40b3f228b41d,2020,2020.0,,,27.143
15098,2024,ARI,OL,T,67.0,CUT,Austen Pleasants,Austen,Pleasants,1997-08-22,79.0,312,Ohio,00-0035829,,,,,,,,,4,"https://static.www.nfl.com/image/upload/f_auto,q_auto/league/dzokzdol2hu66ddqgkdh",,1,REG,W03,Austen,PLE683631,52731,3200504c-4568-3631-c357-40b3f228b41d,2020,2020.0,,,27.047
15102,2024,ARI,OL,T,67.0,CUT,Austen Pleasants,Austen,Pleasants,1997-08-22,79.0,312,Ohio,00-0035829,,,,,,,,,4,"https://static.www.nfl.com/image/upload/f_auto,q_auto/league/dzokzdol2hu66ddqgkdh",,7,REG,P01,Austen,PLE683631,52731,3200504c-4568-3631-c357-40b3f228b41d,2020,2020.0,,,27.165
15141,2024,ARI,OL,G,61.0,RES,Carter O'Donnell,Carter,O'Donnell,1998-12-23,77.0,315,"Alberta, Can.",00-0035853,,,,,,,,,4,"https://static.www.nfl.com/image/upload/f_auto,q_auto/league/qxilgn3gnfnwxfoktpkx",,17,REG,R01,Carter,ODO534448,52755,32004f44-4f53-4448-5a2b-c46b1d4f5d92,2020,2020.0,,,26.015
15142,2024,ARI,OL,G,61.0,RES,Carter O'Donnell,Carter,O'Donnell,1998-12-23,77.0,315,"Alberta, Can.",00-0035853,,,,,,,,,4,"https://static.www.nfl.com/image/upload/f_auto,q_auto/league/qxilgn3gnfnwxfoktpkx",,6,REG,R01,Carter,ODO534448,52755,32004f44-4f53-4448-5a2b-c46b1d4f5d92,2020,2020.0,,,25.807
15143,2024,ARI,OL,G,61.0,RES,Carter O'Donnell,Carter,O'Donnell,1998-12-23,77.0,315,"Alberta, Can.",00-0035853,,,,,,,,,4,"https://static.www.nfl.com/image/upload/f_auto,q_auto/league/qxilgn3gnfnwxfoktpkx",,9,REG,R01,Carter,ODO534448,52755,32004f44-4f53-4448-5a2b-c46b1d4f5d92,2020,2020.0,,,25.864
15144,2024,ARI,OL,G,61.0,RES,Carter O'Donnell,Carter,O'Donnell,1998-12-23,77.0,315,"Alberta, Can.",00-0035853,,,,,,,,,4,"https://static.www.nfl.com/image/upload/f_auto,q_auto/league/qxilgn3gnfnwxfoktpkx",,15,REG,R01,Carter,ODO534448,52755,32004f44-4f53-4448-5a2b-c46b1d4f5d92,2020,2020.0,,,25.979
15145,2024,ARI,OL,G,61.0,RES,Carter O'Donnell,Carter,O'Donnell,1998-12-23,77.0,315,"Alberta, Can.",00-0035853,,,,,,,,,4,"https://static.www.nfl.com/image/upload/f_auto,q_auto/league/qxilgn3gnfnwxfoktpkx",,12,REG,R01,Carter,ODO534448,52755,32004f44-4f53-4448-5a2b-c46b1d4f5d92,2020,2020.0,,,25.922
15146,2024,ARI,OL,G,61.0,RES,Carter O'Donnell,Carter,O'Donnell,1998-12-23,77.0,315,"Alberta, Can.",00-0035853,,,,,,,,,4,"https://static.www.nfl.com/image/upload/f_auto,q_auto/league/qxilgn3gnfnwxfoktpkx",,5,REG,R01,Carter,ODO534448,52755,32004f44-4f53-4448-5a2b-c46b1d4f5d92,2020,2020.0,,,25.788
15147,2024,ARI,OL,G,61.0,RES,Carter O'Donnell,Carter,O'Donnell,1998-12-23,77.0,315,"Alberta, Can.",00-0035853,,,,,,,,,4,"https://static.www.nfl.com/image/upload/f_auto,q_auto/league/qxilgn3gnfnwxfoktpkx",,18,REG,R01,Carter,ODO534448,52755,32004f44-4f53-4448-5a2b-c46b1d4f5d92,2020,2020.0,,,26.037
15148,2024,ARI,OL,G,61.0,RES,Carter O'Donnell,Carter,O'Donnell,1998-12-23,77.0,315,"Alberta, Can.",00-0035853,,,,,,,,,4,"https://static.www.nfl.com/image/upload/f_auto,q_auto/league/qxilgn3gnfnwxfoktpkx",,4,REG,R01,Carter,ODO534448,52755,32004f44-4f53-4448-5a2b-c46b1d4f5d92,2020,2020.0,,,25.769
15149,2024,ARI,OL,G,61.0,RES,Carter O'Donnell,Carter,O'Donnell,1998-12-23,77.0,315,"Alberta, Can.",00-0035853,,,,,,,,,4,"https://static.www.nfl.com/image/upload/f_auto,q_auto/league/qxilgn3gnfnwxfoktpkx",,1,REG,R01,Carter,ODO534448,52755,32004f44-4f53-4448-5a2b-c46b1d4f5d92,2020,2020.0,,,25.711
15150,2024,ARI,OL,G,61.0,RES,Carter O'Donnell,Carter,O'Donnell,1998-12-23,77.0,315,"Alberta, Can.",00-0035853,,,,,,,,,4,"https://static.www.nfl.com/image/upload/f_auto,q_auto/league/qxilgn3gnfnwxfoktpkx",,8,REG,R01,Carter,ODO534448,52755,32004f44-4f53-4448-5a2b-c46b1d4f5d92,2020,2020.0,,,25.845
15151,2024,ARI,OL,G,61.0,RES,Carter O'Donnell,Carter,O'Donnell,1998-12-23,77.0,315,"Alberta, Can.",00-0035853,,,,,,,,,4,"https://static.www.nfl.com/image/upload/f_auto,q_auto/league/qxilgn3gnfnwxfoktpkx",,7,REG,R01,Carter,ODO534448,52755,32004f44-4f53-4448-5a2b-c46b1d4f5d92,2020,2020.0,,,25.829
15152,2024,ARI,OL,G,61.0,RES,Carter O'Donnell,Carter,O'Donnell,1998-12-23,77.0,315,"Alberta, Can.",00-0035853,,,,,,,,,4,"https://static.www.nfl.com/image/upload/f_auto,q_auto/league/qxilgn3gnfnwxfoktpkx",,10,REG,R01,Carter,ODO534448,52755,32004f44-4f53-4448-5a2b-c46b1d4f5d92,2020,2020.0,,,25.884
15153,2024,ARI,OL,G,61.0,RES,Carter O'Donnell,Carter,O'Donnell,1998-12-23,77.0,315,"Alberta, Can.",00-0035853,,,,,,,,,4,"https://static.www.nfl.com/image/upload/f_auto,q_auto/league/qxilgn3gnfnwxfoktpkx",,13,REG,R01,Carter,ODO534448,52755,32004f44-4f53-4448-5a2b-c46b1d4f5d92,2020,2020.0,,,25.941
15154,2024,ARI,OL,G,61.0,RES,Carter O'Donnell,Carter,O'Donnell,1998-12-23,77.0,315,"Alberta, Can.",00-0035853,,,,,,,,,4,"https://static.www.nfl.com/image/upload/f_auto,q_auto/league/qxilgn3gnfnwxfoktpkx",,16,REG,R01,Carter,ODO534448,52755,32004f44-4f53-4448-5a2b-c46b1d4f5d92,2020,2020.0,,,25.999
15155,2024,ARI,OL,G,61.0,RES,Carter O'Donnell,Carter,O'Donnell,1998-12-23,77.0,315,"Alberta, Can.",00-0035853,,,,,,,,,4,"https://static.www.nfl.com/image/upload/f_auto,q_auto/league/qxilgn3gnfnwxfoktpkx",,2,REG,R01,Carter,ODO534448,52755,32004f44-4f53-4448-5a2b-c46b1d4f5d92,2020,2020.0,,,25.73
15156,2024,ARI,OL,G,61.0,RES,Carter O'Donnell,Carter,O'Donnell,1998-12-23,77.0,315,"Alberta, Can.",00-0035853,,,,,,,,,4,"https://static.www.nfl.com/image/upload/f_auto,q_auto/league/qxilgn3gnfnwxfoktpkx",,14,REG,R01,Carter,ODO534448,52755,32004f44-4f53-4448-5a2b-c46b1d4f5d92,2020,2020.0,,,25.96
15157,2024,ARI,OL,G,61.0,RES,Carter O'Donnell,Carter,O'Donnell,1998-12-23,77.0,315,"Alberta, Can.",00-0035853,,,,,,,,,4,"https://static.www.nfl.com/image/upload/f_auto,q_auto/league/qxilgn3gnfnwxfoktpkx",,3,REG,R01,Carter,ODO534448,52755,32004f44-4f53-4448-5a2b-c46b1d4f5d92,2020,2020.0,,,25.749
15175,2024,ARI,P,P,12.0,ACT,Blake Gillikin,Blake,Gillikin,1998-01-21,74.0,196,Penn State,00-0035859,4045180,53213f81-77ad-48d0-9d42-00e3633b0e90,33112,14868,,,22442,7467,4,"https://static.www.nfl.com/image/upload/f_auto,q_auto/league/q3rhma6zhidgxuxegy7j",,2,REG,A01,Blake,GIL272181,52761,32004749-4c27-2181-1ded-dd496483a40d,2020,2020.0,,,26.65
15176,2024,ARI,P,P,12.0,ACT,Blake Gillikin,Blake,Gillikin,1998-01-21,74.0,196,Penn State,00-0035859,4045180,53213f81-77ad-48d0-9d42-00e3633b0e90,33112,14868,,,22442,7467,4,"https://static.www.nfl.com/image/upload/f_auto,q_auto/league/q3rhma6zhidgxuxegy7j",,7,REG,A01,Blake,GIL272181,52761,32004749-4c27-2181-1ded-dd496483a40d,2020,2020.0,,,26.749
15177,2024,ARI,P,P,12.0,ACT,Blake Gillikin,Blake,Gillikin,1998-01-21,74.0,196,Penn State,00-0035859,4045180,53213f81-77ad-48d0-9d42-00e3633b0e90,33112,14868,,,22442,7467,4,"https://static.www.nfl.com/image/upload/f_auto,q_auto/league/q3rhma6zhidgxuxegy7j",,5,REG,A01,Blake,GIL272181,52761,32004749-4c27-2181-1ded-dd496483a40d,2020,2020.0,,,26.708
15178,2024,ARI,P,P,12.0,ACT,Blake Gillikin,Blake,Gillikin,1998-01-21,74.0,196,Penn State,00-0035859,4045180,53213f81-77ad-48d0-9d42-00e3633b0e90,33112,14868,,,22442,7467,4,"https://static.www.nfl.com/image/upload/f_auto,q_auto/league/q3rhma6zhidgxuxegy7j",,10,REG,A01,Blake,GIL272181,52761,32004749-4c27-2181-1ded-dd496483a40d,2020,2020.0,,,26.804
15179,2024,ARI,P,P,12.0,ACT,Blake Gillikin,Blake,Gillikin,1998-01-21,74.0,196,Penn State,00-0035859,4045180,53213f81-77ad-48d0-9d42-00e3633b0e90,33112,14868,,,22442,7467,4,"https://static.www.nfl.com/image/upload/f_auto,q_auto/league/q3rhma6zhidgxuxegy7j",,14,REG,A01,Blake,GIL272181,52761,32004749-4c27-2181-1ded-dd496483a40d,2020,2020.0,,,26.88
15180,2024,ARI,P,P,12.0,RES,Blake Gillikin,Blake,Gillikin,1998-01-21,74.0,196,Penn State,00-0035859,4045180,53213f81-77ad-48d0-9d42-00e3633b0e90,33112,14868,,,22442,7467,4,"https://static.www.nfl.com/image/upload/f_auto,q_auto/league/q3rhma6zhidgxuxegy7j",,17,REG,R01,Blake,GIL272181,52761,32004749-4c27-2181-1ded-dd496483a40d,2020,2020.0,,,26.935
15181,2024,ARI,P,P,12.0,ACT,Blake Gillikin,Blake,Gillikin,1998-01-21,74.0,196,Penn State,00-0035859,4045180,53213f81-77ad-48d0-9d42-00e3633b0e90,33112,14868,,,22442,7467,4,"https://static.www.nfl.com/image/upload/f_auto,q_auto/league/q3rhma6zhidgxuxegy7j",,4,REG,A01,Blake,GIL272181,52761,32004749-4c27-2181-1ded-dd496483a40d,2020,2020.0,,,26.689
15182,2024,ARI,P,P,12.0,RES,Blake Gillikin,Blake,Gillikin,1998-01-21,74.0,196,Penn State,00-0035859,4045180,53213f81-77ad-48d0-9d42-00e3633b0e90,33112,14868,,,22442,7467,4,"https://static.www.nfl.com/image/upload/f_auto,q_auto/league/q3rhma6zhidgxuxegy7j",,18,REG,R01,Blake,GIL272181,52761,32004749-4c27-2181-1ded-dd496483a40d,2020,2020.0,,,26.957
15183,2024,ARI,P,P,12.0,ACT,Blake Gillikin,Blake,Gillikin,1998-01-21,74.0,196,Penn State,00-0035859,4045180,53213f81-77ad-48d0-9d42-00e3633b0e90,33112,14868,,,22442,7467,4,"https://static.www.nfl.com/image/upload/f_auto,q_auto/league/q3rhma6zhidgxuxegy7j",,9,REG,A01,Blake,GIL272181,52761,32004749-4c27-2181-1ded-dd496483a40d,2020,2020.0,,,26.784
15184,2024,ARI,P,P,12.0,ACT,Blake Gillikin,Blake,Gillikin,1998-01-21,74.0,196,Penn State,00-0035859,4045180,53213f81-77ad-48d0-9d42-00e3633b0e90,33112,14868,,,22442,7467,4,"https://static.www.nfl.com/image/upload/f_auto,q_auto/league/q3rhma6zhidgxuxegy7j",,6,REG,A01,Blake,GIL272181,52761,32004749-4c27-2181-1ded-dd496483a40d,2020,2020.0,,,26.727
15185,2024,ARI,P,P,12.0,ACT,Blake Gillikin,Blake,Gillikin,1998-01-21,74.0,196,Penn State,00-0035859,4045180,53213f81-77ad-48d0-9d42-00e3633b0e90,33112,14868,,,22442,7467,4,"https://static.www.nfl.com/image/upload/f_auto,q_auto/league/q3rhma6zhidgxuxegy7j",,3,REG,A01,Blake,GIL272181,52761,32004749-4c27-2181-1ded-dd496483a40d,2020,2020.0,,,26.669
15186,2024,ARI,P,P,12.0,RES,Blake Gillikin,Blake,Gillikin,1998-01-21,74.0,196,Penn State,00-0035859,4045180,53213f81-77ad-48d0-9d42-00e3633b0e90,33112,14868,,,22442,7467,4,"https://static.www.nfl.com/image/upload/f_auto,q_auto/league/q3rhma6zhidgxuxegy7j",,15,REG,R01,Blake,GIL272181,52761,32004749-4c27-2181-1ded-dd496483a40d,2020,2020.0,,,26.899
15187,2024,ARI,P,P,12.0,RES,Blake Gillikin,Blake,Gillikin,1998-01-21,74.0,196,Penn State,00-0035859,4045180,53213f81-77ad-48d0-9d42-00e3633b0e90,33112,14868,,,22442,7467,4,"https://static.www.nfl.com/image/upload/f_auto,q_auto/league/q3rhma6zhidgxuxegy7j",,16,REG,R01,Blake,GIL272181,52761,32004749-4c27-2181-1ded-dd496483a40d,2020,2020.0,,,26.919
15188,2024,ARI,P,P,12.0,ACT,Blake Gillikin,Blake,Gillikin,1998-01-21,74.0,196,Penn State,00-0035859,4045180,53213f81-77ad-48d0-9d42-00e3633b0e90,33112,14868,,,22442,7467,4,"https://static.www.nfl.com/image/upload/f_auto,q_auto/league/q3rhma6zhidgxuxegy7j",,1,REG,A01,Blake,GIL272181,52761,32004749-4c27-2181-1ded-dd496483a40d,2020,2020.0,,,26.631
15189,2024,ARI,P,P,12.0,ACT,Blake Gillikin,Blake,Gillikin,1998-01-21,74.0,196,Penn State,00-0035859,4045180,53213f81-77ad-48d0-9d42-00e3633b0e90,33112,14868,,,22442,7467,4,"https://static.www.nfl.com/image/upload/f_auto,q_auto/league/q3rhma6zhidgxuxegy7j",,13,REG,A01,Blake,GIL272181,52761,32004749-4c27-2181-1ded-dd496483a40d,2020,2020.0,,,26.861
15190,2024,ARI,P,P,12.0,ACT,Blake Gillikin,Blake,Gillikin,1998-01-21,74.0,196,Penn State,00-0035859,4045180,53213f81-77ad-48d0-9d42-00e3633b0e90,33112,14868,,,22442,7467,4,"https://static.www.nfl.com/image/upload/f_auto,q_auto/league/q3rhma6zhidgxuxegy7j",,12,REG,A01,Blake,GIL272181,52761,32004749-4c27-2181-1ded-dd496483a40d,2020,2020.0,,,26.842
15191,2024,ARI,P,P,12.0,ACT,Blake Gillikin,Blake,Gillikin,1998-01-21,74.0,196,Penn State,00-0035859,4045180,53213f81-77ad-48d0-9d42-00e3633b0e90,33112,14868,,,22442,7467,4,"https://static.www.nfl.com/image/upload/f_auto,q_auto/league/q3rhma6zhidgxuxegy7j",,8,REG,A01,Blake,GIL272181,52761,32004749-4c27-2181-1ded-dd496483a40d,2020,2020.0,,,26.765
15192,2024,ARI,RB,RB,37.0,DEV,Tony Jones,Tony,Jones,1997-11-24,71.0,225,Notre Dame,00-0035860,4046676,83d4c4c3-3c40-49b1-8b86-25d256a0b5ad,33114,14423,40498,JoneTo04,21774,6984,4,"https://static.www.nfl.com/image/private/f_auto,q_auto/league/cgvll8lokulmws98olfa",,16,REG,P07,Tony,JON764018,52762,32004a4f-4e76-4018-3eec-a5a491649382,2020,2020.0,,,27.077
15193,2024,ARI,RB,RB,37.0,ACT,Tony Jones,Tony,Jones,1997-11-24,71.0,225,Notre Dame,00-0035860,4046676,83d4c4c3-3c40-49b1-8b86-25d256a0b5ad,33114,14423,40498,JoneTo04,21774,6984,4,"https://static.www.nfl.com/image/private/f_auto,q_auto/league/cgvll8lokulmws98olfa",RB,18,REG,A01,Tony,JON764018,52762,32004a4f-4e76-4018-3eec-a5a491649382,2020,2020.0,,,27.116
15194,2024,ARI,RB,RB,37.0,DEV,Tony Jones,Tony,Jones,1997-11-24,71.0,225,Notre Dame,00-0035860,4046676,83d4c4c3-3c40-49b1-8b86-25d256a0b5ad,33114,14423,40498,JoneTo04,21774,6984,4,"https://static.www.nfl.com/image/private/f_auto,q_auto/league/cgvll8lokulmws98olfa",,17,REG,P07,Tony,JON764018,52762,32004a4f-4e76-4018-3eec-a5a491649382,2020,2020.0,,,27.094
15195,2024,ARI,RB,RB,37.0,CUT,Tony Jones,Tony,Jones,1997-11-24,71.0,225,Notre Dame,00-0035860,4046676,83d4c4c3-3c40-49b1-8b86-25d256a0b5ad,33114,14423,40498,JoneTo04,21774,6984,4,"https://static.www.nfl.com/image/private/f_auto,q_auto/league/cgvll8lokulmws98olfa",,1,REG,R01,Tony,JON764018,52762,32004a4f-4e76-4018-3eec-a5a491649382,2020,2020.0,,,26.79
15215,2024,ARI,WR,WR,82.0,DEV,Andre Baccellia,Andre,Baccellia,1997-01-07,70.0,175,Washington,00-0035876,3886809,58266b36-fa48-4f51-b41c-909bf82748f3,32943,14942,47901,,22234,7233,4,"https://static.www.nfl.com/image/upload/f_auto,q_auto/league/mwpbqdgupuwdvweolfyv",,1,REG,P01,Andre,BAC133180,52778,32004241-4313-3180-7b1e-26db2b1b1ffe,2020,2020.0,,,27.669
15216,2024,ARI,WR,WR,82.0,DEV,Andre Baccellia,Andre,Baccellia,1997-01-07,70.0,175,Washington,00-0035876,3886809,58266b36-fa48-4f51-b41c-909bf82748f3,32943,14942,47901,,22234,7233,4,"https://static.www.nfl.com/image/upload/f_auto,q_auto/league/mwpbqdgupuwdvweolfyv",,5,REG,P01,Andre,BAC133180,52778,32004241-4313-3180-7b1e-26db2b1b1ffe,2020,2020.0,,,27.745
15217,2024,ARI,WR,WR,82.0,DEV,Andre Baccellia,Andre,Baccellia,1997-01-07,70.0,175,Washington,00-0035876,3886809,58266b36-fa48-4f51-b41c-909bf82748f3,32943,14942,47901,,22234,7233,4,"https://static.www.nfl.com/image/upload/f_auto,q_auto/league/mwpbqdgupuwdvweolfyv",,18,REG,P01,Andre,BAC133180,52778,32004241-4313-3180-7b1e-26db2b1b1ffe,2020,2020.0,,,27.995
15218,2024,ARI,WR,WR,82.0,DEV,Andre Baccellia,Andre,Baccellia,1997-01-07,70.0,175,Washington,00-0035876,3886809,58266b36-fa48-4f51-b41c-909bf82748f3,32943,14942,47901,,22234,7233,4,"https://static.www.nfl.com/image/upload/f_auto,q_auto/league/mwpbqdgupuwdvweolfyv",,15,REG,P01,Andre,BAC133180,52778,32004241-4313-3180-7b1e-26db2b1b1ffe,2020,2020.0,,,27.937
15219,2024,ARI,WR,WR,82.0,DEV,Andre Baccellia,Andre,Baccellia,1997-01-07,70.0,175,Washington,00-0035876,3886809,58266b36-fa48-4f51-b41c-909bf82748f3,32943,14942,47901,,22234,7233,4,"https://static.www.nfl.com/image/upload/f_auto,q_auto/league/mwpbqdgupuwdvweolfyv",,13,REG,P01,Andre,BAC133180,52778,32004241-4313-3180-7b1e-26db2b1b1ffe,2020,2020.0,,,27.899
15220,2024,ARI,WR,WR,82.0,DEV,Andre Baccellia,Andre,Baccellia,1997-01-07,70.0,175,Washington,00-0035876,3886809,58266b36-fa48-4f51-b41c-909bf82748f3,32943,14942,47901,,22234,7233,4,"https://static.www.nfl.com/image/upload/f_auto,q_auto/league/mwpbqdgupuwdvweolfyv",,10,REG,P01,Andre,BAC133180,52778,32004241-4313-3180-7b1e-26db2b1b1ffe,2020,2020.0,,,27.841
15221,2024,ARI,WR,WR,82.0,DEV,Andre Baccellia,Andre,Baccellia,1997-01-07,70.0,175,Washington,00-0035876,3886809,58266b36-fa48-4f51-b41c-909bf82748f3,32943,14942,47901,,22234,7233,4,"https://static.www.nfl.com/image/upload/f_auto,q_auto/league/mwpbqdgupuwdvweolfyv",,17,REG,P01,Andre,BAC133180,52778,32004241-4313-3180-7b1e-26db2b1b1ffe,2020,2020.0,,,27.973
15222,2024,ARI,WR,WR,82.0,DEV,Andre Baccellia,Andre,Baccellia,1997-01-07,70.0,175,Washington,00-0035876,3886809,58266b36-fa48-4f51-b41c-909bf82748f3,32943,14942,47901,,22234,7233,4,"https://static.www.nfl.com/image/upload/f_auto,q_auto/league/mwpbqdgupuwdvweolfyv",,6,REG,P01,Andre,BAC133180,52778,32004241-4313-3180-7b1e-26db2b1b1ffe,2020,2020.0,,,27.765
15223,2024,ARI,WR,WR,82.0,DEV,Andre Baccellia,Andre,Baccellia,1997-01-07,70.0,175,Washington,00-0035876,3886809,58266b36-fa48-4f51-b41c-909bf82748f3,32943,14942,47901,,22234,7233,4,"https://static.www.nfl.com/image/upload/f_auto,q_auto/league/mwpbqdgupuwdvweolfyv",,7,REG,P01,Andre,BAC133180,52778,32004241-4313-3180-7b1e-26db2b1b1ffe,2020,2020.0,,,27.786
15224,2024,ARI,WR,WR,82.0,DEV,Andre Baccellia,Andre,Baccellia,1997-01-07,70.0,175,Washington,00-0035876,3886809,58266b36-fa48-4f51-b41c-909bf82748f3,32943,14942,47901,,22234,7233,4,"https://static.www.nfl.com/image/upload/f_auto,q_auto/league/mwpbqdgupuwdvweolfyv",,2,REG,P01,Andre,BAC133180,52778,32004241-4313-3180-7b1e-26db2b1b1ffe,2020,2020.0,,,27.688
15225,2024,ARI,WR,WR,82.0,DEV,Andre Baccellia,Andre,Baccellia,1997-01-07,70.0,175,Washington,00-0035876,3886809,58266b36-fa48-4f51-b41c-909bf82748f3,32943,14942,47901,,22234,7233,4,"https://static.www.nfl.com/image/upload/f_auto,q_auto/league/mwpbqdgupuwdvweolfyv",,9,REG,P01,Andre,BAC133180,52778,32004241-4313-3180-7b1e-26db2b1b1ffe,2020,2020.0,,,27.822
15226,2024,ARI,WR,WR,82.0,DEV,Andre Baccellia,Andre,Baccellia,1997-01-07,70.0,175,Washington,00-0035876,3886809,58266b36-fa48-4f51-b41c-909bf82748f3,32943,14942,47901,,22234,7233,4,"https://static.www.nfl.com/image/upload/f_auto,q_auto/league/mwpbqdgupuwdvweolfyv",,16,REG,P01,Andre,BAC133180,52778,32004241-4313-3180-7b1e-26db2b1b1ffe,2020,2020.0,,,27.956
15227,2024,ARI,WR,WR,82.0,DEV,Andre Baccellia,Andre,Baccellia,1997-01-07,70.0,175,Washington,00-0035876,3886809,58266b36-fa48-4f51-b41c-909bf82748f3,32943,14942,47901,,22234,7233,4,"https://static.www.nfl.com/image/upload/f_auto,q_auto/league/mwpbqdgupuwdvweolfyv",,8,REG,P01,Andre,BAC133180,52778,32004241-4313-3180-7b1e-26db2b1b1ffe,2020,2020.0,,,27.803
15228,2024,ARI,WR,WR,82.0,DEV,Andre Baccellia,Andre,Baccellia,1997-01-07,70.0,175,Washington,00-0035876,3886809,58266b36-fa48-4f51-b41c-909bf82748f3,32943,14942,47901,,22234,7233,4,"https://static.www.nfl.com/image/upload/f_auto,q_auto/league/mwpbqdgupuwdvweolfyv",,3,REG,P01,Andre,BAC133180,52778,32004241-4313-3180-7b1e-26db2b1b1ffe,2020,2020.0,,,27.707
15229,2024,ARI,WR,WR,82.0,DEV,Andre Baccellia,Andre,Baccellia,1997-01-07,70.0,175,Washington,00-0035876,3886809,58266b36-fa48-4f51-b41c-909bf82748f3,32943,14942,47901,,22234,7233,4,"https://static.www.nfl.com/image/upload/f_auto,q_auto/league/mwpbqdgupuwdvweolfyv",,14,REG,P01,Andre,BAC133180,52778,32004241-4313-3180-7b1e-26db2b1b1ffe,2020,2020.0,,,27.918
15230,2024,ARI,WR,WR,82.0,DEV,Andre Baccellia,Andre,Baccellia,1997-01-07,70.0,175,Washington,00-0035876,3886809,58266b36-fa48-4f51-b41c-909bf82748f3,32943,14942,47901,,22234,7233,4,"https://static.www.nfl.com/image/upload/f_auto,q_auto/league/mwpbqdgupuwdvweolfyv",,12,REG,P01,Andre,BAC133180,52778,32004241-4313-3180-7b1e-26db2b1b1ffe,2020,2020.0,,,27.88
15231,2024,ARI,WR,WR,82.0,DEV,Andre Baccellia,Andre,Baccellia,1997-01-07,70.0,175,Washington,00-0035876,3886809,58266b36-fa48-4f51-b41c-909bf82748f3,32943,14942,47901,,22234,7233,4,"https://static.www.nfl.com/image/upload/f_auto,q_auto/league/mwpbqdgupuwdvweolfyv",,4,REG,P01,Andre,BAC133180,52778,32004241-4313-3180-7b1e-26db2b1b1ffe,2020,2020.0,,,27.726
15358,2024,ARI,DL,DT,94.0,CUT,T.J. Carter,T.J.,Carter,1998-09-15,76.0,289,Kentucky,00-0035916,,,,,,,,,4,,,1,REG,W03,T.J.,CAR748191,52818,32004341-5274-8191-58ff-f9e79184ad43,2020,2020.0,,,25.982
15501,2024,ARI,LB,ILB,51.0,ACT,Krys Barnes,Krystopher,Barnes,1998-04-02,74.0,235,UCLA,00-0035961,4035817,fc081a72-124d-4648-86a4-45aebb95a5ba,33221,14572,42548,BarnKr00,22266,7268,4,"https://static.www.nfl.com/image/upload/f_auto,q_auto/league/xgq5wwfuk5s2frsx0ha0",MLB,15,REG,A01,Krys,BAR322104,52863,32004241-5232-2104-f3fe-bea526d8e0a2,2020,2020.0,,,26.705
15502,2024,ARI,LB,ILB,51.0,ACT,Krys Barnes,Krystopher,Barnes,1998-04-02,74.0,235,UCLA,00-0035961,4035817,fc081a72-124d-4648-86a4-45aebb95a5ba,33221,14572,42548,BarnKr00,22266,7268,4,"https://static.www.nfl.com/image/upload/f_auto,q_auto/league/xgq5wwfuk5s2frsx0ha0",MLB,16,REG,A01,Krys,BAR322104,52863,32004241-5232-2104-f3fe-bea526d8e0a2,2020,2020.0,,,26.724
15503,2024,ARI,LB,ILB,51.0,ACT,Krys Barnes,Krystopher,Barnes,1998-04-02,74.0,235,UCLA,00-0035961,4035817,fc081a72-124d-4648-86a4-45aebb95a5ba,33221,14572,42548,BarnKr00,22266,7268,4,"https://static.www.nfl.com/image/upload/f_auto,q_auto/league/xgq5wwfuk5s2frsx0ha0",MLB,18,REG,A01,Krys,BAR322104,52863,32004241-5232-2104-f3fe-bea526d8e0a2,2020,2020.0,,,26.762
15504,2024,ARI,LB,ILB,51.0,ACT,Krys Barnes,Krystopher,Barnes,1998-04-02,74.0,235,UCLA,00-0035961,4035817,fc081a72-124d-4648-86a4-45aebb95a5ba,33221,14572,42548,BarnKr00,22266,7268,4,"https://static.www.nfl.com/image/upload/f_auto,q_auto/league/xgq5wwfuk5s2frsx0ha0",MLB,1,REG,A01,Krys,BAR322104,52863,32004241-5232-2104-f3fe-bea526d8e0a2,2020,2020.0,,,26.437
15505,2024,ARI,LB,ILB,51.0,ACT,Krys Barnes,Krystopher,Barnes,1998-04-02,74.0,235,UCLA,00-0035961,4035817,fc081a72-124d-4648-86a4-45aebb95a5ba,33221,14572,42548,BarnKr00,22266,7268,4,"https://static.www.nfl.com/image/upload/f_auto,q_auto/league/xgq5wwfuk5s2frsx0ha0",MLB,14,REG,A01,Krys,BAR322104,52863,32004241-5232-2104-f3fe-bea526d8e0a2,2020,2020.0,,,26.686
15506,2024,ARI,LB,ILB,51.0,ACT,Krys Barnes,Krystopher,Barnes,1998-04-02,74.0,235,UCLA,00-0035961,4035817,fc081a72-124d-4648-86a4-45aebb95a5ba,33221,14572,42548,BarnKr00,22266,7268,4,"https://static.www.nfl.com/image/upload/f_auto,q_auto/league/xgq5wwfuk5s2frsx0ha0",MLB,2,REG,A01,Krys,BAR322104,52863,32004241-5232-2104-f3fe-bea526d8e0a2,2020,2020.0,,,26.456
15507,2024,ARI,LB,ILB,51.0,ACT,Krys Barnes,Krystopher,Barnes,1998-04-02,74.0,235,UCLA,00-0035961,4035817,fc081a72-124d-4648-86a4-45aebb95a5ba,33221,14572,42548,BarnKr00,22266,7268,4,"https://static.www.nfl.com/image/upload/f_auto,q_auto/league/xgq5wwfuk5s2frsx0ha0",MLB,3,REG,A01,Krys,BAR322104,52863,32004241-5232-2104-f3fe-bea526d8e0a2,2020,2020.0,,,26.475
15508,2024,ARI,LB,ILB,51.0,ACT,Krys Barnes,Krystopher,Barnes,1998-04-02,74.0,235,UCLA,00-0035961,4035817,fc081a72-124d-4648-86a4-45aebb95a5ba,33221,14572,42548,BarnKr00,22266,7268,4,"https://static.www.nfl.com/image/upload/f_auto,q_auto/league/xgq5wwfuk5s2frsx0ha0",MLB,4,REG,A01,Krys,BAR322104,52863,32004241-5232-2104-f3fe-bea526d8e0a2,2020,2020.0,,,26.494
15509,2024,ARI,LB,ILB,51.0,ACT,Krys Barnes,Krystopher,Barnes,1998-04-02,74.0,235,UCLA,00-0035961,4035817,fc081a72-124d-4648-86a4-45aebb95a5ba,33221,14572,42548,BarnKr00,22266,7268,4,"https://static.www.nfl.com/image/upload/f_auto,q_auto/league/xgq5wwfuk5s2frsx0ha0",OLB,7,REG,A01,Krys,BAR322104,52863,32004241-5232-2104-f3fe-bea526d8e0a2,2020,2020.0,,,26.554
15510,2024,ARI,LB,ILB,51.0,ACT,Krys Barnes,Krystopher,Barnes,1998-04-02,74.0,235,UCLA,00-0035961,4035817,fc081a72-124d-4648-86a4-45aebb95a5ba,33221,14572,42548,BarnKr00,22266,7268,4,"https://static.www.nfl.com/image/upload/f_auto,q_auto/league/xgq5wwfuk5s2frsx0ha0",MLB,17,REG,A01,Krys,BAR322104,52863,32004241-5232-2104-f3fe-bea526d8e0a2,2020,2020.0,,,26.741
15511,2024,ARI,LB,ILB,51.0,ACT,Krys Barnes,Krystopher,Barnes,1998-04-02,74.0,235,UCLA,00-0035961,4035817,fc081a72-124d-4648-86a4-45aebb95a5ba,33221,14572,42548,BarnKr00,22266,7268,4,"https://static.www.nfl.com/image/upload/f_auto,q_auto/league/xgq5wwfuk5s2frsx0ha0",MLB,6,REG,A01,Krys,BAR322104,52863,32004241-5232-2104-f3fe-bea526d8e0a2,2020,2020.0,,,26.533
15512,2024,ARI,LB,ILB,51.0,ACT,Krys Barnes,Krystopher,Barnes,1998-04-02,74.0,235,UCLA,00-0035961,4035817,fc081a72-124d-4648-86a4-45aebb95a5ba,33221,14572,42548,BarnKr00,22266,7268,4,"https://static.www.nfl.com/image/upload/f_auto,q_auto/league/xgq5wwfuk5s2frsx0ha0",MLB,10,REG,A01,Krys,BAR322104,52863,32004241-5232-2104-f3fe-bea526d8e0a2,2020,2020.0,,,26.609
15513,2024,ARI,LB,ILB,51.0,ACT,Krys Barnes,Krystopher,Barnes,1998-04-02,74.0,235,UCLA,00-0035961,4035817,fc081a72-124d-4648-86a4-45aebb95a5ba,33221,14572,42548,BarnKr00,22266,7268,4,"https://static.www.nfl.com/image/upload/f_auto,q_auto/league/xgq5wwfuk5s2frsx0ha0",MLB,5,REG,A01,Krys,BAR322104,52863,32004241-5232-2104-f3fe-bea526d8e0a2,2020,2020.0,,,26.513
15514,2024,ARI,LB,ILB,51.0,ACT,Krys Barnes,Krystopher,Barnes,1998-04-02,74.0,235,UCLA,00-0035961,4035817,fc081a72-124d-4648-86a4-45aebb95a5ba,33221,14572,42548,BarnKr00,22266,7268,4,"https://static.www.nfl.com/image/upload/f_auto,q_auto/league/xgq5wwfuk5s2frsx0ha0",OLB,13,REG,A01,Krys,BAR322104,52863,32004241-5232-2104-f3fe-bea526d8e0a2,2020,2020.0,,,26.667
15515,2024,ARI,LB,ILB,51.0,ACT,Krys Barnes,Krystopher,Barnes,1998-04-02,74.0,235,UCLA,00-0035961,4035817,fc081a72-124d-4648-86a4-45aebb95a5ba,33221,14572,42548,BarnKr00,22266,7268,4,"https://static.www.nfl.com/image/upload/f_auto,q_auto/league/xgq5wwfuk5s2frsx0ha0",MLB,9,REG,A01,Krys,BAR322104,52863,32004241-5232-2104-f3fe-bea526d8e0a2,2020,2020.0,,,26.59
15516,2024,ARI,LB,ILB,51.0,ACT,Krys Barnes,Krystopher,Barnes,1998-04-02,74.0,235,UCLA,00-0035961,4035817,fc081a72-124d-4648-86a4-45aebb95a5ba,33221,14572,42548,BarnKr00,22266,7268,4,"https://static.www.nfl.com/image/upload/f_auto,q_auto/league/xgq5wwfuk5s2frsx0ha0",MLB,12,REG,A01,Krys,BAR322104,52863,32004241-5232-2104-f3fe-bea526d8e0a2,2020,2020.0,,,26.648
15517,2024,ARI,LB,ILB,51.0,ACT,Krys Barnes,Krystopher,Barnes,1998-04-02,74.0,235,UCLA,00-0035961,4035817,fc081a72-124d-4648-86a4-45aebb95a5ba,33221,14572,42548,BarnKr00,22266,7268,4,"https://static.www.nfl.com/image/upload/f_auto,q_auto/league/xgq5wwfuk5s2frsx0ha0",MLB,8,REG,A01,Krys,BAR322104,52863,32004241-5232-2104-f3fe-bea526d8e0a2,2020,2020.0,,,26.571
15537,2024,ARI,WR,WR,80.0,CUT,Dan Chisena,Daniel,Chisena,1997-02-25,75.0,202,Penn State,00-0035976,3929637,92529995-41e9-48db-b429-c96540ad357b,33023,14889,34061,ChisDa00,22345,7357,4,"https://static.www.nfl.com/image/upload/f_auto,q_auto/league/dwiqdrtc7vgrvngxoiix",,6,REG,P06,Dan,CHI740772,52878,32004348-4974-0772-c54b-516781f1edea,2020,2020.0,,,27.63
15538,2024,ARI,WR,WR,17.0,DEV,Dan Chisena,Daniel,Chisena,1997-02-25,75.0,202,Penn State,00-0035976,3929637,92529995-41e9-48db-b429-c96540ad357b,33023,14889,34061,ChisDa00,22345,7357,4,"https://static.www.nfl.com/image/upload/f_auto,q_auto/league/dwiqdrtc7vgrvngxoiix",,1,REG,P06,Dan,CHI740772,52878,32004348-4974-0772-c54b-516781f1edea,2020,2020.0,,,27.535
15542,2024,ARI,WR,WR,80.0,DEV,Dan Chisena,Daniel,Chisena,1997-02-25,75.0,202,Penn State,00-0035976,3929637,92529995-41e9-48db-b429-c96540ad357b,33023,14889,34061,ChisDa00,22345,7357,4,"https://static.www.nfl.com/image/upload/f_auto,q_auto/league/dwiqdrtc7vgrvngxoiix",,2,REG,P06,Dan,CHI740772,52878,32004348-4974-0772-c54b-516781f1edea,2020,2020.0,,,27.554
15548,2024,ARI,WR,WR,80.0,DEV,Dan Chisena,Daniel,Chisena,1997-02-25,75.0,202,Penn State,00-0035976,3929637,92529995-41e9-48db-b429-c96540ad357b,33023,14889,34061,ChisDa00,22345,7357,4,"https://static.www.nfl.com/image/upload/f_auto,q_auto/league/dwiqdrtc7vgrvngxoiix",,5,REG,P06,Dan,CHI740772,52878,32004348-4974-0772-c54b-516781f1edea,2020,2020.0,,,27.611
15549,2024,ARI,WR,WR,80.0,DEV,Dan Chisena,Daniel,Chisena,1997-02-25,75.0,202,Penn State,00-0035976,3929637,92529995-41e9-48db-b429-c96540ad357b,33023,14889,34061,ChisDa00,22345,7357,4,"https://static.www.nfl.com/image/upload/f_auto,q_auto/league/dwiqdrtc7vgrvngxoiix",,4,REG,P06,Dan,CHI740772,52878,32004348-4974-0772-c54b-516781f1edea,2020,2020.0,,,27.592
15550,2024,ARI,WR,WR,80.0,DEV,Dan Chisena,Daniel,Chisena,1997-02-25,75.0,202,Penn State,00-0035976,3929637,92529995-41e9-48db-b429-c96540ad357b,33023,14889,34061,ChisDa00,22345,7357,4,"https://static.www.nfl.com/image/upload/f_auto,q_auto/league/dwiqdrtc7vgrvngxoiix",,3,REG,P06,Dan,CHI740772,52878,32004348-4974-0772-c54b-516781f1edea,2020,2020.0,,,27.573
15562,2024,ARI,OL,C,63.0,ACT,Trystan Colon,Trystan,Colon,1998-03-23,75.0,315,Missouri,00-0035992,,,,,,,,,4,"https://static.www.nfl.com/image/upload/f_auto,q_auto/league/xup6mgczzc2firyyvgnb",G,18,REG,A01,Trystan,COL747687,52894,3200434f-4c74-7687-5343-cc39a681538c,2020,2020.0,,,26.79
15563,2024,ARI,OL,C,63.0,ACT,Trystan Colon,Trystan,Colon,1998-03-23,75.0,315,Missouri,00-0035992,,,,,,,,,4,"https://static.www.nfl.com/image/upload/f_auto,q_auto/league/xup6mgczzc2firyyvgnb",,1,REG,A01,Trystan,COL747687,52894,3200434f-4c74-7687-5343-cc39a681538c,2020,2020.0,,,26.464
15564,2024,ARI,OL,C,63.0,ACT,Trystan Colon,Trystan,Colon,1998-03-23,75.0,315,Missouri,00-0035992,,,,,,,,,4,"https://static.www.nfl.com/image/upload/f_auto,q_auto/league/xup6mgczzc2firyyvgnb",,17,REG,A01,Trystan,COL747687,52894,3200434f-4c74-7687-5343-cc39a681538c,2020,2020.0,,,26.768
15565,2024,ARI,OL,C,63.0,ACT,Trystan Colon,Trystan,Colon,1998-03-23,75.0,315,Missouri,00-0035992,,,,,,,,,4,"https://static.www.nfl.com/image/upload/f_auto,q_auto/league/xup6mgczzc2firyyvgnb",G,9,REG,A01,Trystan,COL747687,52894,3200434f-4c74-7687-5343-cc39a681538c,2020,2020.0,,,26.617
15566,2024,ARI,OL,C,63.0,ACT,Trystan Colon,Trystan,Colon,1998-03-23,75.0,315,Missouri,00-0035992,,,,,,,,,4,"https://static.www.nfl.com/image/upload/f_auto,q_auto/league/xup6mgczzc2firyyvgnb",G,5,REG,A01,Trystan,COL747687,52894,3200434f-4c74-7687-5343-cc39a681538c,2020,2020.0,,,26.541
15567,2024,ARI,OL,C,63.0,ACT,Trystan Colon,Trystan,Colon,1998-03-23,75.0,315,Missouri,00-0035992,,,,,,,,,4,"https://static.www.nfl.com/image/upload/f_auto,q_auto/league/xup6mgczzc2firyyvgnb",,3,REG,A01,Trystan,COL747687,52894,3200434f-4c74-7687-5343-cc39a681538c,2020,2020.0,,,26.502
15568,2024,ARI,OL,C,63.0,ACT,Trystan Colon,Trystan,Colon,1998-03-23,75.0,315,Missouri,00-0035992,,,,,,,,,4,"https://static.www.nfl.com/image/upload/f_auto,q_auto/league/xup6mgczzc2firyyvgnb",C,2,REG,A01,Trystan,COL747687,52894,3200434f-4c74-7687-5343-cc39a681538c,2020,2020.0,,,26.483
15569,2024,ARI,OL,C,63.0,ACT,Trystan Colon,Trystan,Colon,1998-03-23,75.0,315,Missouri,00-0035992,,,,,,,,,4,"https://static.www.nfl.com/image/upload/f_auto,q_auto/league/xup6mgczzc2firyyvgnb",,15,REG,A01,Trystan,COL747687,52894,3200434f-4c74-7687-5343-cc39a681538c,2020,2020.0,,,26.732
15570,2024,ARI,OL,C,63.0,ACT,Trystan Colon,Trystan,Colon,1998-03-23,75.0,315,Missouri,00-0035992,,,,,,,,,4,"https://static.www.nfl.com/image/upload/f_auto,q_auto/league/xup6mgczzc2firyyvgnb",G,10,REG,A01,Trystan,COL747687,52894,3200434f-4c74-7687-5343-cc39a681538c,2020,2020.0,,,26.637
15571,2024,ARI,OL,C,63.0,ACT,Trystan Colon,Trystan,Colon,1998-03-23,75.0,315,Missouri,00-0035992,,,,,,,,,4,"https://static.www.nfl.com/image/upload/f_auto,q_auto/league/xup6mgczzc2firyyvgnb",G,7,REG,A01,Trystan,COL747687,52894,3200434f-4c74-7687-5343-cc39a681538c,2020,2020.0,,,26.582
15572,2024,ARI,OL,C,63.0,ACT,Trystan Colon,Trystan,Colon,1998-03-23,75.0,315,Missouri,00-0035992,,,,,,,,,4,"https://static.www.nfl.com/image/upload/f_auto,q_auto/league/xup6mgczzc2firyyvgnb",G,13,REG,A01,Trystan,COL747687,52894,3200434f-4c74-7687-5343-cc39a681538c,2020,2020.0,,,26.694
15573,2024,ARI,OL,C,63.0,ACT,Trystan Colon,Trystan,Colon,1998-03-23,75.0,315,Missouri,00-0035992,,,,,,,,,4,"https://static.www.nfl.com/image/upload/f_auto,q_auto/league/xup6mgczzc2firyyvgnb",,16,REG,A01,Trystan,COL747687,52894,3200434f-4c74-7687-5343-cc39a681538c,2020,2020.0,,,26.752
15574,2024,ARI,OL,C,63.0,ACT,Trystan Colon,Trystan,Colon,1998-03-23,75.0,315,Missouri,00-0035992,,,,,,,,,4,"https://static.www.nfl.com/image/upload/f_auto,q_auto/league/xup6mgczzc2firyyvgnb",G,6,REG,A01,Trystan,COL747687,52894,3200434f-4c74-7687-5343-cc39a681538c,2020,2020.0,,,26.56
15575,2024,ARI,OL,C,63.0,ACT,Trystan Colon,Trystan,Colon,1998-03-23,75.0,315,Missouri,00-0035992,,,,,,,,,4,"https://static.www.nfl.com/image/upload/f_auto,q_auto/league/xup6mgczzc2firyyvgnb",G,8,REG,A01,Trystan,COL747687,52894,3200434f-4c74-7687-5343-cc39a681538c,2020,2020.0,,,26.598
15576,2024,ARI,OL,C,63.0,ACT,Trystan Colon,Trystan,Colon,1998-03-23,75.0,315,Missouri,00-0035992,,,,,,,,,4,"https://static.www.nfl.com/image/upload/f_auto,q_auto/league/xup6mgczzc2firyyvgnb",,4,REG,A01,Trystan,COL747687,52894,3200434f-4c74-7687-5343-cc39a681538c,2020,2020.0,,,26.522
15577,2024,ARI,OL,C,63.0,ACT,Trystan Colon,Trystan,Colon,1998-03-23,75.0,315,Missouri,00-0035992,,,,,,,,,4,"https://static.www.nfl.com/image/upload/f_auto,q_auto/league/xup6mgczzc2firyyvgnb",,14,REG,A01,Trystan,COL747687,52894,3200434f-4c74-7687-5343-cc39a681538c,2020,2020.0,,,26.713
15578,2024,ARI,OL,C,63.0,ACT,Trystan Colon,Trystan,Colon,1998-03-23,75.0,315,Missouri,00-0035992,,,,,,,,,4,"https://static.www.nfl.com/image/upload/f_auto,q_auto/league/xup6mgczzc2firyyvgnb",G,12,REG,A01,Trystan,COL747687,52894,3200434f-4c74-7687-5343-cc39a681538c,2020,2020.0,,,26.675
15894,2024,ARI,OL,G,51.0,DEV,Nick Leverett,Nick,Leverett,1997-11-11,76.0,310,Rice,00-0036105,,,,,,,,,4,"https://static.www.nfl.com/image/upload/f_auto,q_auto/league/fdfpg9kn1kpvrisbxq3s",,9,REG,P07,Nick,LEV452663,53009,32004c45-5645-2663-e7d4-fa7e1dfad7ee,2020,2020.0,,,26.979
15895,2024,ARI,OL,G,51.0,DEV,Nick Leverett,Nick,Leverett,1997-11-11,76.0,310,Rice,00-0036105,,,,,,,,,4,"https://static.www.nfl.com/image/upload/f_auto,q_auto/league/fdfpg9kn1kpvrisbxq3s",,16,REG,P07,Nick,LEV452663,53009,32004c45-5645-2663-e7d4-fa7e1dfad7ee,2020,2020.0,,,27.113
15896,2024,ARI,OL,G,51.0,DEV,Nick Leverett,Nick,Leverett,1997-11-11,76.0,310,Rice,00-0036105,,,,,,,,,4,"https://static.www.nfl.com/image/upload/f_auto,q_auto/league/fdfpg9kn1kpvrisbxq3s",,10,REG,P07,Nick,LEV452663,53009,32004c45-5645-2663-e7d4-fa7e1dfad7ee,2020,2020.0,,,26.998
15897,2024,ARI,OL,G,50.0,ACT,Nick Leverett,Nick,Leverett,1997-11-11,76.0,310,Rice,00-0036105,,,,,,,,,4,"https://static.www.nfl.com/image/upload/f_auto,q_auto/league/fdfpg9kn1kpvrisbxq3s",T,18,REG,A01,Nick,LEV452663,53009,32004c45-5645-2663-e7d4-fa7e1dfad7ee,2020,2020.0,,,27.151
15898,2024,ARI,OL,G,51.0,DEV,Nick Leverett,Nick,Leverett,1997-11-11,76.0,310,Rice,00-0036105,,,,,,,,,4,"https://static.www.nfl.com/image/upload/f_auto,q_auto/league/fdfpg9kn1kpvrisbxq3s",,15,REG,P07,Nick,LEV452663,53009,32004c45-5645-2663-e7d4-fa7e1dfad7ee,2020,2020.0,,,27.094
15899,2024,ARI,OL,G,51.0,DEV,Nick Leverett,Nick,Leverett,1997-11-11,76.0,310,Rice,00-0036105,,,,,,,,,4,"https://static.www.nfl.com/image/upload/f_auto,q_auto/league/fdfpg9kn1kpvrisbxq3s",,8,REG,P07,Nick,LEV452663,53009,32004c45-5645-2663-e7d4-fa7e1dfad7ee,2020,2020.0,,,26.96
15903,2024,ARI,OL,G,51.0,DEV,Nick Leverett,Nick,Leverett,1997-11-11,76.0,310,Rice,00-0036105,,,,,,,,,4,"https://static.www.nfl.com/image/upload/f_auto,q_auto/league/fdfpg9kn1kpvrisbxq3s",,7,REG,P07,Nick,LEV452663,53009,32004c45-5645-2663-e7d4-fa7e1dfad7ee,2020,2020.0,,,26.943
15905,2024,ARI,OL,G,51.0,DEV,Nick Leverett,Nick,Leverett,1997-11-11,76.0,310,Rice,00-0036105,,,,,,,,,4,"https://static.www.nfl.com/image/upload/f_auto,q_auto/league/fdfpg9kn1kpvrisbxq3s",,17,REG,P07,Nick,LEV452663,53009,32004c45-5645-2663-e7d4-fa7e1dfad7ee,2020,2020.0,,,27.129
15906,2024,ARI,OL,G,51.0,DEV,Nick Leverett,Nick,Leverett,1997-11-11,76.0,310,Rice,00-0036105,,,,,,,,,4,"https://static.www.nfl.com/image/upload/f_auto,q_auto/league/fdfpg9kn1kpvrisbxq3s",,14,REG,P07,Nick,LEV452663,53009,32004c45-5645-2663-e7d4-fa7e1dfad7ee,2020,2020.0,,,27.075
15907,2024,ARI,OL,G,51.0,DEV,Nick Leverett,Nick,Leverett,1997-11-11,76.0,310,Rice,00-0036105,,,,,,,,,4,"https://static.www.nfl.com/image/upload/f_auto,q_auto/league/fdfpg9kn1kpvrisbxq3s",,12,REG,P07,Nick,LEV452663,53009,32004c45-5645-2663-e7d4-fa7e1dfad7ee,2020,2020.0,,,27.036
15908,2024,ARI,OL,G,51.0,DEV,Nick Leverett,Nick,Leverett,1997-11-11,76.0,310,Rice,00-0036105,,,,,,,,,4,"https://static.www.nfl.com/image/upload/f_auto,q_auto/league/fdfpg9kn1kpvrisbxq3s",,13,REG,P07,Nick,LEV452663,53009,32004c45-5645-2663-e7d4-fa7e1dfad7ee,2020,2020.0,,,27.055
16354,2024,ARI,OL,T,67.0,ACT,Charlie Heck,Charles,Heck,1996-11-20,80.0,315,North Carolina,00-0036195,,,,,,,,,4,"https://static.www.nfl.com/image/upload/f_auto,q_auto/league/tmu02z2q384fbl68z3xf",TE,5,REG,A01,Charlie,HEC157579,52534,32004845-4315-7579-cc7c-c4b25609c704,2020,2020.0,HOU,126.0,27.877
16356,2024,ARI,OL,T,67.0,DEV,Charlie Heck,Charles,Heck,1996-11-20,80.0,315,North Carolina,00-0036195,,,,,,,,,4,"https://static.www.nfl.com/image/upload/f_auto,q_auto/league/pz1qneiimosapoj6ybbp",,16,REG,P07,Charlie,HEC157579,52534,32004845-4315-7579-cc7c-c4b25609c704,2020,2020.0,HOU,126.0,28.088
16357,2024,ARI,OL,T,67.0,DEV,Charlie Heck,Charles,Heck,1996-11-20,80.0,315,North Carolina,00-0036195,,,,,,,,,4,"https://static.www.nfl.com/image/upload/f_auto,q_auto/league/pz1qneiimosapoj6ybbp",,12,REG,P07,Charlie,HEC157579,52534,32004845-4315-7579-cc7c-c4b25609c704,2020,2020.0,HOU,126.0,28.011
16358,2024,ARI,OL,T,67.0,ACT,Charlie Heck,Charles,Heck,1996-11-20,80.0,315,North Carolina,00-0036195,,,,,,,,,4,"https://static.www.nfl.com/image/upload/f_auto,q_auto/league/tmu02z2q384fbl68z3xf",T,3,REG,A01,Charlie,HEC157579,52534,32004845-4315-7579-cc7c-c4b25609c704,2020,2020.0,HOU,126.0,27.838
16359,2024,ARI,OL,T,67.0,ACT,Charlie Heck,Charles,Heck,1996-11-20,80.0,315,North Carolina,00-0036195,,,,,,,,,4,"https://static.www.nfl.com/image/upload/f_auto,q_auto/league/tmu02z2q384fbl68z3xf",,4,REG,A01,Charlie,HEC157579,52534,32004845-4315-7579-cc7c-c4b25609c704,2020,2020.0,HOU,126.0,27.858
16361,2024,ARI,OL,T,67.0,ACT,Charlie Heck,Charles,Heck,1996-11-20,80.0,315,North Carolina,00-0036195,,,,,,,,,4,"https://static.www.nfl.com/image/upload/f_auto,q_auto/league/pz1qneiimosapoj6ybbp",TE,8,REG,A01,Charlie,HEC157579,52534,32004845-4315-7579-cc7c-c4b25609c704,2020,2020.0,HOU,126.0,27.934
16363,2024,ARI,OL,T,67.0,ACT,Charlie Heck,Charles,Heck,1996-11-20,80.0,315,North Carolina,00-0036195,,,,,,,,,4,"https://static.www.nfl.com/image/upload/f_auto,q_auto/league/pz1qneiimosapoj6ybbp",,7,REG,A01,Charlie,HEC157579,52534,32004845-4315-7579-cc7c-c4b25609c704,2020,2020.0,HOU,126.0,27.918
16364,2024,ARI,OL,T,67.0,ACT,Charlie Heck,Charles,Heck,1996-11-20,80.0,315,North Carolina,00-0036195,,,,,,,,,4,"https://static.www.nfl.com/image/upload/f_auto,q_auto/league/pz1qneiimosapoj6ybbp",T,10,REG,A01,Charlie,HEC157579,52534,32004845-4315-7579-cc7c-c4b25609c704,2020,2020.0,HOU,126.0,27.973
16365,2024,ARI,OL,T,67.0,ACT,Charlie Heck,Charles,Heck,1996-11-20,80.0,315,North Carolina,00-0036195,,,,,,,,,4,"https://static.www.nfl.com/image/upload/f_auto,q_auto/league/pz1qneiimosapoj6ybbp",TE,9,REG,A01,Charlie,HEC157579,52534,32004845-4315-7579-cc7c-c4b25609c704,2020,2020.0,HOU,126.0,27.953
16366,2024,ARI,OL,T,67.0,DEV,Charlie Heck,Charles,Heck,1996-11-20,80.0,315,North Carolina,00-0036195,,,,,,,,,4,"https://static.www.nfl.com/image/upload/f_auto,q_auto/league/pz1qneiimosapoj6ybbp",,13,REG,P07,Charlie,HEC157579,52534,32004845-4315-7579-cc7c-c4b25609c704,2020,2020.0,HOU,126.0,28.03
16367,2024,ARI,OL,T,67.0,ACT,Charlie Heck,Charles,Heck,1996-11-20,80.0,315,North Carolina,00-0036195,,,,,,,,,4,"https://static.www.nfl.com/image/upload/f_auto,q_auto/league/pz1qneiimosapoj6ybbp",,6,REG,A01,Charlie,HEC157579,52534,32004845-4315-7579-cc7c-c4b25609c704,2020,2020.0,HOU,126.0,27.896
16368,2024,ARI,OL,T,67.0,DEV,Charlie Heck,Charles,Heck,1996-11-20,80.0,315,North Carolina,00-0036195,,,,,,,,,4,"https://static.www.nfl.com/image/upload/f_auto,q_auto/league/tmu02z2q384fbl68z3xf",,2,REG,P07,Charlie,HEC157579,52534,32004845-4315-7579-cc7c-c4b25609c704,2020,2020.0,HOU,126.0,27.819
16369,2024,ARI,OL,T,67.0,DEV,Charlie Heck,Charles,Heck,1996-11-20,80.0,315,North Carolina,00-0036195,,,,,,,,,4,"https://static.www.nfl.com/image/upload/f_auto,q_auto/league/pz1qneiimosapoj6ybbp",,15,REG,P07,Charlie,HEC157579,52534,32004845-4315-7579-cc7c-c4b25609c704,2020,2020.0,HOU,126.0,28.068
16370,2024,ARI,OL,T,67.0,DEV,Charlie Heck,Charles,Heck,1996-11-20,80.0,315,North Carolina,00-0036195,,,,,,,,,4,"https://static.www.nfl.com/image/upload/f_auto,q_auto/league/pz1qneiimosapoj6ybbp",,14,REG,P07,Charlie,HEC157579,52534,32004845-4315-7579-cc7c-c4b25609c704,2020,2020.0,HOU,126.0,28.049
16858,2024,ARI,LB,OLB,58.0,ACT,Julian Okwara,Julian,Okwara,1997-12-27,76.0,241,Notre Dame,00-0036249,4046690,e91734d9-8e7d-4e55-9027-e7c338cc809a,32737,14448,44152,OkwaJu00,21887,6851,4,"https://static.www.nfl.com/image/upload/f_auto,q_auto/league/gtxix2rqytullyrjqchk",EDGE,3,REG,A01,Julian,OKW029663,52475,32004f4b-5702-9663-85a0-2051a10bc13c,2020,2020.0,DET,67.0,26.738
16859,2024,ARI,LB,OLB,58.0,DEV,Julian Okwara,Julian,Okwara,1997-12-27,76.0,241,Notre Dame,00-0036249,4046690,e91734d9-8e7d-4e55-9027-e7c338cc809a,32737,14448,44152,OkwaJu00,21887,6851,4,"https://static.www.nfl.com/image/upload/f_auto,q_auto/league/gtxix2rqytullyrjqchk",,1,REG,P07,Julian,OKW029663,52475,32004f4b-5702-9663-85a0-2051a10bc13c,2020,2020.0,DET,67.0,26.7
16860,2024,ARI,LB,OLB,58.0,ACT,Julian Okwara,Julian,Okwara,1997-12-27,76.0,241,Notre Dame,00-0036249,4046690,e91734d9-8e7d-4e55-9027-e7c338cc809a,32737,14448,44152,OkwaJu00,21887,6851,4,"https://static.www.nfl.com/image/upload/f_auto,q_auto/league/unrh4wz2bbaum89obafi",EDGE,14,REG,A01,Julian,OKW029663,52475,32004f4b-5702-9663-85a0-2051a10bc13c,2020,2020.0,DET,67.0,26.949
16861,2024,ARI,LB,OLB,58.0,ACT,Julian Okwara,Julian,Okwara,1997-12-27,76.0,241,Notre Dame,00-0036249,4046690,e91734d9-8e7d-4e55-9027-e7c338cc809a,32737,14448,44152,OkwaJu00,21887,6851,4,"https://static.www.nfl.com/image/upload/f_auto,q_auto/league/unrh4wz2bbaum89obafi",EDGE,18,REG,A01,Julian,OKW029663,52475,32004f4b-5702-9663-85a0-2051a10bc13c,2020,2020.0,DET,67.0,27.025
16862,2024,ARI,LB,OLB,58.0,ACT,Julian Okwara,Julian,Okwara,1997-12-27,76.0,241,Notre Dame,00-0036249,4046690,e91734d9-8e7d-4e55-9027-e7c338cc809a,32737,14448,44152,OkwaJu00,21887,6851,4,"https://static.www.nfl.com/image/upload/f_auto,q_auto/league/unrh4wz2bbaum89obafi",EDGE,15,REG,A01,Julian,OKW029663,52475,32004f4b-5702-9663-85a0-2051a10bc13c,2020,2020.0,DET,67.0,26.968
16863,2024,ARI,LB,OLB,58.0,INA,Julian Okwara,Julian,Okwara,1997-12-27,76.0,241,Notre Dame,00-0036249,4046690,e91734d9-8e7d-4e55-9027-e7c338cc809a,32737,14448,44152,OkwaJu00,21887,6851,4,"https://static.www.nfl.com/image/upload/f_auto,q_auto/league/unrh4wz2bbaum89obafi",,12,REG,A01,Julian,OKW029663,52475,32004f4b-5702-9663-85a0-2051a10bc13c,2020,2020.0,DET,67.0,26.91
16864,2024,ARI,LB,OLB,58.0,ACT,Julian Okwara,Julian,Okwara,1997-12-27,76.0,241,Notre Dame,00-0036249,4046690,e91734d9-8e7d-4e55-9027-e7c338cc809a,32737,14448,44152,OkwaJu00,21887,6851,4,"https://static.www.nfl.com/image/upload/f_auto,q_auto/league/gtxix2rqytullyrjqchk",EDGE,4,REG,A01,Julian,OKW029663,52475,32004f4b-5702-9663-85a0-2051a10bc13c,2020,2020.0,DET,67.0,26.757
16865,2024,ARI,LB,OLB,58.0,ACT,Julian Okwara,Julian,Okwara,1997-12-27,76.0,241,Notre Dame,00-0036249,4046690,e91734d9-8e7d-4e55-9027-e7c338cc809a,32737,14448,44152,OkwaJu00,21887,6851,4,"https://static.www.nfl.com/image/upload/f_auto,q_auto/league/unrh4wz2bbaum89obafi",EDGE,17,REG,A01,Julian,OKW029663,52475,32004f4b-5702-9663-85a0-2051a10bc13c,2020,2020.0,DET,67.0,27.003
16866,2024,ARI,LB,OLB,58.0,ACT,Julian Okwara,Julian,Okwara,1997-12-27,76.0,241,Notre Dame,00-0036249,4046690,e91734d9-8e7d-4e55-9027-e7c338cc809a,32737,14448,44152,OkwaJu00,21887,6851,4,"https://static.www.nfl.com/image/upload/f_auto,q_auto/league/unrh4wz2bbaum89obafi",EDGE,9,REG,A01,Julian,OKW029663,52475,32004f4b-5702-9663-85a0-2051a10bc13c,2020,2020.0,DET,67.0,26.853
16867,2024,ARI,LB,OLB,58.0,ACT,Julian Okwara,Julian,Okwara,1997-12-27,76.0,241,Notre Dame,00-0036249,4046690,e91734d9-8e7d-4e55-9027-e7c338cc809a,32737,14448,44152,OkwaJu00,21887,6851,4,"https://static.www.nfl.com/image/upload/f_auto,q_auto/league/gtxix2rqytullyrjqchk",EDGE,2,REG,A01,Julian,OKW029663,52475,32004f4b-5702-9663-85a0-2051a10bc13c,2020,2020.0,DET,67.0,26.719
16868,2024,ARI,LB,OLB,58.0,ACT,Julian Okwara,Julian,Okwara,1997-12-27,76.0,241,Notre Dame,00-0036249,4046690,e91734d9-8e7d-4e55-9027-e7c338cc809a,32737,14448,44152,OkwaJu00,21887,6851,4,"https://static.www.nfl.com/image/upload/f_auto,q_auto/league/unrh4wz2bbaum89obafi",EDGE,16,REG,A01,Julian,OKW029663,52475,32004f4b-5702-9663-85a0-2051a10bc13c,2020,2020.0,DET,67.0,26.987
16869,2024,ARI,LB,OLB,58.0,ACT,Julian Okwara,Julian,Okwara,1997-12-27,76.0,241,Notre Dame,00-0036249,4046690,e91734d9-8e7d-4e55-9027-e7c338cc809a,32737,14448,44152,OkwaJu00,21887,6851,4,"https://static.www.nfl.com/image/upload/f_auto,q_auto/league/unrh4wz2bbaum89obafi",EDGE,7,REG,A01,Julian,OKW029663,52475,32004f4b-5702-9663-85a0-2051a10bc13c,2020,2020.0,DET,67.0,26.817
16870,2024,ARI,LB,OLB,58.0,ACT,Julian Okwara,Julian,Okwara,1997-12-27,76.0,241,Notre Dame,00-0036249,4046690,e91734d9-8e7d-4e55-9027-e7c338cc809a,32737,14448,44152,OkwaJu00,21887,6851,4,"https://static.www.nfl.com/image/upload/f_auto,q_auto/league/unrh4wz2bbaum89obafi",EDGE,6,REG,A01,Julian,OKW029663,52475,32004f4b-5702-9663-85a0-2051a10bc13c,2020,2020.0,DET,67.0,26.795
16871,2024,ARI,LB,OLB,58.0,ACT,Julian Okwara,Julian,Okwara,1997-12-27,76.0,241,Notre Dame,00-0036249,4046690,e91734d9-8e7d-4e55-9027-e7c338cc809a,32737,14448,44152,OkwaJu00,21887,6851,4,"https://static.www.nfl.com/image/upload/f_auto,q_auto/league/unrh4wz2bbaum89obafi",EDGE,5,REG,A01,Julian,OKW029663,52475,32004f4b-5702-9663-85a0-2051a10bc13c,2020,2020.0,DET,67.0,26.776
16872,2024,ARI,LB,OLB,58.0,INA,Julian Okwara,Julian,Okwara,1997-12-27,76.0,241,Notre Dame,00-0036249,4046690,e91734d9-8e7d-4e55-9027-e7c338cc809a,32737,14448,44152,OkwaJu00,21887,6851,4,"https://static.www.nfl.com/image/upload/f_auto,q_auto/league/unrh4wz2bbaum89obafi",,13,REG,A01,Julian,OKW029663,52475,32004f4b-5702-9663-85a0-2051a10bc13c,2020,2020.0,DET,67.0,26.93
16873,2024,ARI,LB,OLB,58.0,ACT,Julian Okwara,Julian,Okwara,1997-12-27,76.0,241,Notre Dame,00-0036249,4046690,e91734d9-8e7d-4e55-9027-e7c338cc809a,32737,14448,44152,OkwaJu00,21887,6851,4,"https://static.www.nfl.com/image/upload/f_auto,q_auto/league/unrh4wz2bbaum89obafi",EDGE,8,REG,A01,Julian,OKW029663,52475,32004f4b-5702-9663-85a0-2051a10bc13c,2020,2020.0,DET,67.0,26.834
16874,2024,ARI,LB,OLB,58.0,INA,Julian Okwara,Julian,Okwara,1997-12-27,76.0,241,Notre Dame,00-0036249,4046690,e91734d9-8e7d-4e55-9027-e7c338cc809a,32737,14448,44152,OkwaJu00,21887,6851,4,"https://static.www.nfl.com/image/upload/f_auto,q_auto/league/unrh4wz2bbaum89obafi",,10,REG,A01,Julian,OKW029663,52475,32004f4b-5702-9663-85a0-2051a10bc13c,2020,2020.0,DET,67.0,26.872
17715,2024,ARI,LB,ILB,41.0,DEV,Markus Bailey,Markus,Bailey,1997-03-07,73.0,240,Purdue,00-0036314,3917992,cbe52cf7-a9fe-495c-bd77-3a22a7f7208f,32885,14736,49681,BailMa01,21911,6891,4,"https://static.www.nfl.com/image/upload/f_auto,q_auto/league/etenzo5wtbuoiz2z5tbb",,18,REG,P07,Markus,BAI557328,52623,32004241-4955-7328-a2e1-9433ac97ac10,2020,2020.0,CIN,215.0,27.833
17716,2024,ARI,LB,ILB,41.0,DEV,Markus Bailey,Markus,Bailey,1997-03-07,73.0,240,Purdue,00-0036314,3917992,cbe52cf7-a9fe-495c-bd77-3a22a7f7208f,32885,14736,49681,BailMa01,21911,6891,4,"https://static.www.nfl.com/image/upload/f_auto,q_auto/league/etenzo5wtbuoiz2z5tbb",,15,REG,P04,Markus,BAI557328,52623,32004241-4955-7328-a2e1-9433ac97ac10,2020,2020.0,CIN,215.0,27.775
17717,2024,ARI,LB,ILB,41.0,DEV,Markus Bailey,Markus,Bailey,1997-03-07,73.0,240,Purdue,00-0036314,3917992,cbe52cf7-a9fe-495c-bd77-3a22a7f7208f,32885,14736,49681,BailMa01,21911,6891,4,"https://static.www.nfl.com/image/upload/f_auto,q_auto/league/etenzo5wtbuoiz2z5tbb",,1,REG,P07,Markus,BAI557328,52623,32004241-4955-7328-a2e1-9433ac97ac10,2020,2020.0,CIN,215.0,27.507
17718,2024,ARI,LB,ILB,41.0,DEV,Markus Bailey,Markus,Bailey,1997-03-07,73.0,240,Purdue,00-0036314,3917992,cbe52cf7-a9fe-495c-bd77-3a22a7f7208f,32885,14736,49681,BailMa01,21911,6891,4,"https://static.www.nfl.com/image/upload/f_auto,q_auto/league/etenzo5wtbuoiz2z5tbb",,4,REG,P07,Markus,BAI557328,52623,32004241-4955-7328-a2e1-9433ac97ac10,2020,2020.0,CIN,215.0,27.565
17719,2024,ARI,LB,ILB,41.0,DEV,Markus Bailey,Markus,Bailey,1997-03-07,73.0,240,Purdue,00-0036314,3917992,cbe52cf7-a9fe-495c-bd77-3a22a7f7208f,32885,14736,49681,BailMa01,21911,6891,4,"https://static.www.nfl.com/image/upload/f_auto,q_auto/league/etenzo5wtbuoiz2z5tbb",,3,REG,P07,Markus,BAI557328,52623,32004241-4955-7328-a2e1-9433ac97ac10,2020,2020.0,CIN,215.0,27.546
17720,2024,ARI,LB,ILB,41.0,DEV,Markus Bailey,Markus,Bailey,1997-03-07,73.0,240,Purdue,00-0036314,3917992,cbe52cf7-a9fe-495c-bd77-3a22a7f7208f,32885,14736,49681,BailMa01,21911,6891,4,"https://static.www.nfl.com/image/upload/f_auto,q_auto/league/etenzo5wtbuoiz2z5tbb",,17,REG,P04,Markus,BAI557328,52623,32004241-4955-7328-a2e1-9433ac97ac10,2020,2020.0,CIN,215.0,27.811
17721,2024,ARI,LB,ILB,41.0,DEV,Markus Bailey,Markus,Bailey,1997-03-07,73.0,240,Purdue,00-0036314,3917992,cbe52cf7-a9fe-495c-bd77-3a22a7f7208f,32885,14736,49681,BailMa01,21911,6891,4,"https://static.www.nfl.com/image/upload/f_auto,q_auto/league/etenzo5wtbuoiz2z5tbb",,14,REG,P04,Markus,BAI557328,52623,32004241-4955-7328-a2e1-9433ac97ac10,2020,2020.0,CIN,215.0,27.756
17722,2024,ARI,LB,ILB,41.0,DEV,Markus Bailey,Markus,Bailey,1997-03-07,73.0,240,Purdue,00-0036314,3917992,cbe52cf7-a9fe-495c-bd77-3a22a7f7208f,32885,14736,49681,BailMa01,21911,6891,4,"https://static.www.nfl.com/image/upload/f_auto,q_auto/league/etenzo5wtbuoiz2z5tbb",,12,REG,P04,Markus,BAI557328,52623,32004241-4955-7328-a2e1-9433ac97ac10,2020,2020.0,CIN,215.0,27.718
17723,2024,ARI,LB,ILB,41.0,ACT,Markus Bailey,Markus,Bailey,1997-03-07,73.0,240,Purdue,00-0036314,3917992,cbe52cf7-a9fe-495c-bd77-3a22a7f7208f,32885,14736,49681,BailMa01,21911,6891,4,"https://static.www.nfl.com/image/upload/f_auto,q_auto/league/etenzo5wtbuoiz2z5tbb",,7,REG,A01,Markus,BAI557328,52623,32004241-4955-7328-a2e1-9433ac97ac10,2020,2020.0,CIN,215.0,27.625
17724,2024,ARI,LB,ILB,41.0,DEV,Markus Bailey,Markus,Bailey,1997-03-07,73.0,240,Purdue,00-0036314,3917992,cbe52cf7-a9fe-495c-bd77-3a22a7f7208f,32885,14736,49681,BailMa01,21911,6891,4,"https://static.www.nfl.com/image/upload/f_auto,q_auto/league/etenzo5wtbuoiz2z5tbb",,6,REG,P07,Markus,BAI557328,52623,32004241-4955-7328-a2e1-9433ac97ac10,2020,2020.0,CIN,215.0,27.603
17725,2024,ARI,LB,ILB,41.0,DEV,Markus Bailey,Markus,Bailey,1997-03-07,73.0,240,Purdue,00-0036314,3917992,cbe52cf7-a9fe-495c-bd77-3a22a7f7208f,32885,14736,49681,BailMa01,21911,6891,4,"https://static.www.nfl.com/image/upload/f_auto,q_auto/league/etenzo5wtbuoiz2z5tbb",,16,REG,P04,Markus,BAI557328,52623,32004241-4955-7328-a2e1-9433ac97ac10,2020,2020.0,CIN,215.0,27.795
17726,2024,ARI,LB,ILB,41.0,DEV,Markus Bailey,Markus,Bailey,1997-03-07,73.0,240,Purdue,00-0036314,3917992,cbe52cf7-a9fe-495c-bd77-3a22a7f7208f,32885,14736,49681,BailMa01,21911,6891,4,"https://static.www.nfl.com/image/upload/f_auto,q_auto/league/etenzo5wtbuoiz2z5tbb",,13,REG,P04,Markus,BAI557328,52623,32004241-4955-7328-a2e1-9433ac97ac10,2020,2020.0,CIN,215.0,27.737
17727,2024,ARI,LB,ILB,41.0,DEV,Markus Bailey,Markus,Bailey,1997-03-07,73.0,240,Purdue,00-0036314,3917992,cbe52cf7-a9fe-495c-bd77-3a22a7f7208f,32885,14736,49681,BailMa01,21911,6891,4,"https://static.www.nfl.com/image/upload/f_auto,q_auto/league/etenzo5wtbuoiz2z5tbb",,5,REG,P07,Markus,BAI557328,52623,32004241-4955-7328-a2e1-9433ac97ac10,2020,2020.0,CIN,215.0,27.584
17728,2024,ARI,LB,ILB,41.0,DEV,Markus Bailey,Markus,Bailey,1997-03-07,73.0,240,Purdue,00-0036314,3917992,cbe52cf7-a9fe-495c-bd77-3a22a7f7208f,32885,14736,49681,BailMa01,21911,6891,4,"https://static.www.nfl.com/image/upload/f_auto,q_auto/league/etenzo5wtbuoiz2z5tbb",,8,REG,P07,Markus,BAI557328,52623,32004241-4955-7328-a2e1-9433ac97ac10,2020,2020.0,CIN,215.0,27.641
17729,2024,ARI,LB,ILB,41.0,DEV,Markus Bailey,Markus,Bailey,1997-03-07,73.0,240,Purdue,00-0036314,3917992,cbe52cf7-a9fe-495c-bd77-3a22a7f7208f,32885,14736,49681,BailMa01,21911,6891,4,"https://static.www.nfl.com/image/upload/f_auto,q_auto/league/etenzo5wtbuoiz2z5tbb",,9,REG,P07,Markus,BAI557328,52623,32004241-4955-7328-a2e1-9433ac97ac10,2020,2020.0,CIN,215.0,27.661
17730,2024,ARI,LB,ILB,41.0,DEV,Markus Bailey,Markus,Bailey,1997-03-07,73.0,240,Purdue,00-0036314,3917992,cbe52cf7-a9fe-495c-bd77-3a22a7f7208f,32885,14736,49681,BailMa01,21911,6891,4,"https://static.www.nfl.com/image/upload/f_auto,q_auto/league/etenzo5wtbuoiz2z5tbb",,2,REG,P07,Markus,BAI557328,52623,32004241-4955-7328-a2e1-9433ac97ac10,2020,2020.0,CIN,215.0,27.526
17731,2024,ARI,LB,ILB,41.0,DEV,Markus Bailey,Markus,Bailey,1997-03-07,73.0,240,Purdue,00-0036314,3917992,cbe52cf7-a9fe-495c-bd77-3a22a7f7208f,32885,14736,49681,BailMa01,21911,6891,4,"https://static.www.nfl.com/image/upload/f_auto,q_auto/league/etenzo5wtbuoiz2z5tbb",,10,REG,P07,Markus,BAI557328,52623,32004241-4955-7328-a2e1-9433ac97ac10,2020,2020.0,CIN,215.0,27.68
18036,2024,ARI,OL,C,60.0,DEV,Keith Ismael,Keith,Ismael,1998-07-25,75.0,310,San Diego State,00-0036342,,,,,,,,,4,"https://static.www.nfl.com/image/upload/f_auto,q_auto/league/r2nyvq01hor2zkvcmgd5",,12,REG,P07,Keith,ISM022913,52564,32004953-4d02-2913-6d8c-8800a2eb45b0,2020,2020.0,WAS,156.0,26.335
18037,2024,ARI,OL,C,60.0,DEV,Keith Ismael,Keith,Ismael,1998-07-25,75.0,310,San Diego State,00-0036342,,,,,,,,,4,"https://static.www.nfl.com/image/upload/f_auto,q_auto/league/r2nyvq01hor2zkvcmgd5",,4,REG,P07,Keith,ISM022913,52564,32004953-4d02-2913-6d8c-8800a2eb45b0,2020,2020.0,WAS,156.0,26.182
18038,2024,ARI,OL,C,60.0,DEV,Keith Ismael,Keith,Ismael,1998-07-25,75.0,310,San Diego State,00-0036342,,,,,,,,,4,"https://static.www.nfl.com/image/upload/f_auto,q_auto/league/r2nyvq01hor2zkvcmgd5",,6,REG,P07,Keith,ISM022913,52564,32004953-4d02-2913-6d8c-8800a2eb45b0,2020,2020.0,WAS,156.0,26.22
18039,2024,ARI,OL,C,60.0,CUT,Keith Ismael,Keith,Ismael,1998-07-25,75.0,310,San Diego State,00-0036342,,,,,,,,,4,"https://static.www.nfl.com/image/upload/f_auto,q_auto/league/r2nyvq01hor2zkvcmgd5",,15,REG,P07,Keith,ISM022913,52564,32004953-4d02-2913-6d8c-8800a2eb45b0,2020,2020.0,WAS,156.0,26.393
18040,2024,ARI,OL,C,60.0,DEV,Keith Ismael,Keith,Ismael,1998-07-25,75.0,310,San Diego State,00-0036342,,,,,,,,,4,"https://static.www.nfl.com/image/upload/f_auto,q_auto/league/r2nyvq01hor2zkvcmgd5",,5,REG,P07,Keith,ISM022913,52564,32004953-4d02-2913-6d8c-8800a2eb45b0,2020,2020.0,WAS,156.0,26.201
18041,2024,ARI,OL,C,60.0,DEV,Keith Ismael,Keith,Ismael,1998-07-25,75.0,310,San Diego State,00-0036342,,,,,,,,,4,"https://static.www.nfl.com/image/upload/f_auto,q_auto/league/r2nyvq01hor2zkvcmgd5",,10,REG,P07,Keith,ISM022913,52564,32004953-4d02-2913-6d8c-8800a2eb45b0,2020,2020.0,WAS,156.0,26.297
18042,2024,ARI,OL,C,60.0,DEV,Keith Ismael,Keith,Ismael,1998-07-25,75.0,310,San Diego State,00-0036342,,,,,,,,,4,"https://static.www.nfl.com/image/upload/f_auto,q_auto/league/r2nyvq01hor2zkvcmgd5",,1,REG,P07,Keith,ISM022913,52564,32004953-4d02-2913-6d8c-8800a2eb45b0,2020,2020.0,WAS,156.0,26.125
18043,2024,ARI,OL,C,60.0,DEV,Keith Ismael,Keith,Ismael,1998-07-25,75.0,310,San Diego State,00-0036342,,,,,,,,,4,"https://static.www.nfl.com/image/upload/f_auto,q_auto/league/r2nyvq01hor2zkvcmgd5",,14,REG,P07,Keith,ISM022913,52564,32004953-4d02-2913-6d8c-8800a2eb45b0,2020,2020.0,WAS,156.0,26.374
18044,2024,ARI,OL,C,60.0,DEV,Keith Ismael,Keith,Ismael,1998-07-25,75.0,310,San Diego State,00-0036342,,,,,,,,,4,"https://static.www.nfl.com/image/upload/f_auto,q_auto/league/r2nyvq01hor2zkvcmgd5",,9,REG,P07,Keith,ISM022913,52564,32004953-4d02-2913-6d8c-8800a2eb45b0,2020,2020.0,WAS,156.0,26.278
18045,2024,ARI,OL,C,60.0,DEV,Keith Ismael,Keith,Ismael,1998-07-25,75.0,310,San Diego State,00-0036342,,,,,,,,,4,"https://static.www.nfl.com/image/upload/f_auto,q_auto/league/r2nyvq01hor2zkvcmgd5",,2,REG,P07,Keith,ISM022913,52564,32004953-4d02-2913-6d8c-8800a2eb45b0,2020,2020.0,WAS,156.0,26.144
18046,2024,ARI,OL,C,60.0,DEV,Keith Ismael,Keith,Ismael,1998-07-25,75.0,310,San Diego State,00-0036342,,,,,,,,,4,"https://static.www.nfl.com/image/upload/f_auto,q_auto/league/r2nyvq01hor2zkvcmgd5",,8,REG,P07,Keith,ISM022913,52564,32004953-4d02-2913-6d8c-8800a2eb45b0,2020,2020.0,WAS,156.0,26.259
18047,2024,ARI,OL,C,60.0,DEV,Keith Ismael,Keith,Ismael,1998-07-25,75.0,310,San Diego State,00-0036342,,,,,,,,,4,"https://static.www.nfl.com/image/upload/f_auto,q_auto/league/r2nyvq01hor2zkvcmgd5",,7,REG,P07,Keith,ISM022913,52564,32004953-4d02-2913-6d8c-8800a2eb45b0,2020,2020.0,WAS,156.0,26.242
18048,2024,ARI,OL,C,60.0,DEV,Keith Ismael,Keith,Ismael,1998-07-25,75.0,310,San Diego State,00-0036342,,,,,,,,,4,"https://static.www.nfl.com/image/upload/f_auto,q_auto/league/r2nyvq01hor2zkvcmgd5",,3,REG,P07,Keith,ISM022913,52564,32004953-4d02-2913-6d8c-8800a2eb45b0,2020,2020.0,WAS,156.0,26.163
18049,2024,ARI,OL,C,60.0,DEV,Keith Ismael,Keith,Ismael,1998-07-25,75.0,310,San Diego State,00-0036342,,,,,,,,,4,"https://static.www.nfl.com/image/upload/f_auto,q_auto/league/r2nyvq01hor2zkvcmgd5",,13,REG,P07,Keith,ISM022913,52564,32004953-4d02-2913-6d8c-8800a2eb45b0,2020,2020.0,WAS,156.0,26.355
18579,2024,ARI,DB,CB,29.0,CUT,Michael Ojemudia,Michael,Ojemudia,1997-09-12,73.0,200,Iowa,00-0036390,3894830,bc399631-6a3c-4515-9f8b-acc9a08bc434,32747,14711,50327,OjemMi00,22080,6983,4,"https://static.www.nfl.com/image/private/f_auto,q_auto/league/lsdacncg3llktpdnufiq",,1,REG,A01,Michael,OJE426541,52485,32004f4a-4542-6541-d072-0ac2f5e57c64,2020,2020.0,DEN,77.0,26.99
19051,2024,ARI,RB,RB,20.0,ACT,DeeJay Dallas,Demetrius,Dallas,1998-09-16,70.0,214,Miami,00-0036425,4240631,48ef5bfa-7b91-4ed1-ad12-e94c0bc101c2,32814,14410,55632,DallDe00,21804,6931,4,"https://static.www.nfl.com/image/upload/f_auto,q_auto/league/qsij89kqrxap0jba9zwh",,4,REG,A01,DeeJay,DAL415290,52552,32004441-4c41-5290-528d-2115c573d8ed,2020,2020.0,SEA,144.0,26.037
19052,2024,ARI,RB,RB,20.0,ACT,DeeJay Dallas,Demetrius,Dallas,1998-09-16,70.0,214,Miami,00-0036425,4240631,48ef5bfa-7b91-4ed1-ad12-e94c0bc101c2,32814,14410,55632,DallDe00,21804,6931,4,"https://static.www.nfl.com/image/upload/f_auto,q_auto/league/qsij89kqrxap0jba9zwh",RB,9,REG,A01,DeeJay,DAL415290,52552,32004441-4c41-5290-528d-2115c573d8ed,2020,2020.0,SEA,144.0,26.133
19053,2024,ARI,RB,RB,20.0,ACT,DeeJay Dallas,Demetrius,Dallas,1998-09-16,70.0,214,Miami,00-0036425,4240631,48ef5bfa-7b91-4ed1-ad12-e94c0bc101c2,32814,14410,55632,DallDe00,21804,6931,4,"https://static.www.nfl.com/image/upload/f_auto,q_auto/league/qsij89kqrxap0jba9zwh",RB,17,REG,A01,DeeJay,DAL415290,52552,32004441-4c41-5290-528d-2115c573d8ed,2020,2020.0,SEA,144.0,26.283
19054,2024,ARI,RB,RB,20.0,ACT,DeeJay Dallas,Demetrius,Dallas,1998-09-16,70.0,214,Miami,00-0036425,4240631,48ef5bfa-7b91-4ed1-ad12-e94c0bc101c2,32814,14410,55632,DallDe00,21804,6931,4,"https://static.www.nfl.com/image/upload/f_auto,q_auto/league/qsij89kqrxap0jba9zwh",,3,REG,A01,DeeJay,DAL415290,52552,32004441-4c41-5290-528d-2115c573d8ed,2020,2020.0,SEA,144.0,26.018
19055,2024,ARI,RB,RB,20.0,ACT,DeeJay Dallas,Demetrius,Dallas,1998-09-16,70.0,214,Miami,00-0036425,4240631,48ef5bfa-7b91-4ed1-ad12-e94c0bc101c2,32814,14410,55632,DallDe00,21804,6931,4,"https://static.www.nfl.com/image/upload/f_auto,q_auto/league/qsij89kqrxap0jba9zwh",,5,REG,A01,DeeJay,DAL415290,52552,32004441-4c41-5290-528d-2115c573d8ed,2020,2020.0,SEA,144.0,26.056
19056,2024,ARI,RB,RB,20.0,ACT,DeeJay Dallas,Demetrius,Dallas,1998-09-16,70.0,214,Miami,00-0036425,4240631,48ef5bfa-7b91-4ed1-ad12-e94c0bc101c2,32814,14410,55632,DallDe00,21804,6931,4,"https://static.www.nfl.com/image/upload/f_auto,q_auto/league/qsij89kqrxap0jba9zwh",,8,REG,A01,DeeJay,DAL415290,52552,32004441-4c41-5290-528d-2115c573d8ed,2020,2020.0,SEA,144.0,26.114
19057,2024,ARI,RB,RB,20.0,ACT,DeeJay Dallas,Demetrius,Dallas,1998-09-16,70.0,214,Miami,00-0036425,4240631,48ef5bfa-7b91-4ed1-ad12-e94c0bc101c2,32814,14410,55632,DallDe00,21804,6931,4,"https://static.www.nfl.com/image/upload/f_auto,q_auto/league/qsij89kqrxap0jba9zwh",,12,REG,A01,DeeJay,DAL415290,52552,32004441-4c41-5290-528d-2115c573d8ed,2020,2020.0,SEA,144.0,26.19
19058,2024,ARI,RB,RB,20.0,ACT,DeeJay Dallas,Demetrius,Dallas,1998-09-16,70.0,214,Miami,00-0036425,4240631,48ef5bfa-7b91-4ed1-ad12-e94c0bc101c2,32814,14410,55632,DallDe00,21804,6931,4,"https://static.www.nfl.com/image/upload/f_auto,q_auto/league/qsij89kqrxap0jba9zwh",,6,REG,A01,DeeJay,DAL415290,52552,32004441-4c41-5290-528d-2115c573d8ed,2020,2020.0,SEA,144.0,26.075
19059,2024,ARI,RB,RB,20.0,ACT,DeeJay Dallas,Demetrius,Dallas,1998-09-16,70.0,214,Miami,00-0036425,4240631,48ef5bfa-7b91-4ed1-ad12-e94c0bc101c2,32814,14410,55632,DallDe00,21804,6931,4,"https://static.www.nfl.com/image/upload/f_auto,q_auto/league/qsij89kqrxap0jba9zwh",RB,15,REG,A01,DeeJay,DAL415290,52552,32004441-4c41-5290-528d-2115c573d8ed,2020,2020.0,SEA,144.0,26.248
19060,2024,ARI,RB,RB,20.0,ACT,DeeJay Dallas,Demetrius,Dallas,1998-09-16,70.0,214,Miami,00-0036425,4240631,48ef5bfa-7b91-4ed1-ad12-e94c0bc101c2,32814,14410,55632,DallDe00,21804,6931,4,"https://static.www.nfl.com/image/upload/f_auto,q_auto/league/qsij89kqrxap0jba9zwh",,2,REG,A01,DeeJay,DAL415290,52552,32004441-4c41-5290-528d-2115c573d8ed,2020,2020.0,SEA,144.0,25.999
19061,2024,ARI,RB,RB,20.0,ACT,DeeJay Dallas,Demetrius,Dallas,1998-09-16,70.0,214,Miami,00-0036425,4240631,48ef5bfa-7b91-4ed1-ad12-e94c0bc101c2,32814,14410,55632,DallDe00,21804,6931,4,"https://static.www.nfl.com/image/upload/f_auto,q_auto/league/qsij89kqrxap0jba9zwh",RB,16,REG,A01,DeeJay,DAL415290,52552,32004441-4c41-5290-528d-2115c573d8ed,2020,2020.0,SEA,144.0,26.267
19062,2024,ARI,RB,RB,20.0,ACT,DeeJay Dallas,Demetrius,Dallas,1998-09-16,70.0,214,Miami,00-0036425,4240631,48ef5bfa-7b91-4ed1-ad12-e94c0bc101c2,32814,14410,55632,DallDe00,21804,6931,4,"https://static.www.nfl.com/image/upload/f_auto,q_auto/league/qsij89kqrxap0jba9zwh",RB,18,REG,A01,DeeJay,DAL415290,52552,32004441-4c41-5290-528d-2115c573d8ed,2020,2020.0,SEA,144.0,26.305
19063,2024,ARI,RB,RB,20.0,ACT,DeeJay Dallas,Demetrius,Dallas,1998-09-16,70.0,214,Miami,00-0036425,4240631,48ef5bfa-7b91-4ed1-ad12-e94c0bc101c2,32814,14410,55632,DallDe00,21804,6931,4,"https://static.www.nfl.com/image/upload/f_auto,q_auto/league/qsij89kqrxap0jba9zwh",,14,REG,A01,DeeJay,DAL415290,52552,32004441-4c41-5290-528d-2115c573d8ed,2020,2020.0,SEA,144.0,26.229
19064,2024,ARI,RB,RB,20.0,ACT,DeeJay Dallas,Demetrius,Dallas,1998-09-16,70.0,214,Miami,00-0036425,4240631,48ef5bfa-7b91-4ed1-ad12-e94c0bc101c2,32814,14410,55632,DallDe00,21804,6931,4,"https://static.www.nfl.com/image/upload/f_auto,q_auto/league/qsij89kqrxap0jba9zwh",,1,REG,A01,DeeJay,DAL415290,52552,32004441-4c41-5290-528d-2115c573d8ed,2020,2020.0,SEA,144.0,25.979
19065,2024,ARI,RB,RB,20.0,ACT,DeeJay Dallas,Demetrius,Dallas,1998-09-16,70.0,214,Miami,00-0036425,4240631,48ef5bfa-7b91-4ed1-ad12-e94c0bc101c2,32814,14410,55632,DallDe00,21804,6931,4,"https://static.www.nfl.com/image/upload/f_auto,q_auto/league/qsij89kqrxap0jba9zwh",,7,REG,A01,DeeJay,DAL415290,52552,32004441-4c41-5290-528d-2115c573d8ed,2020,2020.0,SEA,144.0,26.097
19066,2024,ARI,RB,RB,20.0,ACT,DeeJay Dallas,Demetrius,Dallas,1998-09-16,70.0,214,Miami,00-0036425,4240631,48ef5bfa-7b91-4ed1-ad12-e94c0bc101c2,32814,14410,55632,DallDe00,21804,6931,4,"https://static.www.nfl.com/image/upload/f_auto,q_auto/league/qsij89kqrxap0jba9zwh",RB,10,REG,A01,DeeJay,DAL415290,52552,32004441-4c41-5290-528d-2115c573d8ed,2020,2020.0,SEA,144.0,26.152
19067,2024,ARI,RB,RB,20.0,ACT,DeeJay Dallas,Demetrius,Dallas,1998-09-16,70.0,214,Miami,00-0036425,4240631,48ef5bfa-7b91-4ed1-ad12-e94c0bc101c2,32814,14410,55632,DallDe00,21804,6931,4,"https://static.www.nfl.com/image/upload/f_auto,q_auto/league/qsij89kqrxap0jba9zwh",,13,REG,A01,DeeJay,DAL415290,52552,32004441-4c41-5290-528d-2115c573d8ed,2020,2020.0,SEA,144.0,26.209
19498,2024,ARI,LB,OLB,48.0,INA,Milo Eifler,Camilo,Eifler,1998-02-13,73.0,225,Illinois,00-0036511,4371940,c75717d2-be1d-4305-9bae-5a18d9cedca6,33696,15388,43421,EiflMi00,,7878,3,"https://static.www.nfl.com/image/upload/f_auto,q_auto/league/rfmdcyim9q0prw56mzgw",,17,REG,A01,Milo,EIF273217,53716,32004549-4627-3217-22fe-eedf03e4fc84,2021,2021.0,,,26.872
19500,2024,ARI,LB,OLB,52.0,DEV,Milo Eifler,Camilo,Eifler,1998-02-13,73.0,225,Illinois,00-0036511,4371940,c75717d2-be1d-4305-9bae-5a18d9cedca6,33696,15388,43421,EiflMi00,,7878,3,"https://static.www.nfl.com/image/upload/f_auto,q_auto/league/rfmdcyim9q0prw56mzgw",,15,REG,P06,Milo,EIF273217,53716,32004549-4627-3217-22fe-eedf03e4fc84,2021,2021.0,,,26.836
19501,2024,ARI,LB,ILB,48.0,ACT,Milo Eifler,Camilo,Eifler,1998-02-13,73.0,225,Illinois,00-0036511,4371940,c75717d2-be1d-4305-9bae-5a18d9cedca6,33696,15388,43421,EiflMi00,,7878,3,"https://static.www.nfl.com/image/upload/f_auto,q_auto/league/rfmdcyim9q0prw56mzgw",,18,REG,A01,Milo,EIF273217,53716,32004549-4627-3217-22fe-eedf03e4fc84,2021,2021.0,,,26.894
19502,2024,ARI,LB,OLB,52.0,DEV,Milo Eifler,Camilo,Eifler,1998-02-13,73.0,225,Illinois,00-0036511,4371940,c75717d2-be1d-4305-9bae-5a18d9cedca6,33696,15388,43421,EiflMi00,,7878,3,"https://static.www.nfl.com/image/upload/f_auto,q_auto/league/rfmdcyim9q0prw56mzgw",,12,REG,P06,Milo,EIF273217,53716,32004549-4627-3217-22fe-eedf03e4fc84,2021,2021.0,,,26.779
19503,2024,ARI,LB,OLB,52.0,DEV,Milo Eifler,Camilo,Eifler,1998-02-13,73.0,225,Illinois,00-0036511,4371940,c75717d2-be1d-4305-9bae-5a18d9cedca6,33696,15388,43421,EiflMi00,,7878,3,"https://static.www.nfl.com/image/upload/f_auto,q_auto/league/rfmdcyim9q0prw56mzgw",,10,REG,P06,Milo,EIF273217,53716,32004549-4627-3217-22fe-eedf03e4fc84,2021,2021.0,,,26.741
19505,2024,ARI,LB,OLB,52.0,DEV,Milo Eifler,Camilo,Eifler,1998-02-13,73.0,225,Illinois,00-0036511,4371940,c75717d2-be1d-4305-9bae-5a18d9cedca6,33696,15388,43421,EiflMi00,,7878,3,"https://static.www.nfl.com/image/upload/f_auto,q_auto/league/rfmdcyim9q0prw56mzgw",,9,REG,P06,Milo,EIF273217,53716,32004549-4627-3217-22fe-eedf03e4fc84,2021,2021.0,,,26.721
19506,2024,ARI,LB,OLB,48.0,ACT,Milo Eifler,Camilo,Eifler,1998-02-13,73.0,225,Illinois,00-0036511,4371940,c75717d2-be1d-4305-9bae-5a18d9cedca6,33696,15388,43421,EiflMi00,,7878,3,"https://static.www.nfl.com/image/upload/f_auto,q_auto/league/rfmdcyim9q0prw56mzgw",,16,REG,A01,Milo,EIF273217,53716,32004549-4627-3217-22fe-eedf03e4fc84,2021,2021.0,,,26.856
19507,2024,ARI,LB,OLB,52.0,DEV,Milo Eifler,Camilo,Eifler,1998-02-13,73.0,225,Illinois,00-0036511,4371940,c75717d2-be1d-4305-9bae-5a18d9cedca6,33696,15388,43421,EiflMi00,,7878,3,"https://static.www.nfl.com/image/upload/f_auto,q_auto/league/rfmdcyim9q0prw56mzgw",,13,REG,P06,Milo,EIF273217,53716,32004549-4627-3217-22fe-eedf03e4fc84,2021,2021.0,,,26.798
19510,2024,ARI,LB,OLB,52.0,DEV,Milo Eifler,Camilo,Eifler,1998-02-13,73.0,225,Illinois,00-0036511,4371940,c75717d2-be1d-4305-9bae-5a18d9cedca6,33696,15388,43421,EiflMi00,,7878,3,"https://static.www.nfl.com/image/upload/f_auto,q_auto/league/rfmdcyim9q0prw56mzgw",,14,REG,P06,Milo,EIF273217,53716,32004549-4627-3217-22fe-eedf03e4fc84,2021,2021.0,,,26.817
19818,2024,ARI,DL,NT,98.0,ACT,Roy Lopez,Roy,Lopez,1997-08-07,74.0,318,Arizona,00-0036568,4040805,23a30b80-1549-4ae8-afac-0fa99636c71e,33583,15610,48676,LopeRo00,,7799,3,"https://static.www.nfl.com/image/upload/f_auto,q_auto/league/ecpsgos6q9s9dri3hogs",INTERIOR_LINE,9,REG,A01,Roy,LOP508807,53624,32004c4f-5050-8807-55d8-2ccd7384f6f5,2021,2021.0,HOU,195.0,27.242
19819,2024,ARI,DL,NT,98.0,ACT,Roy Lopez,Roy,Lopez,1997-08-07,74.0,318,Arizona,00-0036568,4040805,23a30b80-1549-4ae8-afac-0fa99636c71e,33583,15610,48676,LopeRo00,,7799,3,"https://static.www.nfl.com/image/upload/f_auto,q_auto/league/ecpsgos6q9s9dri3hogs",INTERIOR_LINE,12,REG,A01,Roy,LOP508807,53624,32004c4f-5050-8807-55d8-2ccd7384f6f5,2021,2021.0,HOU,195.0,27.299
19820,2024,ARI,DL,NT,98.0,ACT,Roy Lopez,Roy,Lopez,1997-08-07,74.0,318,Arizona,00-0036568,4040805,23a30b80-1549-4ae8-afac-0fa99636c71e,33583,15610,48676,LopeRo00,,7799,3,"https://static.www.nfl.com/image/upload/f_auto,q_auto/league/ecpsgos6q9s9dri3hogs",INTERIOR_LINE,3,REG,A01,Roy,LOP508807,53624,32004c4f-5050-8807-55d8-2ccd7384f6f5,2021,2021.0,HOU,195.0,27.127
19821,2024,ARI,DL,NT,98.0,ACT,Roy Lopez,Roy,Lopez,1997-08-07,74.0,318,Arizona,00-0036568,4040805,23a30b80-1549-4ae8-afac-0fa99636c71e,33583,15610,48676,LopeRo00,,7799,3,"https://static.www.nfl.com/image/upload/f_auto,q_auto/league/ecpsgos6q9s9dri3hogs",INTERIOR_LINE,10,REG,A01,Roy,LOP508807,53624,32004c4f-5050-8807-55d8-2ccd7384f6f5,2021,2021.0,HOU,195.0,27.261
19822,2024,ARI,DL,NT,98.0,ACT,Roy Lopez,Roy,Lopez,1997-08-07,74.0,318,Arizona,00-0036568,4040805,23a30b80-1549-4ae8-afac-0fa99636c71e,33583,15610,48676,LopeRo00,,7799,3,"https://static.www.nfl.com/image/upload/f_auto,q_auto/league/ecpsgos6q9s9dri3hogs",INTERIOR_LINE,5,REG,A01,Roy,LOP508807,53624,32004c4f-5050-8807-55d8-2ccd7384f6f5,2021,2021.0,HOU,195.0,27.165
19823,2024,ARI,DL,NT,98.0,ACT,Roy Lopez,Roy,Lopez,1997-08-07,74.0,318,Arizona,00-0036568,4040805,23a30b80-1549-4ae8-afac-0fa99636c71e,33583,15610,48676,LopeRo00,,7799,3,"https://static.www.nfl.com/image/upload/f_auto,q_auto/league/ecpsgos6q9s9dri3hogs",INTERIOR_LINE,6,REG,A01,Roy,LOP508807,53624,32004c4f-5050-8807-55d8-2ccd7384f6f5,2021,2021.0,HOU,195.0,27.184
19824,2024,ARI,DL,NT,98.0,ACT,Roy Lopez,Roy,Lopez,1997-08-07,74.0,318,Arizona,00-0036568,4040805,23a30b80-1549-4ae8-afac-0fa99636c71e,33583,15610,48676,LopeRo00,,7799,3,"https://static.www.nfl.com/image/upload/f_auto,q_auto/league/ecpsgos6q9s9dri3hogs",INTERIOR_LINE,17,REG,A01,Roy,LOP508807,53624,32004c4f-5050-8807-55d8-2ccd7384f6f5,2021,2021.0,HOU,195.0,27.392
19825,2024,ARI,DL,NT,98.0,ACT,Roy Lopez,Roy,Lopez,1997-08-07,74.0,318,Arizona,00-0036568,4040805,23a30b80-1549-4ae8-afac-0fa99636c71e,33583,15610,48676,LopeRo00,,7799,3,"https://static.www.nfl.com/image/upload/f_auto,q_auto/league/ecpsgos6q9s9dri3hogs",INTERIOR_LINE,13,REG,A01,Roy,LOP508807,53624,32004c4f-5050-8807-55d8-2ccd7384f6f5,2021,2021.0,HOU,195.0,27.318
19826,2024,ARI,DL,NT,98.0,ACT,Roy Lopez,Roy,Lopez,1997-08-07,74.0,318,Arizona,00-0036568,4040805,23a30b80-1549-4ae8-afac-0fa99636c71e,33583,15610,48676,LopeRo00,,7799,3,"https://static.www.nfl.com/image/upload/f_auto,q_auto/league/ecpsgos6q9s9dri3hogs",INTERIOR_LINE,7,REG,A01,Roy,LOP508807,53624,32004c4f-5050-8807-55d8-2ccd7384f6f5,2021,2021.0,HOU,195.0,27.206
19827,2024,ARI,DL,NT,98.0,ACT,Roy Lopez,Roy,Lopez,1997-08-07,74.0,318,Arizona,00-0036568,4040805,23a30b80-1549-4ae8-afac-0fa99636c71e,33583,15610,48676,LopeRo00,,7799,3,"https://static.www.nfl.com/image/upload/f_auto,q_auto/league/ecpsgos6q9s9dri3hogs",INTERIOR_LINE,16,REG,A01,Roy,LOP508807,53624,32004c4f-5050-8807-55d8-2ccd7384f6f5,2021,2021.0,HOU,195.0,27.376
19828,2024,ARI,DL,NT,98.0,ACT,Roy Lopez,Roy,Lopez,1997-08-07,74.0,318,Arizona,00-0036568,4040805,23a30b80-1549-4ae8-afac-0fa99636c71e,33583,15610,48676,LopeRo00,,7799,3,"https://static.www.nfl.com/image/upload/f_auto,q_auto/league/ecpsgos6q9s9dri3hogs",INTERIOR_LINE,1,REG,A01,Roy,LOP508807,53624,32004c4f-5050-8807-55d8-2ccd7384f6f5,2021,2021.0,HOU,195.0,27.088
19829,2024,ARI,DL,NT,98.0,ACT,Roy Lopez,Roy,Lopez,1997-08-07,74.0,318,Arizona,00-0036568,4040805,23a30b80-1549-4ae8-afac-0fa99636c71e,33583,15610,48676,LopeRo00,,7799,3,"https://static.www.nfl.com/image/upload/f_auto,q_auto/league/ecpsgos6q9s9dri3hogs",INTERIOR_LINE,15,REG,A01,Roy,LOP508807,53624,32004c4f-5050-8807-55d8-2ccd7384f6f5,2021,2021.0,HOU,195.0,27.357
19830,2024,ARI,DL,NT,98.0,ACT,Roy Lopez,Roy,Lopez,1997-08-07,74.0,318,Arizona,00-0036568,4040805,23a30b80-1549-4ae8-afac-0fa99636c71e,33583,15610,48676,LopeRo00,,7799,3,"https://static.www.nfl.com/image/upload/f_auto,q_auto/league/ecpsgos6q9s9dri3hogs",INTERIOR_LINE,2,REG,A01,Roy,LOP508807,53624,32004c4f-5050-8807-55d8-2ccd7384f6f5,2021,2021.0,HOU,195.0,27.107
19831,2024,ARI,DL,NT,98.0,INA,Roy Lopez,Roy,Lopez,1997-08-07,74.0,318,Arizona,00-0036568,4040805,23a30b80-1549-4ae8-afac-0fa99636c71e,33583,15610,48676,LopeRo00,,7799,3,"https://static.www.nfl.com/image/upload/f_auto,q_auto/league/ecpsgos6q9s9dri3hogs",,8,REG,I01,Roy,LOP508807,53624,32004c4f-5050-8807-55d8-2ccd7384f6f5,2021,2021.0,HOU,195.0,27.222
19832,2024,ARI,DL,NT,98.0,ACT,Roy Lopez,Roy,Lopez,1997-08-07,74.0,318,Arizona,00-0036568,4040805,23a30b80-1549-4ae8-afac-0fa99636c71e,33583,15610,48676,LopeRo00,,7799,3,"https://static.www.nfl.com/image/upload/f_auto,q_auto/league/ecpsgos6q9s9dri3hogs",INTERIOR_LINE,4,REG,A01,Roy,LOP508807,53624,32004c4f-5050-8807-55d8-2ccd7384f6f5,2021,2021.0,HOU,195.0,27.146
19833,2024,ARI,DL,NT,98.0,ACT,Roy Lopez,Roy,Lopez,1997-08-07,74.0,318,Arizona,00-0036568,4040805,23a30b80-1549-4ae8-afac-0fa99636c71e,33583,15610,48676,LopeRo00,,7799,3,"https://static.www.nfl.com/image/upload/f_auto,q_auto/league/ecpsgos6q9s9dri3hogs",INTERIOR_LINE,14,REG,A01,Roy,LOP508807,53624,32004c4f-5050-8807-55d8-2ccd7384f6f5,2021,2021.0,HOU,195.0,27.337
19834,2024,ARI,DL,NT,98.0,ACT,Roy Lopez,Roy,Lopez,1997-08-07,74.0,318,Arizona,00-0036568,4040805,23a30b80-1549-4ae8-afac-0fa99636c71e,33583,15610,48676,LopeRo00,,7799,3,"https://static.www.nfl.com/image/upload/f_auto,q_auto/league/ecpsgos6q9s9dri3hogs",INTERIOR_LINE,18,REG,A01,Roy,LOP508807,53624,32004c4f-5050-8807-55d8-2ccd7384f6f5,2021,2021.0,HOU,195.0,27.414
20891,2024,ARI,DL,DT,96.0,ACT,Naquan Jones,Naquan,Jones,1998-02-05,75.0,340,Michigan State,00-0036695,4046716,728571c3-6651-4534-ad27-d86d72dc7d16,33833,15243,44363,JoneNa01,,7853,3,"https://static.www.nfl.com/image/upload/f_auto,q_auto/league/lxqini9ufcxz1teq7ztu",INTERIOR_LINE,16,REG,A01,Naquan,JON636371,53900,32004a4f-4e63-6371-cfb0-98e8051563bb,2021,2021.0,,,26.877
20895,2024,ARI,DL,DT,96.0,ACT,Naquan Jones,Naquan,Jones,1998-02-05,75.0,340,Michigan State,00-0036695,4046716,728571c3-6651-4534-ad27-d86d72dc7d16,33833,15243,44363,JoneNa01,,7853,3,"https://static.www.nfl.com/image/upload/f_auto,q_auto/league/lxqini9ufcxz1teq7ztu",INTERIOR_LINE,10,REG,A01,Naquan,JON636371,53900,32004a4f-4e63-6371-cfb0-98e8051563bb,2021,2021.0,,,26.762
20896,2024,ARI,DL,DT,96.0,ACT,Naquan Jones,Naquan,Jones,1998-02-05,75.0,340,Michigan State,00-0036695,4046716,728571c3-6651-4534-ad27-d86d72dc7d16,33833,15243,44363,JoneNa01,,7853,3,"https://static.www.nfl.com/image/upload/f_auto,q_auto/league/nc6y55fowoexwce5dycs",INTERIOR_LINE,5,REG,A01,Naquan,JON636371,53900,32004a4f-4e63-6371-cfb0-98e8051563bb,2021,2021.0,,,26.667
20897,2024,ARI,DL,DT,96.0,ACT,Naquan Jones,Naquan,Jones,1998-02-05,75.0,340,Michigan State,00-0036695,4046716,728571c3-6651-4534-ad27-d86d72dc7d16,33833,15243,44363,JoneNa01,,7853,3,"https://static.www.nfl.com/image/upload/f_auto,q_auto/league/lxqini9ufcxz1teq7ztu",INTERIOR_LINE,15,REG,A01,Naquan,JON636371,53900,32004a4f-4e63-6371-cfb0-98e8051563bb,2021,2021.0,,,26.858
20898,2024,ARI,DL,DT,96.0,INA,Naquan Jones,Naquan,Jones,1998-02-05,75.0,340,Michigan State,00-0036695,4046716,728571c3-6651-4534-ad27-d86d72dc7d16,33833,15243,44363,JoneNa01,,7853,3,"https://static.www.nfl.com/image/upload/f_auto,q_auto/league/tzvm2whgkijvvujqru0w",,9,REG,I01,Naquan,JON636371,53900,32004a4f-4e63-6371-cfb0-98e8051563bb,2021,2021.0,,,26.743
20899,2024,ARI,DL,DT,96.0,ACT,Naquan Jones,Naquan,Jones,1998-02-05,75.0,340,Michigan State,00-0036695,4046716,728571c3-6651-4534-ad27-d86d72dc7d16,33833,15243,44363,JoneNa01,,7853,3,"https://static.www.nfl.com/image/upload/f_auto,q_auto/league/lxqini9ufcxz1teq7ztu",INTERIOR_LINE,12,REG,A01,Naquan,JON636371,53900,32004a4f-4e63-6371-cfb0-98e8051563bb,2021,2021.0,,,26.801
20900,2024,ARI,DL,DT,96.0,ACT,Naquan Jones,Naquan,Jones,1998-02-05,75.0,340,Michigan State,00-0036695,4046716,728571c3-6651-4534-ad27-d86d72dc7d16,33833,15243,44363,JoneNa01,,7853,3,"https://static.www.nfl.com/image/upload/f_auto,q_auto/league/tzvm2whgkijvvujqru0w",INTERIOR_LINE,7,REG,A01,Naquan,JON636371,53900,32004a4f-4e63-6371-cfb0-98e8051563bb,2021,2021.0,,,26.708
20901,2024,ARI,DL,DT,96.0,ACT,Naquan Jones,Naquan,Jones,1998-02-05,75.0,340,Michigan State,00-0036695,4046716,728571c3-6651-4534-ad27-d86d72dc7d16,33833,15243,44363,JoneNa01,,7853,3,"https://static.www.nfl.com/image/upload/f_auto,q_auto/league/lxqini9ufcxz1teq7ztu",INTERIOR_LINE,17,REG,A01,Naquan,JON636371,53900,32004a4f-4e63-6371-cfb0-98e8051563bb,2021,2021.0,,,26.894
20902,2024,ARI,DL,DT,96.0,ACT,Naquan Jones,Naquan,Jones,1998-02-05,75.0,340,Michigan State,00-0036695,4046716,728571c3-6651-4534-ad27-d86d72dc7d16,33833,15243,44363,JoneNa01,,7853,3,"https://static.www.nfl.com/image/upload/f_auto,q_auto/league/tzvm2whgkijvvujqru0w",INTERIOR_LINE,8,REG,A01,Naquan,JON636371,53900,32004a4f-4e63-6371-cfb0-98e8051563bb,2021,2021.0,,,26.724
20903,2024,ARI,DL,DT,96.0,ACT,Naquan Jones,Naquan,Jones,1998-02-05,75.0,340,Michigan State,00-0036695,4046716,728571c3-6651-4534-ad27-d86d72dc7d16,33833,15243,44363,JoneNa01,,7853,3,"https://static.www.nfl.com/image/upload/f_auto,q_auto/league/nstn1vz3nngklqwwxhkp",INTERIOR_LINE,6,REG,A01,Naquan,JON636371,53900,32004a4f-4e63-6371-cfb0-98e8051563bb,2021,2021.0,,,26.686
20904,2024,ARI,DL,DT,96.0,ACT,Naquan Jones,Naquan,Jones,1998-02-05,75.0,340,Michigan State,00-0036695,4046716,728571c3-6651-4534-ad27-d86d72dc7d16,33833,15243,44363,JoneNa01,,7853,3,"https://static.www.nfl.com/image/upload/f_auto,q_auto/league/lxqini9ufcxz1teq7ztu",INTERIOR_LINE,14,REG,A01,Naquan,JON636371,53900,32004a4f-4e63-6371-cfb0-98e8051563bb,2021,2021.0,,,26.839
20905,2024,ARI,DL,DT,96.0,INA,Naquan Jones,Naquan,Jones,1998-02-05,75.0,340,Michigan State,00-0036695,4046716,728571c3-6651-4534-ad27-d86d72dc7d16,33833,15243,44363,JoneNa01,,7853,3,"https://static.www.nfl.com/image/upload/f_auto,q_auto/league/mbqoy8fzzhshesuqemvz",,4,REG,I01,Naquan,JON636371,53900,32004a4f-4e63-6371-cfb0-98e8051563bb,2021,2021.0,,,26.648
20906,2024,ARI,DL,DT,96.0,ACT,Naquan Jones,Naquan,Jones,1998-02-05,75.0,340,Michigan State,00-0036695,4046716,728571c3-6651-4534-ad27-d86d72dc7d16,33833,15243,44363,JoneNa01,,7853,3,"https://static.www.nfl.com/image/upload/f_auto,q_auto/league/lxqini9ufcxz1teq7ztu",INTERIOR_LINE,13,REG,A01,Naquan,JON636371,53900,32004a4f-4e63-6371-cfb0-98e8051563bb,2021,2021.0,,,26.82
20907,2024,ARI,DL,DT,96.0,ACT,Naquan Jones,Naquan,Jones,1998-02-05,75.0,340,Michigan State,00-0036695,4046716,728571c3-6651-4534-ad27-d86d72dc7d16,33833,15243,44363,JoneNa01,,7853,3,"https://static.www.nfl.com/image/upload/f_auto,q_auto/league/lxqini9ufcxz1teq7ztu",INTERIOR_LINE,18,REG,A01,Naquan,JON636371,53900,32004a4f-4e63-6371-cfb0-98e8051563bb,2021,2021.0,,,26.916
21046,2024,ARI,TE,TE,47.0,CUT,Sage Surratt,Sage,Surratt,1998-04-13,75.0,215,Wake Forest,00-0036753,,,,,,,,,3,"https://static.www.nfl.com/image/private/f_auto,q_auto/league/tkac1akcoc584qrwr8hm",,1,REG,W03,Sage,SUR482700,53958,32005355-5248-2700-a151-38019dd9cc2e,2021,2021.0,,,26.407
21484,2024,ARI,LB,LB,49.0,CUT,Chris Garrett,Christopher,Garrett,1998-06-12,76.0,245,"Concordia, St. Paul",00-0036863,4820589,2ceadd29-bdc5-4143-b4a7-0533050e0f53,33640,15628,136106,GarrCh00,,7945,3,"https://static.www.nfl.com/image/private/f_auto,q_auto/league/ptbq02rc5gxksa1jsjfo",,1,REG,W03,Chris,GAR415281,53681,32004741-5241-5281-6f33-7a6405deabf9,2021,2021.0,LA,252.0,26.242
21899,2024,ARI,LB,OLB,52.0,INA,Victor Dimukeje,Victor,Dimukeje,1999-11-18,74.0,265,Duke,00-0036896,4240464,0e6f6610-0276-4229-9cf1-66f0d011c1a9,33598,15625,56347,DimuVi00,,7788,3,"https://static.www.nfl.com/image/upload/f_auto,q_auto/league/otvxet3jxe3ldzsrnwi0",,3,REG,I01,Victor,DIM738004,53639,32004449-4d73-8004-ff0c-7c95536d5f01,2021,2021.0,ARI,210.0,24.846
21900,2024,ARI,LB,OLB,52.0,INA,Victor Dimukeje,Victor,Dimukeje,1999-11-18,74.0,265,Duke,00-0036896,4240464,0e6f6610-0276-4229-9cf1-66f0d011c1a9,33598,15625,56347,DimuVi00,,7788,3,"https://static.www.nfl.com/image/upload/f_auto,q_auto/league/otvxet3jxe3ldzsrnwi0",,14,REG,A01,Victor,DIM738004,53639,32004449-4d73-8004-ff0c-7c95536d5f01,2021,2021.0,ARI,210.0,25.057
21901,2024,ARI,LB,OLB,52.0,INA,Victor Dimukeje,Victor,Dimukeje,1999-11-18,74.0,265,Duke,00-0036896,4240464,0e6f6610-0276-4229-9cf1-66f0d011c1a9,33598,15625,56347,DimuVi00,,7788,3,"https://static.www.nfl.com/image/upload/f_auto,q_auto/league/otvxet3jxe3ldzsrnwi0",,5,REG,I01,Victor,DIM738004,53639,32004449-4d73-8004-ff0c-7c95536d5f01,2021,2021.0,ARI,210.0,24.884
21902,2024,ARI,LB,OLB,52.0,ACT,Victor Dimukeje,Victor,Dimukeje,1999-11-18,74.0,265,Duke,00-0036896,4240464,0e6f6610-0276-4229-9cf1-66f0d011c1a9,33598,15625,56347,DimuVi00,,7788,3,"https://static.www.nfl.com/image/upload/f_auto,q_auto/league/otvxet3jxe3ldzsrnwi0",EDGE,2,REG,A01,Victor,DIM738004,53639,32004449-4d73-8004-ff0c-7c95536d5f01,2021,2021.0,ARI,210.0,24.827
21903,2024,ARI,LB,OLB,52.0,ACT,Victor Dimukeje,Victor,Dimukeje,1999-11-18,74.0,265,Duke,00-0036896,4240464,0e6f6610-0276-4229-9cf1-66f0d011c1a9,33598,15625,56347,DimuVi00,,7788,3,"https://static.www.nfl.com/image/upload/f_auto,q_auto/league/otvxet3jxe3ldzsrnwi0",EDGE,1,REG,A01,Victor,DIM738004,53639,32004449-4d73-8004-ff0c-7c95536d5f01,2021,2021.0,ARI,210.0,24.808
21904,2024,ARI,LB,OLB,52.0,ACT,Victor Dimukeje,Victor,Dimukeje,1999-11-18,74.0,265,Duke,00-0036896,4240464,0e6f6610-0276-4229-9cf1-66f0d011c1a9,33598,15625,56347,DimuVi00,,7788,3,"https://static.www.nfl.com/image/upload/f_auto,q_auto/league/otvxet3jxe3ldzsrnwi0",EDGE,12,REG,A01,Victor,DIM738004,53639,32004449-4d73-8004-ff0c-7c95536d5f01,2021,2021.0,ARI,210.0,25.018
21905,2024,ARI,LB,OLB,52.0,ACT,Victor Dimukeje,Victor,Dimukeje,1999-11-18,74.0,265,Duke,00-0036896,4240464,0e6f6610-0276-4229-9cf1-66f0d011c1a9,33598,15625,56347,DimuVi00,,7788,3,"https://static.www.nfl.com/image/upload/f_auto,q_auto/league/otvxet3jxe3ldzsrnwi0",EDGE,16,REG,A01,Victor,DIM738004,53639,32004449-4d73-8004-ff0c-7c95536d5f01,2021,2021.0,ARI,210.0,25.095
21906,2024,ARI,LB,OLB,52.0,ACT,Victor Dimukeje,Victor,Dimukeje,1999-11-18,74.0,265,Duke,00-0036896,4240464,0e6f6610-0276-4229-9cf1-66f0d011c1a9,33598,15625,56347,DimuVi00,,7788,3,"https://static.www.nfl.com/image/upload/f_auto,q_auto/league/otvxet3jxe3ldzsrnwi0",INTERIOR_LINE,4,REG,A01,Victor,DIM738004,53639,32004449-4d73-8004-ff0c-7c95536d5f01,2021,2021.0,ARI,210.0,24.865
21907,2024,ARI,LB,OLB,52.0,ACT,Victor Dimukeje,Victor,Dimukeje,1999-11-18,74.0,265,Duke,00-0036896,4240464,0e6f6610-0276-4229-9cf1-66f0d011c1a9,33598,15625,56347,DimuVi00,,7788,3,"https://static.www.nfl.com/image/upload/f_auto,q_auto/league/otvxet3jxe3ldzsrnwi0",EDGE,15,REG,A01,Victor,DIM738004,53639,32004449-4d73-8004-ff0c-7c95536d5f01,2021,2021.0,ARI,210.0,25.076
21908,2024,ARI,LB,OLB,52.0,ACT,Victor Dimukeje,Victor,Dimukeje,1999-11-18,74.0,265,Duke,00-0036896,4240464,0e6f6610-0276-4229-9cf1-66f0d011c1a9,33598,15625,56347,DimuVi00,,7788,3,"https://static.www.nfl.com/image/upload/f_auto,q_auto/league/otvxet3jxe3ldzsrnwi0",EDGE,13,REG,A01,Victor,DIM738004,53639,32004449-4d73-8004-ff0c-7c95536d5f01,2021,2021.0,ARI,210.0,25.038
21909,2024,ARI,LB,OLB,52.0,INA,Victor Dimukeje,Victor,Dimukeje,1999-11-18,74.0,265,Duke,00-0036896,4240464,0e6f6610-0276-4229-9cf1-66f0d011c1a9,33598,15625,56347,DimuVi00,,7788,3,"https://static.www.nfl.com/image/upload/f_auto,q_auto/league/otvxet3jxe3ldzsrnwi0",,6,REG,I01,Victor,DIM738004,53639,32004449-4d73-8004-ff0c-7c95536d5f01,2021,2021.0,ARI,210.0,24.903
21910,2024,ARI,LB,OLB,52.0,ACT,Victor Dimukeje,Victor,Dimukeje,1999-11-18,74.0,265,Duke,00-0036896,4240464,0e6f6610-0276-4229-9cf1-66f0d011c1a9,33598,15625,56347,DimuVi00,,7788,3,"https://static.www.nfl.com/image/upload/f_auto,q_auto/league/otvxet3jxe3ldzsrnwi0",EDGE,9,REG,A01,Victor,DIM738004,53639,32004449-4d73-8004-ff0c-7c95536d5f01,2021,2021.0,ARI,210.0,24.961
21911,2024,ARI,LB,OLB,52.0,INA,Victor Dimukeje,Victor,Dimukeje,1999-11-18,74.0,265,Duke,00-0036896,4240464,0e6f6610-0276-4229-9cf1-66f0d011c1a9,33598,15625,56347,DimuVi00,,7788,3,"https://static.www.nfl.com/image/upload/f_auto,q_auto/league/otvxet3jxe3ldzsrnwi0",,7,REG,A01,Victor,DIM738004,53639,32004449-4d73-8004-ff0c-7c95536d5f01,2021,2021.0,ARI,210.0,24.925
21912,2024,ARI,LB,OLB,52.0,INA,Victor Dimukeje,Victor,Dimukeje,1999-11-18,74.0,265,Duke,00-0036896,4240464,0e6f6610-0276-4229-9cf1-66f0d011c1a9,33598,15625,56347,DimuVi00,,7788,3,"https://static.www.nfl.com/image/upload/f_auto,q_auto/league/otvxet3jxe3ldzsrnwi0",,18,REG,A01,Victor,DIM738004,53639,32004449-4d73-8004-ff0c-7c95536d5f01,2021,2021.0,ARI,210.0,25.133
21913,2024,ARI,LB,OLB,52.0,ACT,Victor Dimukeje,Victor,Dimukeje,1999-11-18,74.0,265,Duke,00-0036896,4240464,0e6f6610-0276-4229-9cf1-66f0d011c1a9,33598,15625,56347,DimuVi00,,7788,3,"https://static.www.nfl.com/image/upload/f_auto,q_auto/league/otvxet3jxe3ldzsrnwi0",EDGE,17,REG,A01,Victor,DIM738004,53639,32004449-4d73-8004-ff0c-7c95536d5f01,2021,2021.0,ARI,210.0,25.112
21914,2024,ARI,LB,OLB,52.0,ACT,Victor Dimukeje,Victor,Dimukeje,1999-11-18,74.0,265,Duke,00-0036896,4240464,0e6f6610-0276-4229-9cf1-66f0d011c1a9,33598,15625,56347,DimuVi00,,7788,3,"https://static.www.nfl.com/image/upload/f_auto,q_auto/league/otvxet3jxe3ldzsrnwi0",EDGE,10,REG,A01,Victor,DIM738004,53639,32004449-4d73-8004-ff0c-7c95536d5f01,2021,2021.0,ARI,210.0,24.98
21915,2024,ARI,LB,OLB,52.0,ACT,Victor Dimukeje,Victor,Dimukeje,1999-11-18,74.0,265,Duke,00-0036896,4240464,0e6f6610-0276-4229-9cf1-66f0d011c1a9,33598,15625,56347,DimuVi00,,7788,3,"https://static.www.nfl.com/image/upload/f_auto,q_auto/league/otvxet3jxe3ldzsrnwi0",EDGE,8,REG,A01,Victor,DIM738004,53639,32004449-4d73-8004-ff0c-7c95536d5f01,2021,2021.0,ARI,210.0,24.942
22067,2024,ARI,DL,NT,95.0,ACT,Khyiris Tonga,Khyiris,Tonga,1996-07-07,76.0,340,Brigham Young,00-0036909,4256074,253afa4e-a404-41e5-82bc-4c41508498f5,33851,15325,52000,TongKh00,,7756,3,"https://static.www.nfl.com/image/upload/f_auto,q_auto/league/kwionvlsxfz0vja0wmqg",INTERIOR_LINE,5,REG,A01,Khyiris,TON626509,53679,3200544f-4e62-6509-9c30-e571694eee90,2021,2021.0,CHI,250.0,28.249
22068,2024,ARI,DL,NT,95.0,INA,Khyiris Tonga,Khyiris,Tonga,1996-07-07,76.0,340,Brigham Young,00-0036909,4256074,253afa4e-a404-41e5-82bc-4c41508498f5,33851,15325,52000,TongKh00,,7756,3,"https://static.www.nfl.com/image/upload/f_auto,q_auto/league/kwionvlsxfz0vja0wmqg",,13,REG,A01,Khyiris,TON626509,53679,3200544f-4e62-6509-9c30-e571694eee90,2021,2021.0,CHI,250.0,28.402
22069,2024,ARI,DL,NT,95.0,ACT,Khyiris Tonga,Khyiris,Tonga,1996-07-07,76.0,340,Brigham Young,00-0036909,4256074,253afa4e-a404-41e5-82bc-4c41508498f5,33851,15325,52000,TongKh00,,7756,3,"https://static.www.nfl.com/image/upload/f_auto,q_auto/league/kwionvlsxfz0vja0wmqg",INTERIOR_LINE,9,REG,A01,Khyiris,TON626509,53679,3200544f-4e62-6509-9c30-e571694eee90,2021,2021.0,CHI,250.0,28.326
22070,2024,ARI,DL,NT,95.0,ACT,Khyiris Tonga,Khyiris,Tonga,1996-07-07,76.0,340,Brigham Young,00-0036909,4256074,253afa4e-a404-41e5-82bc-4c41508498f5,33851,15325,52000,TongKh00,,7756,3,"https://static.www.nfl.com/image/upload/f_auto,q_auto/league/kwionvlsxfz0vja0wmqg",INTERIOR_LINE,1,REG,A01,Khyiris,TON626509,53679,3200544f-4e62-6509-9c30-e571694eee90,2021,2021.0,CHI,250.0,28.172
22071,2024,ARI,DL,NT,95.0,ACT,Khyiris Tonga,Khyiris,Tonga,1996-07-07,76.0,340,Brigham Young,00-0036909,4256074,253afa4e-a404-41e5-82bc-4c41508498f5,33851,15325,52000,TongKh00,,7756,3,"https://static.www.nfl.com/image/upload/f_auto,q_auto/league/kwionvlsxfz0vja0wmqg",INTERIOR_LINE,12,REG,A01,Khyiris,TON626509,53679,3200544f-4e62-6509-9c30-e571694eee90,2021,2021.0,CHI,250.0,28.383
22072,2024,ARI,DL,NT,95.0,ACT,Khyiris Tonga,Khyiris,Tonga,1996-07-07,76.0,340,Brigham Young,00-0036909,4256074,253afa4e-a404-41e5-82bc-4c41508498f5,33851,15325,52000,TongKh00,,7756,3,"https://static.www.nfl.com/image/upload/f_auto,q_auto/league/kwionvlsxfz0vja0wmqg",INTERIOR_LINE,3,REG,A01,Khyiris,TON626509,53679,3200544f-4e62-6509-9c30-e571694eee90,2021,2021.0,CHI,250.0,28.211
22073,2024,ARI,DL,NT,95.0,ACT,Khyiris Tonga,Khyiris,Tonga,1996-07-07,76.0,340,Brigham Young,00-0036909,4256074,253afa4e-a404-41e5-82bc-4c41508498f5,33851,15325,52000,TongKh00,,7756,3,"https://static.www.nfl.com/image/upload/f_auto,q_auto/league/kwionvlsxfz0vja0wmqg",INTERIOR_LINE,17,REG,A01,Khyiris,TON626509,53679,3200544f-4e62-6509-9c30-e571694eee90,2021,2021.0,CHI,250.0,28.476
22074,2024,ARI,DL,NT,95.0,INA,Khyiris Tonga,Khyiris,Tonga,1996-07-07,76.0,340,Brigham Young,00-0036909,4256074,253afa4e-a404-41e5-82bc-4c41508498f5,33851,15325,52000,TongKh00,,7756,3,"https://static.www.nfl.com/image/upload/f_auto,q_auto/league/kwionvlsxfz0vja0wmqg",,4,REG,I01,Khyiris,TON626509,53679,3200544f-4e62-6509-9c30-e571694eee90,2021,2021.0,CHI,250.0,28.23
22075,2024,ARI,DL,NT,95.0,ACT,Khyiris Tonga,Khyiris,Tonga,1996-07-07,76.0,340,Brigham Young,00-0036909,4256074,253afa4e-a404-41e5-82bc-4c41508498f5,33851,15325,52000,TongKh00,,7756,3,"https://static.www.nfl.com/image/upload/f_auto,q_auto/league/kwionvlsxfz0vja0wmqg",INTERIOR_LINE,6,REG,A01,Khyiris,TON626509,53679,3200544f-4e62-6509-9c30-e571694eee90,2021,2021.0,CHI,250.0,28.268
22076,2024,ARI,DL,NT,95.0,INA,Khyiris Tonga,Khyiris,Tonga,1996-07-07,76.0,340,Brigham Young,00-0036909,4256074,253afa4e-a404-41e5-82bc-4c41508498f5,33851,15325,52000,TongKh00,,7756,3,"https://static.www.nfl.com/image/upload/f_auto,q_auto/league/kwionvlsxfz0vja0wmqg",,15,REG,A01,Khyiris,TON626509,53679,3200544f-4e62-6509-9c30-e571694eee90,2021,2021.0,CHI,250.0,28.441
22077,2024,ARI,DL,NT,95.0,ACT,Khyiris Tonga,Khyiris,Tonga,1996-07-07,76.0,340,Brigham Young,00-0036909,4256074,253afa4e-a404-41e5-82bc-4c41508498f5,33851,15325,52000,TongKh00,,7756,3,"https://static.www.nfl.com/image/upload/f_auto,q_auto/league/kwionvlsxfz0vja0wmqg",INTERIOR_LINE,16,REG,A01,Khyiris,TON626509,53679,3200544f-4e62-6509-9c30-e571694eee90,2021,2021.0,CHI,250.0,28.46
22078,2024,ARI,DL,NT,95.0,ACT,Khyiris Tonga,Khyiris,Tonga,1996-07-07,76.0,340,Brigham Young,00-0036909,4256074,253afa4e-a404-41e5-82bc-4c41508498f5,33851,15325,52000,TongKh00,,7756,3,"https://static.www.nfl.com/image/upload/f_auto,q_auto/league/kwionvlsxfz0vja0wmqg",INTERIOR_LINE,10,REG,A01,Khyiris,TON626509,53679,3200544f-4e62-6509-9c30-e571694eee90,2021,2021.0,CHI,250.0,28.345
22079,2024,ARI,DL,NT,95.0,ACT,Khyiris Tonga,Khyiris,Tonga,1996-07-07,76.0,340,Brigham Young,00-0036909,4256074,253afa4e-a404-41e5-82bc-4c41508498f5,33851,15325,52000,TongKh00,,7756,3,"https://static.www.nfl.com/image/upload/f_auto,q_auto/league/kwionvlsxfz0vja0wmqg",INTERIOR_LINE,2,REG,A01,Khyiris,TON626509,53679,3200544f-4e62-6509-9c30-e571694eee90,2021,2021.0,CHI,250.0,28.192
22080,2024,ARI,DL,NT,95.0,ACT,Khyiris Tonga,Khyiris,Tonga,1996-07-07,76.0,340,Brigham Young,00-0036909,4256074,253afa4e-a404-41e5-82bc-4c41508498f5,33851,15325,52000,TongKh00,,7756,3,"https://static.www.nfl.com/image/upload/f_auto,q_auto/league/kwionvlsxfz0vja0wmqg",INTERIOR_LINE,8,REG,A01,Khyiris,TON626509,53679,3200544f-4e62-6509-9c30-e571694eee90,2021,2021.0,CHI,250.0,28.307
22081,2024,ARI,DL,NT,95.0,ACT,Khyiris Tonga,Khyiris,Tonga,1996-07-07,76.0,340,Brigham Young,00-0036909,4256074,253afa4e-a404-41e5-82bc-4c41508498f5,33851,15325,52000,TongKh00,,7756,3,"https://static.www.nfl.com/image/upload/f_auto,q_auto/league/kwionvlsxfz0vja0wmqg",INTERIOR_LINE,18,REG,A01,Khyiris,TON626509,53679,3200544f-4e62-6509-9c30-e571694eee90,2021,2021.0,CHI,250.0,28.498
22082,2024,ARI,DL,NT,95.0,INA,Khyiris Tonga,Khyiris,Tonga,1996-07-07,76.0,340,Brigham Young,00-0036909,4256074,253afa4e-a404-41e5-82bc-4c41508498f5,33851,15325,52000,TongKh00,,7756,3,"https://static.www.nfl.com/image/upload/f_auto,q_auto/league/kwionvlsxfz0vja0wmqg",,14,REG,A01,Khyiris,TON626509,53679,3200544f-4e62-6509-9c30-e571694eee90,2021,2021.0,CHI,250.0,28.422
22083,2024,ARI,DL,NT,95.0,ACT,Khyiris Tonga,Khyiris,Tonga,1996-07-07,76.0,340,Brigham Young,00-0036909,4256074,253afa4e-a404-41e5-82bc-4c41508498f5,33851,15325,52000,TongKh00,,7756,3,"https://static.www.nfl.com/image/upload/f_auto,q_auto/league/kwionvlsxfz0vja0wmqg",INTERIOR_LINE,7,REG,A01,Khyiris,TON626509,53679,3200544f-4e62-6509-9c30-e571694eee90,2021,2021.0,CHI,250.0,28.29
22274,2024,ARI,RB,RB,22.0,DEV,Michael Carter,Michael,Carter,1999-05-07,68.0,200,North Carolina,00-0036924,4240657,7f119181-4c9f-4a9f-bccc-357277b64a8d,33495,15273,57337,CartMi03,,7607,3,"https://static.www.nfl.com/image/upload/f_auto,q_auto/league/wylipaunq6cueyj8h1in",,12,REG,P07,Michael,CAR716520,53536,32004341-5271-6520-cf4c-d6916bc87e00,2021,2021.0,NYJ,107.0,25.552
22275,2024,ARI,RB,RB,22.0,DEV,Michael Carter,Michael,Carter,1999-05-07,68.0,200,North Carolina,00-0036924,4240657,7f119181-4c9f-4a9f-bccc-357277b64a8d,33495,15273,57337,CartMi03,,7607,3,"https://static.www.nfl.com/image/upload/f_auto,q_auto/league/wylipaunq6cueyj8h1in",,5,REG,P07,Michael,CAR716520,53536,32004341-5271-6520-cf4c-d6916bc87e00,2021,2021.0,NYJ,107.0,25.418
22276,2024,ARI,RB,RB,22.0,DEV,Michael Carter,Michael,Carter,1999-05-07,68.0,200,North Carolina,00-0036924,4240657,7f119181-4c9f-4a9f-bccc-357277b64a8d,33495,15273,57337,CartMi03,,7607,3,"https://static.www.nfl.com/image/upload/f_auto,q_auto/league/wylipaunq6cueyj8h1in",,8,REG,P07,Michael,CAR716520,53536,32004341-5271-6520-cf4c-d6916bc87e00,2021,2021.0,NYJ,107.0,25.476
22277,2024,ARI,RB,RB,22.0,DEV,Michael Carter,Michael,Carter,1999-05-07,68.0,200,North Carolina,00-0036924,4240657,7f119181-4c9f-4a9f-bccc-357277b64a8d,33495,15273,57337,CartMi03,,7607,3,"https://static.www.nfl.com/image/upload/f_auto,q_auto/league/wylipaunq6cueyj8h1in",,3,REG,P07,Michael,CAR716520,53536,32004341-5271-6520-cf4c-d6916bc87e00,2021,2021.0,NYJ,107.0,25.38
22278,2024,ARI,RB,RB,22.0,DEV,Michael Carter,Michael,Carter,1999-05-07,68.0,200,North Carolina,00-0036924,4240657,7f119181-4c9f-4a9f-bccc-357277b64a8d,33495,15273,57337,CartMi03,,7607,3,"https://static.www.nfl.com/image/upload/f_auto,q_auto/league/wylipaunq6cueyj8h1in",,10,REG,P07,Michael,CAR716520,53536,32004341-5271-6520-cf4c-d6916bc87e00,2021,2021.0,NYJ,107.0,25.514
22279,2024,ARI,RB,RB,22.0,DEV,Michael Carter,Michael,Carter,1999-05-07,68.0,200,North Carolina,00-0036924,4240657,7f119181-4c9f-4a9f-bccc-357277b64a8d,33495,15273,57337,CartMi03,,7607,3,"https://static.www.nfl.com/image/upload/f_auto,q_auto/league/wylipaunq6cueyj8h1in",,6,REG,P07,Michael,CAR716520,53536,32004341-5271-6520-cf4c-d6916bc87e00,2021,2021.0,NYJ,107.0,25.437
22280,2024,ARI,RB,RB,22.0,DEV,Michael Carter,Michael,Carter,1999-05-07,68.0,200,North Carolina,00-0036924,4240657,7f119181-4c9f-4a9f-bccc-357277b64a8d,33495,15273,57337,CartMi03,,7607,3,"https://static.www.nfl.com/image/upload/f_auto,q_auto/league/wylipaunq6cueyj8h1in",,2,REG,P07,Michael,CAR716520,53536,32004341-5271-6520-cf4c-d6916bc87e00,2021,2021.0,NYJ,107.0,25.361
22281,2024,ARI,RB,RB,22.0,DEV,Michael Carter,Michael,Carter,1999-05-07,68.0,200,North Carolina,00-0036924,4240657,7f119181-4c9f-4a9f-bccc-357277b64a8d,33495,15273,57337,CartMi03,,7607,3,"https://static.www.nfl.com/image/upload/f_auto,q_auto/league/wylipaunq6cueyj8h1in",,1,REG,P07,Michael,CAR716520,53536,32004341-5271-6520-cf4c-d6916bc87e00,2021,2021.0,NYJ,107.0,25.342
22282,2024,ARI,RB,RB,22.0,ACT,Michael Carter,Michael,Carter,1999-05-07,68.0,200,North Carolina,00-0036924,4240657,7f119181-4c9f-4a9f-bccc-357277b64a8d,33495,15273,57337,CartMi03,,7607,3,"https://static.www.nfl.com/image/upload/f_auto,q_auto/league/wylipaunq6cueyj8h1in",RB,17,REG,P07,Michael,CAR716520,53536,32004341-5271-6520-cf4c-d6916bc87e00,2021,2021.0,NYJ,107.0,25.645
22283,2024,ARI,RB,RB,22.0,DEV,Michael Carter,Michael,Carter,1999-05-07,68.0,200,North Carolina,00-0036924,4240657,7f119181-4c9f-4a9f-bccc-357277b64a8d,33495,15273,57337,CartMi03,,7607,3,"https://static.www.nfl.com/image/upload/f_auto,q_auto/league/wylipaunq6cueyj8h1in",,14,REG,P07,Michael,CAR716520,53536,32004341-5271-6520-cf4c-d6916bc87e00,2021,2021.0,NYJ,107.0,25.591
22284,2024,ARI,RB,RB,22.0,DEV,Michael Carter,Michael,Carter,1999-05-07,68.0,200,North Carolina,00-0036924,4240657,7f119181-4c9f-4a9f-bccc-357277b64a8d,33495,15273,57337,CartMi03,,7607,3,"https://static.www.nfl.com/image/upload/f_auto,q_auto/league/wylipaunq6cueyj8h1in",,13,REG,P07,Michael,CAR716520,53536,32004341-5271-6520-cf4c-d6916bc87e00,2021,2021.0,NYJ,107.0,25.572
22285,2024,ARI,RB,RB,22.0,ACT,Michael Carter,Michael,Carter,1999-05-07,68.0,200,North Carolina,00-0036924,4240657,7f119181-4c9f-4a9f-bccc-357277b64a8d,33495,15273,57337,CartMi03,,7607,3,"https://static.www.nfl.com/image/upload/f_auto,q_auto/league/wylipaunq6cueyj8h1in",RB,16,REG,A01,Michael,CAR716520,53536,32004341-5271-6520-cf4c-d6916bc87e00,2021,2021.0,NYJ,107.0,25.629
22286,2024,ARI,RB,RB,22.0,ACT,Michael Carter,Michael,Carter,1999-05-07,68.0,200,North Carolina,00-0036924,4240657,7f119181-4c9f-4a9f-bccc-357277b64a8d,33495,15273,57337,CartMi03,,7607,3,"https://static.www.nfl.com/image/upload/f_auto,q_auto/league/wylipaunq6cueyj8h1in",RB,18,REG,A01,Michael,CAR716520,53536,32004341-5271-6520-cf4c-d6916bc87e00,2021,2021.0,NYJ,107.0,25.667
22287,2024,ARI,RB,RB,22.0,DEV,Michael Carter,Michael,Carter,1999-05-07,68.0,200,North Carolina,00-0036924,4240657,7f119181-4c9f-4a9f-bccc-357277b64a8d,33495,15273,57337,CartMi03,,7607,3,"https://static.www.nfl.com/image/upload/f_auto,q_auto/league/wylipaunq6cueyj8h1in",,15,REG,P07,Michael,CAR716520,53536,32004341-5271-6520-cf4c-d6916bc87e00,2021,2021.0,NYJ,107.0,25.61
22288,2024,ARI,RB,RB,22.0,DEV,Michael Carter,Michael,Carter,1999-05-07,68.0,200,North Carolina,00-0036924,4240657,7f119181-4c9f-4a9f-bccc-357277b64a8d,33495,15273,57337,CartMi03,,7607,3,"https://static.www.nfl.com/image/upload/f_auto,q_auto/league/wylipaunq6cueyj8h1in",,7,REG,P07,Michael,CAR716520,53536,32004341-5271-6520-cf4c-d6916bc87e00,2021,2021.0,NYJ,107.0,25.459
22289,2024,ARI,RB,RB,22.0,DEV,Michael Carter,Michael,Carter,1999-05-07,68.0,200,North Carolina,00-0036924,4240657,7f119181-4c9f-4a9f-bccc-357277b64a8d,33495,15273,57337,CartMi03,,7607,3,"https://static.www.nfl.com/image/upload/f_auto,q_auto/league/wylipaunq6cueyj8h1in",,9,REG,P07,Michael,CAR716520,53536,32004341-5271-6520-cf4c-d6916bc87e00,2021,2021.0,NYJ,107.0,25.495
22290,2024,ARI,RB,RB,22.0,DEV,Michael Carter,Michael,Carter,1999-05-07,68.0,200,North Carolina,00-0036924,4240657,7f119181-4c9f-4a9f-bccc-357277b64a8d,33495,15273,57337,CartMi03,,7607,3,"https://static.www.nfl.com/image/upload/f_auto,q_auto/league/wylipaunq6cueyj8h1in",,4,REG,P07,Michael,CAR716520,53536,32004341-5271-6520-cf4c-d6916bc87e00,2021,2021.0,NYJ,107.0,25.399
22384,2024,ARI,LB,OLB,25.0,ACT,Zaven Collins,Zaven,Collins,1999-05-19,76.0,260,Tulsa,00-0036933,4244606,61fda7fc-a8d7-435f-9397-5657662cd6b2,33404,15288,77190,CollZa00,,7637,3,"https://static.www.nfl.com/image/upload/f_auto,q_auto/league/ucdftq4owwejdg5pueqb",EDGE,16,REG,A01,Zaven,COL712276,53445,3200434f-4c71-2276-ee5d-d6185f3c66ad,2021,2021.0,ARI,16.0,25.596
22385,2024,ARI,LB,OLB,25.0,ACT,Zaven Collins,Zaven,Collins,1999-05-19,76.0,260,Tulsa,00-0036933,4244606,61fda7fc-a8d7-435f-9397-5657662cd6b2,33404,15288,77190,CollZa00,,7637,3,"https://static.www.nfl.com/image/upload/f_auto,q_auto/league/ucdftq4owwejdg5pueqb",EDGE,17,REG,A01,Zaven,COL712276,53445,3200434f-4c71-2276-ee5d-d6185f3c66ad,2021,2021.0,ARI,16.0,25.613
22386,2024,ARI,LB,OLB,25.0,ACT,Zaven Collins,Zaven,Collins,1999-05-19,76.0,260,Tulsa,00-0036933,4244606,61fda7fc-a8d7-435f-9397-5657662cd6b2,33404,15288,77190,CollZa00,,7637,3,"https://static.www.nfl.com/image/upload/f_auto,q_auto/league/ucdftq4owwejdg5pueqb",EDGE,3,REG,A01,Zaven,COL712276,53445,3200434f-4c71-2276-ee5d-d6185f3c66ad,2021,2021.0,ARI,16.0,25.347
22387,2024,ARI,LB,OLB,25.0,ACT,Zaven Collins,Zaven,Collins,1999-05-19,76.0,260,Tulsa,00-0036933,4244606,61fda7fc-a8d7-435f-9397-5657662cd6b2,33404,15288,77190,CollZa00,,7637,3,"https://static.www.nfl.com/image/upload/f_auto,q_auto/league/ucdftq4owwejdg5pueqb",EDGE,5,REG,A01,Zaven,COL712276,53445,3200434f-4c71-2276-ee5d-d6185f3c66ad,2021,2021.0,ARI,16.0,25.385
22388,2024,ARI,LB,OLB,25.0,ACT,Zaven Collins,Zaven,Collins,1999-05-19,76.0,260,Tulsa,00-0036933,4244606,61fda7fc-a8d7-435f-9397-5657662cd6b2,33404,15288,77190,CollZa00,,7637,3,"https://static.www.nfl.com/image/upload/f_auto,q_auto/league/ucdftq4owwejdg5pueqb",EDGE,1,REG,A01,Zaven,COL712276,53445,3200434f-4c71-2276-ee5d-d6185f3c66ad,2021,2021.0,ARI,16.0,25.309
22389,2024,ARI,LB,OLB,25.0,ACT,Zaven Collins,Zaven,Collins,1999-05-19,76.0,260,Tulsa,00-0036933,4244606,61fda7fc-a8d7-435f-9397-5657662cd6b2,33404,15288,77190,CollZa00,,7637,3,"https://static.www.nfl.com/image/upload/f_auto,q_auto/league/ucdftq4owwejdg5pueqb",EDGE,14,REG,A01,Zaven,COL712276,53445,3200434f-4c71-2276-ee5d-d6185f3c66ad,2021,2021.0,ARI,16.0,25.558
22390,2024,ARI,LB,OLB,25.0,ACT,Zaven Collins,Zaven,Collins,1999-05-19,76.0,260,Tulsa,00-0036933,4244606,61fda7fc-a8d7-435f-9397-5657662cd6b2,33404,15288,77190,CollZa00,,7637,3,"https://static.www.nfl.com/image/upload/f_auto,q_auto/league/ucdftq4owwejdg5pueqb",EDGE,15,REG,A01,Zaven,COL712276,53445,3200434f-4c71-2276-ee5d-d6185f3c66ad,2021,2021.0,ARI,16.0,25.577
22391,2024,ARI,LB,OLB,25.0,ACT,Zaven Collins,Zaven,Collins,1999-05-19,76.0,260,Tulsa,00-0036933,4244606,61fda7fc-a8d7-435f-9397-5657662cd6b2,33404,15288,77190,CollZa00,,7637,3,"https://static.www.nfl.com/image/upload/f_auto,q_auto/league/ucdftq4owwejdg5pueqb",EDGE,4,REG,A01,Zaven,COL712276,53445,3200434f-4c71-2276-ee5d-d6185f3c66ad,2021,2021.0,ARI,16.0,25.366
22392,2024,ARI,LB,OLB,25.0,ACT,Zaven Collins,Zaven,Collins,1999-05-19,76.0,260,Tulsa,00-0036933,4244606,61fda7fc-a8d7-435f-9397-5657662cd6b2,33404,15288,77190,CollZa00,,7637,3,"https://static.www.nfl.com/image/upload/f_auto,q_auto/league/ucdftq4owwejdg5pueqb",EDGE,13,REG,A01,Zaven,COL712276,53445,3200434f-4c71-2276-ee5d-d6185f3c66ad,2021,2021.0,ARI,16.0,25.539
22393,2024,ARI,LB,OLB,25.0,ACT,Zaven Collins,Zaven,Collins,1999-05-19,76.0,260,Tulsa,00-0036933,4244606,61fda7fc-a8d7-435f-9397-5657662cd6b2,33404,15288,77190,CollZa00,,7637,3,"https://static.www.nfl.com/image/upload/f_auto,q_auto/league/ucdftq4owwejdg5pueqb",EDGE,6,REG,A01,Zaven,COL712276,53445,3200434f-4c71-2276-ee5d-d6185f3c66ad,2021,2021.0,ARI,16.0,25.405
22394,2024,ARI,LB,OLB,25.0,ACT,Zaven Collins,Zaven,Collins,1999-05-19,76.0,260,Tulsa,00-0036933,4244606,61fda7fc-a8d7-435f-9397-5657662cd6b2,33404,15288,77190,CollZa00,,7637,3,"https://static.www.nfl.com/image/upload/f_auto,q_auto/league/ucdftq4owwejdg5pueqb",EDGE,2,REG,A01,Zaven,COL712276,53445,3200434f-4c71-2276-ee5d-d6185f3c66ad,2021,2021.0,ARI,16.0,25.328
22395,2024,ARI,LB,OLB,25.0,ACT,Zaven Collins,Zaven,Collins,1999-05-19,76.0,260,Tulsa,00-0036933,4244606,61fda7fc-a8d7-435f-9397-5657662cd6b2,33404,15288,77190,CollZa00,,7637,3,"https://static.www.nfl.com/image/upload/f_auto,q_auto/league/ucdftq4owwejdg5pueqb",EDGE,8,REG,A01,Zaven,COL712276,53445,3200434f-4c71-2276-ee5d-d6185f3c66ad,2021,2021.0,ARI,16.0,25.443
22396,2024,ARI,LB,OLB,25.0,ACT,Zaven Collins,Zaven,Collins,1999-05-19,76.0,260,Tulsa,00-0036933,4244606,61fda7fc-a8d7-435f-9397-5657662cd6b2,33404,15288,77190,CollZa00,,7637,3,"https://static.www.nfl.com/image/upload/f_auto,q_auto/league/ucdftq4owwejdg5pueqb",EDGE,10,REG,A01,Zaven,COL712276,53445,3200434f-4c71-2276-ee5d-d6185f3c66ad,2021,2021.0,ARI,16.0,25.481
22397,2024,ARI,LB,OLB,25.0,ACT,Zaven Collins,Zaven,Collins,1999-05-19,76.0,260,Tulsa,00-0036933,4244606,61fda7fc-a8d7-435f-9397-5657662cd6b2,33404,15288,77190,CollZa00,,7637,3,"https://static.www.nfl.com/image/upload/f_auto,q_auto/league/ucdftq4owwejdg5pueqb",EDGE,7,REG,A01,Zaven,COL712276,53445,3200434f-4c71-2276-ee5d-d6185f3c66ad,2021,2021.0,ARI,16.0,25.426
22398,2024,ARI,LB,OLB,25.0,ACT,Zaven Collins,Zaven,Collins,1999-05-19,76.0,260,Tulsa,00-0036933,4244606,61fda7fc-a8d7-435f-9397-5657662cd6b2,33404,15288,77190,CollZa00,,7637,3,"https://static.www.nfl.com/image/upload/f_auto,q_auto/league/ucdftq4owwejdg5pueqb",EDGE,12,REG,A01,Zaven,COL712276,53445,3200434f-4c71-2276-ee5d-d6185f3c66ad,2021,2021.0,ARI,16.0,25.52
22399,2024,ARI,LB,OLB,25.0,ACT,Zaven Collins,Zaven,Collins,1999-05-19,76.0,260,Tulsa,00-0036933,4244606,61fda7fc-a8d7-435f-9397-5657662cd6b2,33404,15288,77190,CollZa00,,7637,3,"https://static.www.nfl.com/image/upload/f_auto,q_auto/league/ucdftq4owwejdg5pueqb",EDGE,18,REG,A01,Zaven,COL712276,53445,3200434f-4c71-2276-ee5d-d6185f3c66ad,2021,2021.0,ARI,16.0,25.634
22400,2024,ARI,LB,OLB,25.0,ACT,Zaven Collins,Zaven,Collins,1999-05-19,76.0,260,Tulsa,00-0036933,4244606,61fda7fc-a8d7-435f-9397-5657662cd6b2,33404,15288,77190,CollZa00,,7637,3,"https://static.www.nfl.com/image/upload/f_auto,q_auto/league/ucdftq4owwejdg5pueqb",EDGE,9,REG,A01,Zaven,COL712276,53445,3200434f-4c71-2276-ee5d-d6185f3c66ad,2021,2021.0,ARI,16.0,25.462
22710,2024,ARI,DB,FS,30.0,ACT,Darren Hall,Darren,Hall,2000-05-02,72.0,190,San Diego State,00-0036956,4261606,e2aa4576-83a6-4b81-ab95-49126a0cf1d4,33496,15474,60742,HallDa03,,7730,3,"https://static.www.nfl.com/image/upload/f_auto,q_auto/league/vfvt7wwefjno5jxxiem8",,8,REG,A01,Darren,HAL251071,53537,32004841-4c25-1071-f00b-bb48b41590b9,2021,2021.0,ATL,108.0,24.487
22712,2024,ARI,DB,FS,30.0,INA,Darren Hall,Darren,Hall,2000-05-02,72.0,190,San Diego State,00-0036956,4261606,e2aa4576-83a6-4b81-ab95-49126a0cf1d4,33496,15474,60742,HallDa03,,7730,3,"https://static.www.nfl.com/image/upload/f_auto,q_auto/league/vfvt7wwefjno5jxxiem8",,6,REG,I01,Darren,HAL251071,53537,32004841-4c25-1071-f00b-bb48b41590b9,2021,2021.0,ATL,108.0,24.449
22713,2024,ARI,DB,FS,30.0,INA,Darren Hall,Darren,Hall,2000-05-02,72.0,190,San Diego State,00-0036956,4261606,e2aa4576-83a6-4b81-ab95-49126a0cf1d4,33496,15474,60742,HallDa03,,7730,3,"https://static.www.nfl.com/image/upload/f_auto,q_auto/league/vfvt7wwefjno5jxxiem8",,1,REG,I01,Darren,HAL251071,53537,32004841-4c25-1071-f00b-bb48b41590b9,2021,2021.0,ATL,108.0,24.353
22714,2024,ARI,DB,FS,38.0,DEV,Darren Hall,Darren,Hall,2000-05-02,72.0,190,San Diego State,00-0036956,4261606,e2aa4576-83a6-4b81-ab95-49126a0cf1d4,33496,15474,60742,HallDa03,,7730,3,"https://static.www.nfl.com/image/upload/f_auto,q_auto/league/vfvt7wwefjno5jxxiem8",,18,REG,P06,Darren,HAL251071,53537,32004841-4c25-1071-f00b-bb48b41590b9,2021,2021.0,ATL,108.0,24.679
22715,2024,ARI,DB,FS,38.0,DEV,Darren Hall,Darren,Hall,2000-05-02,72.0,190,San Diego State,00-0036956,4261606,e2aa4576-83a6-4b81-ab95-49126a0cf1d4,33496,15474,60742,HallDa03,,7730,3,"https://static.www.nfl.com/image/upload/f_auto,q_auto/league/vfvt7wwefjno5jxxiem8",,17,REG,P06,Darren,HAL251071,53537,32004841-4c25-1071-f00b-bb48b41590b9,2021,2021.0,ATL,108.0,24.657
22716,2024,ARI,DB,FS,30.0,ACT,Darren Hall,Darren,Hall,2000-05-02,72.0,190,San Diego State,00-0036956,4261606,e2aa4576-83a6-4b81-ab95-49126a0cf1d4,33496,15474,60742,HallDa03,,7730,3,"https://static.www.nfl.com/image/upload/f_auto,q_auto/league/vfvt7wwefjno5jxxiem8",SLOT_CB,9,REG,A01,Darren,HAL251071,53537,32004841-4c25-1071-f00b-bb48b41590b9,2021,2021.0,ATL,108.0,24.507
22718,2024,ARI,DB,FS,30.0,INA,Darren Hall,Darren,Hall,2000-05-02,72.0,190,San Diego State,00-0036956,4261606,e2aa4576-83a6-4b81-ab95-49126a0cf1d4,33496,15474,60742,HallDa03,,7730,3,"https://static.www.nfl.com/image/upload/f_auto,q_auto/league/vfvt7wwefjno5jxxiem8",,2,REG,I01,Darren,HAL251071,53537,32004841-4c25-1071-f00b-bb48b41590b9,2021,2021.0,ATL,108.0,24.372
22719,2024,ARI,DB,FS,30.0,ACT,Darren Hall,Darren,Hall,2000-05-02,72.0,190,San Diego State,00-0036956,4261606,e2aa4576-83a6-4b81-ab95-49126a0cf1d4,33496,15474,60742,HallDa03,,7730,3,"https://static.www.nfl.com/image/upload/f_auto,q_auto/league/vfvt7wwefjno5jxxiem8",,5,REG,A01,Darren,HAL251071,53537,32004841-4c25-1071-f00b-bb48b41590b9,2021,2021.0,ATL,108.0,24.43
22721,2024,ARI,DB,FS,30.0,ACT,Darren Hall,Darren,Hall,2000-05-02,72.0,190,San Diego State,00-0036956,4261606,e2aa4576-83a6-4b81-ab95-49126a0cf1d4,33496,15474,60742,HallDa03,,7730,3,"https://static.www.nfl.com/image/upload/f_auto,q_auto/league/vfvt7wwefjno5jxxiem8",,7,REG,A01,Darren,HAL251071,53537,32004841-4c25-1071-f00b-bb48b41590b9,2021,2021.0,ATL,108.0,24.471
22723,2024,ARI,DB,FS,30.0,INA,Darren Hall,Darren,Hall,2000-05-02,72.0,190,San Diego State,00-0036956,4261606,e2aa4576-83a6-4b81-ab95-49126a0cf1d4,33496,15474,60742,HallDa03,,7730,3,"https://static.www.nfl.com/image/upload/f_auto,q_auto/league/vfvt7wwefjno5jxxiem8",,4,REG,I01,Darren,HAL251071,53537,32004841-4c25-1071-f00b-bb48b41590b9,2021,2021.0,ATL,108.0,24.411
22724,2024,ARI,DB,FS,30.0,INA,Darren Hall,Darren,Hall,2000-05-02,72.0,190,San Diego State,00-0036956,4261606,e2aa4576-83a6-4b81-ab95-49126a0cf1d4,33496,15474,60742,HallDa03,,7730,3,"https://static.www.nfl.com/image/upload/f_auto,q_auto/league/vfvt7wwefjno5jxxiem8",,3,REG,I01,Darren,HAL251071,53537,32004841-4c25-1071-f00b-bb48b41590b9,2021,2021.0,ATL,108.0,24.392
23019,2024,ARI,LB,OLB,51.0,DEV,Ronnie Perkins,Ronnie,Perkins,1999-09-29,75.0,247,Oklahoma,00-0036978,4360274,416e8e41-9e8f-4bc9-9d26-babb37bec884,33484,15587,76830,PerkRo00,,7688,3,"https://static.www.nfl.com/image/upload/f_auto,q_auto/league/llkcfiijnugusu8gdgr4",,12,REG,P01,Ronnie,PER238147,53525,32005045-5223-8147-5638-2104880c86b1,2021,2021.0,NE,96.0,25.155
23020,2024,ARI,LB,OLB,51.0,DEV,Ronnie Perkins,Ronnie,Perkins,1999-09-29,75.0,247,Oklahoma,00-0036978,4360274,416e8e41-9e8f-4bc9-9d26-babb37bec884,33484,15587,76830,PerkRo00,,7688,3,"https://static.www.nfl.com/image/upload/f_auto,q_auto/league/llkcfiijnugusu8gdgr4",,8,REG,P01,Ronnie,PER238147,53525,32005045-5223-8147-5638-2104880c86b1,2021,2021.0,NE,96.0,25.079
23021,2024,ARI,LB,OLB,51.0,CUT,Ronnie Perkins,Ronnie,Perkins,1999-09-29,75.0,247,Oklahoma,00-0036978,4360274,416e8e41-9e8f-4bc9-9d26-babb37bec884,33484,15587,76830,PerkRo00,,7688,3,"https://static.www.nfl.com/image/upload/f_auto,q_auto/league/llkcfiijnugusu8gdgr4",,14,REG,P01,Ronnie,PER238147,53525,32005045-5223-8147-5638-2104880c86b1,2021,2021.0,NE,96.0,25.194
23025,2024,ARI,LB,OLB,51.0,DEV,Ronnie Perkins,Ronnie,Perkins,1999-09-29,75.0,247,Oklahoma,00-0036978,4360274,416e8e41-9e8f-4bc9-9d26-babb37bec884,33484,15587,76830,PerkRo00,,7688,3,"https://static.www.nfl.com/image/upload/f_auto,q_auto/league/llkcfiijnugusu8gdgr4",,7,REG,P01,Ronnie,PER238147,53525,32005045-5223-8147-5638-2104880c86b1,2021,2021.0,NE,96.0,25.062
23026,2024,ARI,LB,OLB,51.0,DEV,Ronnie Perkins,Ronnie,Perkins,1999-09-29,75.0,247,Oklahoma,00-0036978,4360274,416e8e41-9e8f-4bc9-9d26-babb37bec884,33484,15587,76830,PerkRo00,,7688,3,"https://static.www.nfl.com/image/upload/f_auto,q_auto/league/llkcfiijnugusu8gdgr4",,13,REG,P01,Ronnie,PER238147,53525,32005045-5223-8147-5638-2104880c86b1,2021,2021.0,NE,96.0,25.175
23027,2024,ARI,LB,OLB,51.0,DEV,Ronnie Perkins,Ronnie,Perkins,1999-09-29,75.0,247,Oklahoma,00-0036978,4360274,416e8e41-9e8f-4bc9-9d26-babb37bec884,33484,15587,76830,PerkRo00,,7688,3,"https://static.www.nfl.com/image/upload/f_auto,q_auto/league/llkcfiijnugusu8gdgr4",,9,REG,P01,Ronnie,PER238147,53525,32005045-5223-8147-5638-2104880c86b1,2021,2021.0,NE,96.0,25.098
23028,2024,ARI,LB,OLB,51.0,DEV,Ronnie Perkins,Ronnie,Perkins,1999-09-29,75.0,247,Oklahoma,00-0036978,4360274,416e8e41-9e8f-4bc9-9d26-babb37bec884,33484,15587,76830,PerkRo00,,7688,3,"https://static.www.nfl.com/image/upload/f_auto,q_auto/league/llkcfiijnugusu8gdgr4",,10,REG,P01,Ronnie,PER238147,53525,32005045-5223-8147-5638-2104880c86b1,2021,2021.0,NE,96.0,25.117
23292,2024,ARI,LB,OLB,53.0,ACT,Baron Browning,Baron,Browning,1999-02-19,75.0,240,Ohio State,00-0036995,4241987,faf72326-5e36-4bdd-9843-5d2a6b4ee6b4,33493,15422,58095,BrowBa01,,7681,3,"https://static.www.nfl.com/image/upload/f_auto,q_auto/league/scnnn5dpl1gqnvldi3rk",EDGE,14,REG,A01,Baron,BRO806290,53534,32004252-4f80-6290-9866-45f3dae63918,2021,2021.0,DEN,105.0,25.802
23293,2024,ARI,LB,OLB,53.0,ACT,Baron Browning,Baron,Browning,1999-02-19,75.0,240,Ohio State,00-0036995,4241987,faf72326-5e36-4bdd-9843-5d2a6b4ee6b4,33493,15422,58095,BrowBa01,,7681,3,"https://static.www.nfl.com/image/upload/f_auto,q_auto/league/scnnn5dpl1gqnvldi3rk",EDGE,13,REG,A01,Baron,BRO806290,53534,32004252-4f80-6290-9866-45f3dae63918,2021,2021.0,DEN,105.0,25.782
23299,2024,ARI,LB,OLB,53.0,ACT,Baron Browning,Baron,Browning,1999-02-19,75.0,240,Ohio State,00-0036995,4241987,faf72326-5e36-4bdd-9843-5d2a6b4ee6b4,33493,15422,58095,BrowBa01,,7681,3,"https://static.www.nfl.com/image/upload/f_auto,q_auto/league/scnnn5dpl1gqnvldi3rk",EDGE,12,REG,A01,Baron,BRO806290,53534,32004252-4f80-6290-9866-45f3dae63918,2021,2021.0,DEN,105.0,25.763
23301,2024,ARI,LB,OLB,53.0,ACT,Baron Browning,Baron,Browning,1999-02-19,75.0,240,Ohio State,00-0036995,4241987,faf72326-5e36-4bdd-9843-5d2a6b4ee6b4,33493,15422,58095,BrowBa01,,7681,3,"https://static.www.nfl.com/image/upload/f_auto,q_auto/league/scnnn5dpl1gqnvldi3rk",EDGE,10,REG,A01,Baron,BRO806290,53534,32004252-4f80-6290-9866-45f3dae63918,2021,2021.0,DEN,105.0,25.725
23302,2024,ARI,LB,OLB,53.0,ACT,Baron Browning,Baron,Browning,1999-02-19,75.0,240,Ohio State,00-0036995,4241987,faf72326-5e36-4bdd-9843-5d2a6b4ee6b4,33493,15422,58095,BrowBa01,,7681,3,"https://static.www.nfl.com/image/upload/f_auto,q_auto/league/scnnn5dpl1gqnvldi3rk",EDGE,18,REG,A01,Baron,BRO806290,53534,32004252-4f80-6290-9866-45f3dae63918,2021,2021.0,DEN,105.0,25.878
23304,2024,ARI,LB,OLB,53.0,ACT,Baron Browning,Baron,Browning,1999-02-19,75.0,240,Ohio State,00-0036995,4241987,faf72326-5e36-4bdd-9843-5d2a6b4ee6b4,33493,15422,58095,BrowBa01,,7681,3,"https://static.www.nfl.com/image/upload/f_auto,q_auto/league/scnnn5dpl1gqnvldi3rk",EDGE,15,REG,A01,Baron,BRO806290,53534,32004252-4f80-6290-9866-45f3dae63918,2021,2021.0,DEN,105.0,25.821
23305,2024,ARI,LB,OLB,53.0,ACT,Baron Browning,Baron,Browning,1999-02-19,75.0,240,Ohio State,00-0036995,4241987,faf72326-5e36-4bdd-9843-5d2a6b4ee6b4,33493,15422,58095,BrowBa01,,7681,3,"https://static.www.nfl.com/image/upload/f_auto,q_auto/league/scnnn5dpl1gqnvldi3rk",EDGE,16,REG,A01,Baron,BRO806290,53534,32004252-4f80-6290-9866-45f3dae63918,2021,2021.0,DEN,105.0,25.84
23307,2024,ARI,LB,OLB,53.0,ACT,Baron Browning,Baron,Browning,1999-02-19,75.0,240,Ohio State,00-0036995,4241987,faf72326-5e36-4bdd-9843-5d2a6b4ee6b4,33493,15422,58095,BrowBa01,,7681,3,"https://static.www.nfl.com/image/upload/f_auto,q_auto/league/scnnn5dpl1gqnvldi3rk",EDGE,17,REG,A01,Baron,BRO806290,53534,32004252-4f80-6290-9866-45f3dae63918,2021,2021.0,DEN,105.0,25.856
23598,2024,ARI,TE,TE,47.0,DEV,Bernhard Seikovits,Bernhard,Seikovits,1997-07-24,77.0,262,No College,00-0037020,,,,,,,,,3,"https://static.www.nfl.com/image/upload/f_auto,q_auto/league/zxycrw3lu1abbqa9bkgh",,12,REG,P03,Bernhard,SEI577844,54022,32005345-4957-7844-37c0-7f661b87396e,2021,2021.0,,,27.337
23599,2024,ARI,TE,TE,47.0,DEV,Bernhard Seikovits,Bernhard,Seikovits,1997-07-24,77.0,262,No College,00-0037020,,,,,,,,,3,"https://static.www.nfl.com/image/upload/f_auto,q_auto/league/zxycrw3lu1abbqa9bkgh",,10,REG,P03,Bernhard,SEI577844,54022,32005345-4957-7844-37c0-7f661b87396e,2021,2021.0,,,27.299
23600,2024,ARI,TE,TE,47.0,DEV,Bernhard Seikovits,Bernhard,Seikovits,1997-07-24,77.0,262,No College,00-0037020,,,,,,,,,3,"https://static.www.nfl.com/image/upload/f_auto,q_auto/league/zxycrw3lu1abbqa9bkgh",,8,REG,P03,Bernhard,SEI577844,54022,32005345-4957-7844-37c0-7f661b87396e,2021,2021.0,,,27.261
23601,2024,ARI,TE,TE,80.0,DEV,Bernhard Seikovits,Bernhard,Seikovits,1997-07-24,77.0,262,No College,00-0037020,,,,,,,,,3,"https://static.www.nfl.com/image/upload/f_auto,q_auto/league/zxycrw3lu1abbqa9bkgh",,1,REG,P03,Bernhard,SEI577844,54022,32005345-4957-7844-37c0-7f661b87396e,2021,2021.0,,,27.127
23602,2024,ARI,TE,TE,47.0,DEV,Bernhard Seikovits,Bernhard,Seikovits,1997-07-24,77.0,262,No College,00-0037020,,,,,,,,,3,"https://static.www.nfl.com/image/upload/f_auto,q_auto/league/zxycrw3lu1abbqa9bkgh",,9,REG,P03,Bernhard,SEI577844,54022,32005345-4957-7844-37c0-7f661b87396e,2021,2021.0,,,27.28
23603,2024,ARI,TE,TE,47.0,DEV,Bernhard Seikovits,Bernhard,Seikovits,1997-07-24,77.0,262,No College,00-0037020,,,,,,,,,3,"https://static.www.nfl.com/image/upload/f_auto,q_auto/league/zxycrw3lu1abbqa9bkgh",,18,REG,P03,Bernhard,SEI577844,54022,32005345-4957-7844-37c0-7f661b87396e,2021,2021.0,,,27.452
23604,2024,ARI,TE,TE,47.0,DEV,Bernhard Seikovits,Bernhard,Seikovits,1997-07-24,77.0,262,No College,00-0037020,,,,,,,,,3,"https://static.www.nfl.com/image/upload/f_auto,q_auto/league/zxycrw3lu1abbqa9bkgh",,17,REG,P03,Bernhard,SEI577844,54022,32005345-4957-7844-37c0-7f661b87396e,2021,2021.0,,,27.431
23605,2024,ARI,TE,TE,47.0,DEV,Bernhard Seikovits,Bernhard,Seikovits,1997-07-24,77.0,262,No College,00-0037020,,,,,,,,,3,"https://static.www.nfl.com/image/upload/f_auto,q_auto/league/zxycrw3lu1abbqa9bkgh",,2,REG,P03,Bernhard,SEI577844,54022,32005345-4957-7844-37c0-7f661b87396e,2021,2021.0,,,27.146
23606,2024,ARI,TE,TE,47.0,DEV,Bernhard Seikovits,Bernhard,Seikovits,1997-07-24,77.0,262,No College,00-0037020,,,,,,,,,3,"https://static.www.nfl.com/image/upload/f_auto,q_auto/league/zxycrw3lu1abbqa9bkgh",,16,REG,P03,Bernhard,SEI577844,54022,32005345-4957-7844-37c0-7f661b87396e,2021,2021.0,,,27.414
23607,2024,ARI,TE,TE,47.0,DEV,Bernhard Seikovits,Bernhard,Seikovits,1997-07-24,77.0,262,No College,00-0037020,,,,,,,,,3,"https://static.www.nfl.com/image/upload/f_auto,q_auto/league/zxycrw3lu1abbqa9bkgh",,13,REG,P03,Bernhard,SEI577844,54022,32005345-4957-7844-37c0-7f661b87396e,2021,2021.0,,,27.357
23608,2024,ARI,TE,TE,47.0,DEV,Bernhard Seikovits,Bernhard,Seikovits,1997-07-24,77.0,262,No College,00-0037020,,,,,,,,,3,"https://static.www.nfl.com/image/upload/f_auto,q_auto/league/zxycrw3lu1abbqa9bkgh",,4,REG,P03,Bernhard,SEI577844,54022,32005345-4957-7844-37c0-7f661b87396e,2021,2021.0,,,27.184
23609,2024,ARI,TE,TE,47.0,DEV,Bernhard Seikovits,Bernhard,Seikovits,1997-07-24,77.0,262,No College,00-0037020,,,,,,,,,3,"https://static.www.nfl.com/image/upload/f_auto,q_auto/league/zxycrw3lu1abbqa9bkgh",,3,REG,P03,Bernhard,SEI577844,54022,32005345-4957-7844-37c0-7f661b87396e,2021,2021.0,,,27.165
23610,2024,ARI,TE,TE,47.0,DEV,Bernhard Seikovits,Bernhard,Seikovits,1997-07-24,77.0,262,No College,00-0037020,,,,,,,,,3,"https://static.www.nfl.com/image/upload/f_auto,q_auto/league/zxycrw3lu1abbqa9bkgh",,15,REG,P03,Bernhard,SEI577844,54022,32005345-4957-7844-37c0-7f661b87396e,2021,2021.0,,,27.395
23611,2024,ARI,TE,TE,47.0,DEV,Bernhard Seikovits,Bernhard,Seikovits,1997-07-24,77.0,262,No College,00-0037020,,,,,,,,,3,"https://static.www.nfl.com/image/upload/f_auto,q_auto/league/zxycrw3lu1abbqa9bkgh",,7,REG,P03,Bernhard,SEI577844,54022,32005345-4957-7844-37c0-7f661b87396e,2021,2021.0,,,27.244
23612,2024,ARI,TE,TE,47.0,DEV,Bernhard Seikovits,Bernhard,Seikovits,1997-07-24,77.0,262,No College,00-0037020,,,,,,,,,3,"https://static.www.nfl.com/image/upload/f_auto,q_auto/league/zxycrw3lu1abbqa9bkgh",,14,REG,P03,Bernhard,SEI577844,54022,32005345-4957-7844-37c0-7f661b87396e,2021,2021.0,,,27.376
23613,2024,ARI,TE,TE,47.0,DEV,Bernhard Seikovits,Bernhard,Seikovits,1997-07-24,77.0,262,No College,00-0037020,,,,,,,,,3,"https://static.www.nfl.com/image/upload/f_auto,q_auto/league/zxycrw3lu1abbqa9bkgh",,5,REG,P03,Bernhard,SEI577844,54022,32005345-4957-7844-37c0-7f661b87396e,2021,2021.0,,,27.203
23614,2024,ARI,TE,TE,47.0,DEV,Bernhard Seikovits,Bernhard,Seikovits,1997-07-24,77.0,262,No College,00-0037020,,,,,,,,,3,"https://static.www.nfl.com/image/upload/f_auto,q_auto/league/zxycrw3lu1abbqa9bkgh",,6,REG,P03,Bernhard,SEI577844,54022,32005345-4957-7844-37c0-7f661b87396e,2021,2021.0,,,27.222
24360,2024,ARI,DB,FS,32.0,ACT,Joey Blount,Joey,Blount,1998-11-16,73.0,205,Virginia,00-0037141,4240824,6604be40-cd99-11ec-b94f-57e6927758e6,34388,16453,,BlouJo00,,8683,2,"https://static.www.nfl.com/image/upload/f_auto,q_auto/league/mdww14oey5xjsffhgbxx",,8,REG,A01,Joey,BLO578781,54819,3200424c-4f57-8781-bfd2-074996ef6b46,2022,2022.0,,,25.947
24361,2024,ARI,DB,FS,32.0,INA,Joey Blount,Joey,Blount,1998-11-16,73.0,205,Virginia,00-0037141,4240824,6604be40-cd99-11ec-b94f-57e6927758e6,34388,16453,,BlouJo00,,8683,2,"https://static.www.nfl.com/image/upload/f_auto,q_auto/league/mdww14oey5xjsffhgbxx",,17,REG,A01,Joey,BLO578781,54819,3200424c-4f57-8781-bfd2-074996ef6b46,2022,2022.0,,,26.116
24362,2024,ARI,DB,FS,32.0,RES,Joey Blount,Joey,Blount,1998-11-16,73.0,205,Virginia,00-0037141,4240824,6604be40-cd99-11ec-b94f-57e6927758e6,34388,16453,,BlouJo00,,8683,2,"https://static.www.nfl.com/image/upload/f_auto,q_auto/league/mdww14oey5xjsffhgbxx",,18,REG,R01,Joey,BLO578781,54819,3200424c-4f57-8781-bfd2-074996ef6b46,2022,2022.0,,,26.138
24363,2024,ARI,DB,FS,32.0,ACT,Joey Blount,Joey,Blount,1998-11-16,73.0,205,Virginia,00-0037141,4240824,6604be40-cd99-11ec-b94f-57e6927758e6,34388,16453,,BlouJo00,,8683,2,"https://static.www.nfl.com/image/upload/f_auto,q_auto/league/mdww14oey5xjsffhgbxx",,1,REG,A01,Joey,BLO578781,54819,3200424c-4f57-8781-bfd2-074996ef6b46,2022,2022.0,,,25.812
24364,2024,ARI,DB,FS,32.0,ACT,Joey Blount,Joey,Blount,1998-11-16,73.0,205,Virginia,00-0037141,4240824,6604be40-cd99-11ec-b94f-57e6927758e6,34388,16453,,BlouJo00,,8683,2,"https://static.www.nfl.com/image/upload/f_auto,q_auto/league/mdww14oey5xjsffhgbxx",,6,REG,A01,Joey,BLO578781,54819,3200424c-4f57-8781-bfd2-074996ef6b46,2022,2022.0,,,25.908
24365,2024,ARI,DB,FS,32.0,ACT,Joey Blount,Joey,Blount,1998-11-16,73.0,205,Virginia,00-0037141,4240824,6604be40-cd99-11ec-b94f-57e6927758e6,34388,16453,,BlouJo00,,8683,2,"https://static.www.nfl.com/image/upload/f_auto,q_auto/league/mdww14oey5xjsffhgbxx",,15,REG,A01,Joey,BLO578781,54819,3200424c-4f57-8781-bfd2-074996ef6b46,2022,2022.0,,,26.081
24366,2024,ARI,DB,FS,32.0,ACT,Joey Blount,Joey,Blount,1998-11-16,73.0,205,Virginia,00-0037141,4240824,6604be40-cd99-11ec-b94f-57e6927758e6,34388,16453,,BlouJo00,,8683,2,"https://static.www.nfl.com/image/upload/f_auto,q_auto/league/mdww14oey5xjsffhgbxx",,5,REG,A01,Joey,BLO578781,54819,3200424c-4f57-8781-bfd2-074996ef6b46,2022,2022.0,,,25.889
24367,2024,ARI,DB,FS,32.0,ACT,Joey Blount,Joey,Blount,1998-11-16,73.0,205,Virginia,00-0037141,4240824,6604be40-cd99-11ec-b94f-57e6927758e6,34388,16453,,BlouJo00,,8683,2,"https://static.www.nfl.com/image/upload/f_auto,q_auto/league/mdww14oey5xjsffhgbxx",SAFETY,12,REG,A01,Joey,BLO578781,54819,3200424c-4f57-8781-bfd2-074996ef6b46,2022,2022.0,,,26.023
24368,2024,ARI,DB,FS,32.0,ACT,Joey Blount,Joey,Blount,1998-11-16,73.0,205,Virginia,00-0037141,4240824,6604be40-cd99-11ec-b94f-57e6927758e6,34388,16453,,BlouJo00,,8683,2,"https://static.www.nfl.com/image/upload/f_auto,q_auto/league/mdww14oey5xjsffhgbxx",SAFETY,9,REG,A01,Joey,BLO578781,54819,3200424c-4f57-8781-bfd2-074996ef6b46,2022,2022.0,,,25.966
24369,2024,ARI,DB,FS,32.0,ACT,Joey Blount,Joey,Blount,1998-11-16,73.0,205,Virginia,00-0037141,4240824,6604be40-cd99-11ec-b94f-57e6927758e6,34388,16453,,BlouJo00,,8683,2,"https://static.www.nfl.com/image/upload/f_auto,q_auto/league/mdww14oey5xjsffhgbxx",,14,REG,A01,Joey,BLO578781,54819,3200424c-4f57-8781-bfd2-074996ef6b46,2022,2022.0,,,26.062
24370,2024,ARI,DB,FS,32.0,ACT,Joey Blount,Joey,Blount,1998-11-16,73.0,205,Virginia,00-0037141,4240824,6604be40-cd99-11ec-b94f-57e6927758e6,34388,16453,,BlouJo00,,8683,2,"https://static.www.nfl.com/image/upload/f_auto,q_auto/league/mdww14oey5xjsffhgbxx",,10,REG,A01,Joey,BLO578781,54819,3200424c-4f57-8781-bfd2-074996ef6b46,2022,2022.0,,,25.985
24371,2024,ARI,DB,FS,32.0,ACT,Joey Blount,Joey,Blount,1998-11-16,73.0,205,Virginia,00-0037141,4240824,6604be40-cd99-11ec-b94f-57e6927758e6,34388,16453,,BlouJo00,,8683,2,"https://static.www.nfl.com/image/upload/f_auto,q_auto/league/mdww14oey5xjsffhgbxx",SAFETY,2,REG,A01,Joey,BLO578781,54819,3200424c-4f57-8781-bfd2-074996ef6b46,2022,2022.0,,,25.832
24372,2024,ARI,DB,FS,32.0,ACT,Joey Blount,Joey,Blount,1998-11-16,73.0,205,Virginia,00-0037141,4240824,6604be40-cd99-11ec-b94f-57e6927758e6,34388,16453,,BlouJo00,,8683,2,"https://static.www.nfl.com/image/upload/f_auto,q_auto/league/mdww14oey5xjsffhgbxx",,16,REG,A01,Joey,BLO578781,54819,3200424c-4f57-8781-bfd2-074996ef6b46,2022,2022.0,,,26.1
24373,2024,ARI,DB,FS,32.0,ACT,Joey Blount,Joey,Blount,1998-11-16,73.0,205,Virginia,00-0037141,4240824,6604be40-cd99-11ec-b94f-57e6927758e6,34388,16453,,BlouJo00,,8683,2,"https://static.www.nfl.com/image/upload/f_auto,q_auto/league/mdww14oey5xjsffhgbxx",,4,REG,A01,Joey,BLO578781,54819,3200424c-4f57-8781-bfd2-074996ef6b46,2022,2022.0,,,25.87
24374,2024,ARI,DB,FS,32.0,ACT,Joey Blount,Joey,Blount,1998-11-16,73.0,205,Virginia,00-0037141,4240824,6604be40-cd99-11ec-b94f-57e6927758e6,34388,16453,,BlouJo00,,8683,2,"https://static.www.nfl.com/image/upload/f_auto,q_auto/league/mdww14oey5xjsffhgbxx",,3,REG,A01,Joey,BLO578781,54819,3200424c-4f57-8781-bfd2-074996ef6b46,2022,2022.0,,,25.851
24375,2024,ARI,DB,FS,32.0,ACT,Joey Blount,Joey,Blount,1998-11-16,73.0,205,Virginia,00-0037141,4240824,6604be40-cd99-11ec-b94f-57e6927758e6,34388,16453,,BlouJo00,,8683,2,"https://static.www.nfl.com/image/upload/f_auto,q_auto/league/mdww14oey5xjsffhgbxx",MLB,13,REG,A01,Joey,BLO578781,54819,3200424c-4f57-8781-bfd2-074996ef6b46,2022,2022.0,,,26.042
24376,2024,ARI,DB,FS,32.0,ACT,Joey Blount,Joey,Blount,1998-11-16,73.0,205,Virginia,00-0037141,4240824,6604be40-cd99-11ec-b94f-57e6927758e6,34388,16453,,BlouJo00,,8683,2,"https://static.www.nfl.com/image/upload/f_auto,q_auto/league/mdww14oey5xjsffhgbxx",,7,REG,A01,Joey,BLO578781,54819,3200424c-4f57-8781-bfd2-074996ef6b46,2022,2022.0,,,25.93
24408,2024,ARI,LB,ILB,27.0,INA,Vi Jones,Levi,Jones,1998-05-05,74.0,220,North Carolina State,00-0037153,4259636,94af02a0-cda8-11ec-b94f-57e6927758e6,,16648,,JoneVi00,,8691,2,"https://static.www.nfl.com/image/upload/f_auto,q_auto/league/wjf6ebr851i5xge1vte3",,18,REG,A01,Vi,JON579938,54831,32004a4f-4e57-9938-a557-9a859930c1bb,2022,2022.0,,,26.672
24487,2024,ARI,QB,QB,5.0,DEV,Anthony Brown,Anthony,Brown,1998-07-27,73.0,226,Oregon,00-0037175,4035312,16f9e1a0-c97e-11ec-a1a0-57a82b503f37,34389,16232,,BrowAn06,,8241,2,"https://static.www.nfl.com/image/private/f_auto,q_auto/league/wsbie1tqhz6uwtf49tmj",,10,REG,P01,Anthony,BRO260218,54853,32004252-4f26-0218-8fe2-72824b3fcbdd,2022,2022.0,,,26.292
24488,2024,ARI,QB,QB,5.0,DEV,Anthony Brown,Anthony,Brown,1998-07-27,73.0,226,Oregon,00-0037175,4035312,16f9e1a0-c97e-11ec-a1a0-57a82b503f37,34389,16232,,BrowAn06,,8241,2,"https://static.www.nfl.com/image/private/f_auto,q_auto/league/wsbie1tqhz6uwtf49tmj",,9,REG,P01,Anthony,BRO260218,54853,32004252-4f26-0218-8fe2-72824b3fcbdd,2022,2022.0,,,26.272
24489,2024,ARI,QB,QB,5.0,DEV,Anthony Brown,Anthony,Brown,1998-07-27,73.0,226,Oregon,00-0037175,4035312,16f9e1a0-c97e-11ec-a1a0-57a82b503f37,34389,16232,,BrowAn06,,8241,2,"https://static.www.nfl.com/image/private/f_auto,q_auto/league/wsbie1tqhz6uwtf49tmj",,17,REG,P01,Anthony,BRO260218,54853,32004252-4f26-0218-8fe2-72824b3fcbdd,2022,2022.0,,,26.423
24490,2024,ARI,QB,QB,5.0,DEV,Anthony Brown,Anthony,Brown,1998-07-27,73.0,226,Oregon,00-0037175,4035312,16f9e1a0-c97e-11ec-a1a0-57a82b503f37,34389,16232,,BrowAn06,,8241,2,"https://static.www.nfl.com/image/private/f_auto,q_auto/league/wsbie1tqhz6uwtf49tmj",,8,REG,P01,Anthony,BRO260218,54853,32004252-4f26-0218-8fe2-72824b3fcbdd,2022,2022.0,,,26.253
24491,2024,ARI,QB,QB,5.0,DEV,Anthony Brown,Anthony,Brown,1998-07-27,73.0,226,Oregon,00-0037175,4035312,16f9e1a0-c97e-11ec-a1a0-57a82b503f37,34389,16232,,BrowAn06,,8241,2,"https://static.www.nfl.com/image/private/f_auto,q_auto/league/wsbie1tqhz6uwtf49tmj",,18,REG,P01,Anthony,BRO260218,54853,32004252-4f26-0218-8fe2-72824b3fcbdd,2022,2022.0,,,26.445
24493,2024,ARI,QB,QB,5.0,DEV,Anthony Brown,Anthony,Brown,1998-07-27,73.0,226,Oregon,00-0037175,4035312,16f9e1a0-c97e-11ec-a1a0-57a82b503f37,34389,16232,,BrowAn06,,8241,2,"https://static.www.nfl.com/image/private/f_auto,q_auto/league/wsbie1tqhz6uwtf49tmj",,13,REG,P01,Anthony,BRO260218,54853,32004252-4f26-0218-8fe2-72824b3fcbdd,2022,2022.0,,,26.349
24494,2024,ARI,QB,QB,5.0,DEV,Anthony Brown,Anthony,Brown,1998-07-27,73.0,226,Oregon,00-0037175,4035312,16f9e1a0-c97e-11ec-a1a0-57a82b503f37,34389,16232,,BrowAn06,,8241,2,"https://static.www.nfl.com/image/private/f_auto,q_auto/league/wsbie1tqhz6uwtf49tmj",,15,REG,P01,Anthony,BRO260218,54853,32004252-4f26-0218-8fe2-72824b3fcbdd,2022,2022.0,,,26.387
24497,2024,ARI,QB,QB,5.0,DEV,Anthony Brown,Anthony,Brown,1998-07-27,73.0,226,Oregon,00-0037175,4035312,16f9e1a0-c97e-11ec-a1a0-57a82b503f37,34389,16232,,BrowAn06,,8241,2,"https://static.www.nfl.com/image/private/f_auto,q_auto/league/wsbie1tqhz6uwtf49tmj",,14,REG,P01,Anthony,BRO260218,54853,32004252-4f26-0218-8fe2-72824b3fcbdd,2022,2022.0,,,26.368
24498,2024,ARI,QB,QB,5.0,DEV,Anthony Brown,Anthony,Brown,1998-07-27,73.0,226,Oregon,00-0037175,4035312,16f9e1a0-c97e-11ec-a1a0-57a82b503f37,34389,16232,,BrowAn06,,8241,2,"https://static.www.nfl.com/image/private/f_auto,q_auto/league/wsbie1tqhz6uwtf49tmj",,12,REG,P01,Anthony,BRO260218,54853,32004252-4f26-0218-8fe2-72824b3fcbdd,2022,2022.0,,,26.33
24499,2024,ARI,QB,QB,5.0,DEV,Anthony Brown,Anthony,Brown,1998-07-27,73.0,226,Oregon,00-0037175,4035312,16f9e1a0-c97e-11ec-a1a0-57a82b503f37,34389,16232,,BrowAn06,,8241,2,"https://static.www.nfl.com/image/private/f_auto,q_auto/league/wsbie1tqhz6uwtf49tmj",,16,REG,P01,Anthony,BRO260218,54853,32004252-4f26-0218-8fe2-72824b3fcbdd,2022,2022.0,,,26.407
26087,2024,ARI,OL,T,71.0,DEV,Luke Tenuta,Luke,Tenuta,1999-09-01,80.0,322,Virginia Tech,00-0037305,,,,,,,,,2,"https://static.www.nfl.com/image/upload/f_auto,q_auto/league/psqtvbbtsc2k8ptfyrfo",,16,REG,P01,Luke,TEN675714,54674,32005445-4e67-5714-49e8-18b876a064eb,2022,2022.0,BUF,209.0,25.309
26088,2024,ARI,OL,T,71.0,DEV,Luke Tenuta,Luke,Tenuta,1999-09-01,80.0,322,Virginia Tech,00-0037305,,,,,,,,,2,"https://static.www.nfl.com/image/upload/f_auto,q_auto/league/psqtvbbtsc2k8ptfyrfo",,15,REG,P01,Luke,TEN675714,54674,32005445-4e67-5714-49e8-18b876a064eb,2022,2022.0,BUF,209.0,25.29
26089,2024,ARI,OL,T,71.0,DEV,Luke Tenuta,Luke,Tenuta,1999-09-01,80.0,322,Virginia Tech,00-0037305,,,,,,,,,2,"https://static.www.nfl.com/image/upload/f_auto,q_auto/league/psqtvbbtsc2k8ptfyrfo",,5,REG,P01,Luke,TEN675714,54674,32005445-4e67-5714-49e8-18b876a064eb,2022,2022.0,BUF,209.0,25.098
26090,2024,ARI,OL,T,71.0,INA,Luke Tenuta,Luke,Tenuta,1999-09-01,80.0,322,Virginia Tech,00-0037305,,,,,,,,,2,"https://static.www.nfl.com/image/upload/f_auto,q_auto/league/psqtvbbtsc2k8ptfyrfo",,18,REG,A01,Luke,TEN675714,54674,32005445-4e67-5714-49e8-18b876a064eb,2022,2022.0,BUF,209.0,25.347
26091,2024,ARI,OL,T,71.0,DEV,Luke Tenuta,Luke,Tenuta,1999-09-01,80.0,322,Virginia Tech,00-0037305,,,,,,,,,2,"https://static.www.nfl.com/image/upload/f_auto,q_auto/league/psqtvbbtsc2k8ptfyrfo",,10,REG,P01,Luke,TEN675714,54674,32005445-4e67-5714-49e8-18b876a064eb,2022,2022.0,BUF,209.0,25.194
26092,2024,ARI,OL,T,71.0,DEV,Luke Tenuta,Luke,Tenuta,1999-09-01,80.0,322,Virginia Tech,00-0037305,,,,,,,,,2,"https://static.www.nfl.com/image/upload/f_auto,q_auto/league/psqtvbbtsc2k8ptfyrfo",,8,REG,P01,Luke,TEN675714,54674,32005445-4e67-5714-49e8-18b876a064eb,2022,2022.0,BUF,209.0,25.155
26093,2024,ARI,OL,T,71.0,DEV,Luke Tenuta,Luke,Tenuta,1999-09-01,80.0,322,Virginia Tech,00-0037305,,,,,,,,,2,"https://static.www.nfl.com/image/upload/f_auto,q_auto/league/psqtvbbtsc2k8ptfyrfo",,9,REG,P01,Luke,TEN675714,54674,32005445-4e67-5714-49e8-18b876a064eb,2022,2022.0,BUF,209.0,25.175
26094,2024,ARI,OL,T,71.0,DEV,Luke Tenuta,Luke,Tenuta,1999-09-01,80.0,322,Virginia Tech,00-0037305,,,,,,,,,2,"https://static.www.nfl.com/image/upload/f_auto,q_auto/league/lolkphugms59hc7z1cof",,1,REG,P01,Luke,TEN675714,54674,32005445-4e67-5714-49e8-18b876a064eb,2022,2022.0,BUF,209.0,25.021
26095,2024,ARI,OL,T,71.0,DEV,Luke Tenuta,Luke,Tenuta,1999-09-01,80.0,322,Virginia Tech,00-0037305,,,,,,,,,2,"https://static.www.nfl.com/image/upload/f_auto,q_auto/league/psqtvbbtsc2k8ptfyrfo",,14,REG,P01,Luke,TEN675714,54674,32005445-4e67-5714-49e8-18b876a064eb,2022,2022.0,BUF,209.0,25.27
26096,2024,ARI,OL,T,71.0,DEV,Luke Tenuta,Luke,Tenuta,1999-09-01,80.0,322,Virginia Tech,00-0037305,,,,,,,,,2,"https://static.www.nfl.com/image/upload/f_auto,q_auto/league/psqtvbbtsc2k8ptfyrfo",,12,REG,P01,Luke,TEN675714,54674,32005445-4e67-5714-49e8-18b876a064eb,2022,2022.0,BUF,209.0,25.232
26097,2024,ARI,OL,T,71.0,DEV,Luke Tenuta,Luke,Tenuta,1999-09-01,80.0,322,Virginia Tech,00-0037305,,,,,,,,,2,"https://static.www.nfl.com/image/upload/f_auto,q_auto/league/lolkphugms59hc7z1cof",,2,REG,P01,Luke,TEN675714,54674,32005445-4e67-5714-49e8-18b876a064eb,2022,2022.0,BUF,209.0,25.04
26098,2024,ARI,OL,T,71.0,DEV,Luke Tenuta,Luke,Tenuta,1999-09-01,80.0,322,Virginia Tech,00-0037305,,,,,,,,,2,"https://static.www.nfl.com/image/upload/f_auto,q_auto/league/psqtvbbtsc2k8ptfyrfo",,13,REG,P01,Luke,TEN675714,54674,32005445-4e67-5714-49e8-18b876a064eb,2022,2022.0,BUF,209.0,25.251
26099,2024,ARI,OL,T,71.0,DEV,Luke Tenuta,Luke,Tenuta,1999-09-01,80.0,322,Virginia Tech,00-0037305,,,,,,,,,2,"https://static.www.nfl.com/image/upload/f_auto,q_auto/league/psqtvbbtsc2k8ptfyrfo",,17,REG,P01,Luke,TEN675714,54674,32005445-4e67-5714-49e8-18b876a064eb,2022,2022.0,BUF,209.0,25.325
26100,2024,ARI,OL,T,71.0,DEV,Luke Tenuta,Luke,Tenuta,1999-09-01,80.0,322,Virginia Tech,00-0037305,,,,,,,,,2,"https://static.www.nfl.com/image/upload/f_auto,q_auto/league/psqtvbbtsc2k8ptfyrfo",,7,REG,P01,Luke,TEN675714,54674,32005445-4e67-5714-49e8-18b876a064eb,2022,2022.0,BUF,209.0,25.139
26101,2024,ARI,OL,T,71.0,DEV,Luke Tenuta,Luke,Tenuta,1999-09-01,80.0,322,Virginia Tech,00-0037305,,,,,,,,,2,"https://static.www.nfl.com/image/upload/f_auto,q_auto/league/lolkphugms59hc7z1cof",,3,REG,P01,Luke,TEN675714,54674,32005445-4e67-5714-49e8-18b876a064eb,2022,2022.0,BUF,209.0,25.06
26102,2024,ARI,OL,T,71.0,DEV,Luke Tenuta,Luke,Tenuta,1999-09-01,80.0,322,Virginia Tech,00-0037305,,,,,,,,,2,"https://static.www.nfl.com/image/upload/f_auto,q_auto/league/lolkphugms59hc7z1cof",,4,REG,P01,Luke,TEN675714,54674,32005445-4e67-5714-49e8-18b876a064eb,2022,2022.0,BUF,209.0,25.079
26103,2024,ARI,OL,T,71.0,DEV,Luke Tenuta,Luke,Tenuta,1999-09-01,80.0,322,Virginia Tech,00-0037305,,,,,,,,,2,"https://static.www.nfl.com/image/upload/f_auto,q_auto/league/psqtvbbtsc2k8ptfyrfo",,6,REG,P01,Luke,TEN675714,54674,32005445-4e67-5714-49e8-18b876a064eb,2022,2022.0,BUF,209.0,25.117
26448,2024,ARI,LB,OLB,43.0,ACT,Jesse Luketa,Jesse,Luketa,1999-01-15,75.0,242,Penn State,00-0037330,4361419,0def3077-a774-45d7-aa2d-2a6d42f5a54b,34212,15960,,LukeJe00,,8322,2,"https://static.www.nfl.com/image/upload/f_auto,q_auto/league/ulrqjbgiw7ukufjd1yez",EDGE,10,REG,A01,Jesse,LUK662948,54721,32004c55-4b66-2948-8ef4-cc7583bab190,2022,2022.0,ARI,256.0,25.821
26449,2024,ARI,LB,OLB,43.0,INA,Jesse Luketa,Jesse,Luketa,1999-01-15,75.0,242,Penn State,00-0037330,4361419,0def3077-a774-45d7-aa2d-2a6d42f5a54b,34212,15960,,LukeJe00,,8322,2,"https://static.www.nfl.com/image/upload/f_auto,q_auto/league/ulrqjbgiw7ukufjd1yez",,4,REG,I01,Jesse,LUK662948,54721,32004c55-4b66-2948-8ef4-cc7583bab190,2022,2022.0,ARI,256.0,25.706
26450,2024,ARI,LB,OLB,43.0,ACT,Jesse Luketa,Jesse,Luketa,1999-01-15,75.0,242,Penn State,00-0037330,4361419,0def3077-a774-45d7-aa2d-2a6d42f5a54b,34212,15960,,LukeJe00,,8322,2,"https://static.www.nfl.com/image/upload/f_auto,q_auto/league/ulrqjbgiw7ukufjd1yez",EDGE,14,REG,A01,Jesse,LUK662948,54721,32004c55-4b66-2948-8ef4-cc7583bab190,2022,2022.0,ARI,256.0,25.897
26451,2024,ARI,LB,OLB,43.0,INA,Jesse Luketa,Jesse,Luketa,1999-01-15,75.0,242,Penn State,00-0037330,4361419,0def3077-a774-45d7-aa2d-2a6d42f5a54b,34212,15960,,LukeJe00,,8322,2,"https://static.www.nfl.com/image/upload/f_auto,q_auto/league/ulrqjbgiw7ukufjd1yez",,3,REG,I01,Jesse,LUK662948,54721,32004c55-4b66-2948-8ef4-cc7583bab190,2022,2022.0,ARI,256.0,25.687
26452,2024,ARI,LB,OLB,43.0,ACT,Jesse Luketa,Jesse,Luketa,1999-01-15,75.0,242,Penn State,00-0037330,4361419,0def3077-a774-45d7-aa2d-2a6d42f5a54b,34212,15960,,LukeJe00,,8322,2,"https://static.www.nfl.com/image/upload/f_auto,q_auto/league/ulrqjbgiw7ukufjd1yez",EDGE,12,REG,A01,Jesse,LUK662948,54721,32004c55-4b66-2948-8ef4-cc7583bab190,2022,2022.0,ARI,256.0,25.859
26453,2024,ARI,LB,OLB,43.0,RES,Jesse Luketa,Jesse,Luketa,1999-01-15,75.0,242,Penn State,00-0037330,4361419,0def3077-a774-45d7-aa2d-2a6d42f5a54b,34212,15960,,LukeJe00,,8322,2,"https://static.www.nfl.com/image/upload/f_auto,q_auto/league/ulrqjbgiw7ukufjd1yez",,18,REG,R01,Jesse,LUK662948,54721,32004c55-4b66-2948-8ef4-cc7583bab190,2022,2022.0,ARI,256.0,25.974
26454,2024,ARI,LB,OLB,43.0,ACT,Jesse Luketa,Jesse,Luketa,1999-01-15,75.0,242,Penn State,00-0037330,4361419,0def3077-a774-45d7-aa2d-2a6d42f5a54b,34212,15960,,LukeJe00,,8322,2,"https://static.www.nfl.com/image/upload/f_auto,q_auto/league/ulrqjbgiw7ukufjd1yez",EDGE,6,REG,A01,Jesse,LUK662948,54721,32004c55-4b66-2948-8ef4-cc7583bab190,2022,2022.0,ARI,256.0,25.744
26455,2024,ARI,LB,OLB,43.0,INA,Jesse Luketa,Jesse,Luketa,1999-01-15,75.0,242,Penn State,00-0037330,4361419,0def3077-a774-45d7-aa2d-2a6d42f5a54b,34212,15960,,LukeJe00,,8322,2,"https://static.www.nfl.com/image/upload/f_auto,q_auto/league/ulrqjbgiw7ukufjd1yez",,1,REG,I01,Jesse,LUK662948,54721,32004c55-4b66-2948-8ef4-cc7583bab190,2022,2022.0,ARI,256.0,25.648
26456,2024,ARI,LB,OLB,43.0,INA,Jesse Luketa,Jesse,Luketa,1999-01-15,75.0,242,Penn State,00-0037330,4361419,0def3077-a774-45d7-aa2d-2a6d42f5a54b,34212,15960,,LukeJe00,,8322,2,"https://static.www.nfl.com/image/upload/f_auto,q_auto/league/ulrqjbgiw7ukufjd1yez",,2,REG,I01,Jesse,LUK662948,54721,32004c55-4b66-2948-8ef4-cc7583bab190,2022,2022.0,ARI,256.0,25.667
26457,2024,ARI,LB,OLB,43.0,ACT,Jesse Luketa,Jesse,Luketa,1999-01-15,75.0,242,Penn State,00-0037330,4361419,0def3077-a774-45d7-aa2d-2a6d42f5a54b,34212,15960,,LukeJe00,,8322,2,"https://static.www.nfl.com/image/upload/f_auto,q_auto/league/ulrqjbgiw7ukufjd1yez",EDGE,8,REG,A01,Jesse,LUK662948,54721,32004c55-4b66-2948-8ef4-cc7583bab190,2022,2022.0,ARI,256.0,25.782
26458,2024,ARI,LB,OLB,43.0,ACT,Jesse Luketa,Jesse,Luketa,1999-01-15,75.0,242,Penn State,00-0037330,4361419,0def3077-a774-45d7-aa2d-2a6d42f5a54b,34212,15960,,LukeJe00,,8322,2,"https://static.www.nfl.com/image/upload/f_auto,q_auto/league/ulrqjbgiw7ukufjd1yez",EDGE,5,REG,A01,Jesse,LUK662948,54721,32004c55-4b66-2948-8ef4-cc7583bab190,2022,2022.0,ARI,256.0,25.725
26459,2024,ARI,LB,OLB,43.0,ACT,Jesse Luketa,Jesse,Luketa,1999-01-15,75.0,242,Penn State,00-0037330,4361419,0def3077-a774-45d7-aa2d-2a6d42f5a54b,34212,15960,,LukeJe00,,8322,2,"https://static.www.nfl.com/image/upload/f_auto,q_auto/league/ulrqjbgiw7ukufjd1yez",EDGE,7,REG,A01,Jesse,LUK662948,54721,32004c55-4b66-2948-8ef4-cc7583bab190,2022,2022.0,ARI,256.0,25.766
26460,2024,ARI,LB,OLB,43.0,RES,Jesse Luketa,Jesse,Luketa,1999-01-15,75.0,242,Penn State,00-0037330,4361419,0def3077-a774-45d7-aa2d-2a6d42f5a54b,34212,15960,,LukeJe00,,8322,2,"https://static.www.nfl.com/image/upload/f_auto,q_auto/league/ulrqjbgiw7ukufjd1yez",,16,REG,R01,Jesse,LUK662948,54721,32004c55-4b66-2948-8ef4-cc7583bab190,2022,2022.0,ARI,256.0,25.936
26461,2024,ARI,LB,OLB,43.0,ACT,Jesse Luketa,Jesse,Luketa,1999-01-15,75.0,242,Penn State,00-0037330,4361419,0def3077-a774-45d7-aa2d-2a6d42f5a54b,34212,15960,,LukeJe00,,8322,2,"https://static.www.nfl.com/image/upload/f_auto,q_auto/league/ulrqjbgiw7ukufjd1yez",SLOT_CB,15,REG,A01,Jesse,LUK662948,54721,32004c55-4b66-2948-8ef4-cc7583bab190,2022,2022.0,ARI,256.0,25.916
26462,2024,ARI,LB,OLB,43.0,RES,Jesse Luketa,Jesse,Luketa,1999-01-15,75.0,242,Penn State,00-0037330,4361419,0def3077-a774-45d7-aa2d-2a6d42f5a54b,34212,15960,,LukeJe00,,8322,2,"https://static.www.nfl.com/image/upload/f_auto,q_auto/league/ulrqjbgiw7ukufjd1yez",,17,REG,R01,Jesse,LUK662948,54721,32004c55-4b66-2948-8ef4-cc7583bab190,2022,2022.0,ARI,256.0,25.952
26463,2024,ARI,LB,OLB,43.0,ACT,Jesse Luketa,Jesse,Luketa,1999-01-15,75.0,242,Penn State,00-0037330,4361419,0def3077-a774-45d7-aa2d-2a6d42f5a54b,34212,15960,,LukeJe00,,8322,2,"https://static.www.nfl.com/image/upload/f_auto,q_auto/league/ulrqjbgiw7ukufjd1yez",EDGE,13,REG,A01,Jesse,LUK662948,54721,32004c55-4b66-2948-8ef4-cc7583bab190,2022,2022.0,ARI,256.0,25.878
26464,2024,ARI,LB,OLB,43.0,ACT,Jesse Luketa,Jesse,Luketa,1999-01-15,75.0,242,Penn State,00-0037330,4361419,0def3077-a774-45d7-aa2d-2a6d42f5a54b,34212,15960,,LukeJe00,,8322,2,"https://static.www.nfl.com/image/upload/f_auto,q_auto/league/ulrqjbgiw7ukufjd1yez",EDGE,9,REG,A01,Jesse,LUK662948,54721,32004c55-4b66-2948-8ef4-cc7583bab190,2022,2022.0,ARI,256.0,25.802
26577,2024,ARI,DB,SS,35.0,CUT,Verone McKinley III,Verone,McKinley,1999-06-29,71.0,194,Oregon,00-0037354,4360692,d9240630-d3b9-11ec-96a0-c3471a31202c,34532,16167,,McKiVe00,,8353,2,"https://static.www.nfl.com/image/private/f_auto,q_auto/league/sprd4h52ptu6m8ymdtyt",,1,REG,W03,Verone,MCK429926,54937,32004d43-4b42-9926-d001-90026a32892c,2022,2022.0,,,25.196
26588,2024,ARI,DL,DT,56.0,DEV,Ben Stille,Ben,Stille,1997-11-12,76.0,293,Nebraska,00-0037356,4034861,7a46ff50-d3b4-11ec-96a0-c3471a31202c,34537,16241,,StilBe00,,8850,2,"https://static.www.nfl.com/image/upload/f_auto,q_auto/league/deyaszug78obvfjr5vyy",,13,REG,P01,Ben,STI399952,54939,32005354-4939-9952-cb4a-e35a8aabba15,2022,2022.0,,,27.053
26589,2024,ARI,DL,DT,56.0,DEV,Ben Stille,Ben,Stille,1997-11-12,76.0,293,Nebraska,00-0037356,4034861,7a46ff50-d3b4-11ec-96a0-c3471a31202c,34537,16241,,StilBe00,,8850,2,"https://static.www.nfl.com/image/upload/f_auto,q_auto/league/deyaszug78obvfjr5vyy",,6,REG,P01,Ben,STI399952,54939,32005354-4939-9952-cb4a-e35a8aabba15,2022,2022.0,,,26.919
26590,2024,ARI,DL,DT,56.0,DEV,Ben Stille,Ben,Stille,1997-11-12,76.0,293,Nebraska,00-0037356,4034861,7a46ff50-d3b4-11ec-96a0-c3471a31202c,34537,16241,,StilBe00,,8850,2,"https://static.www.nfl.com/image/upload/f_auto,q_auto/league/deyaszug78obvfjr5vyy",,5,REG,P01,Ben,STI399952,54939,32005354-4939-9952-cb4a-e35a8aabba15,2022,2022.0,,,26.899
26591,2024,ARI,DL,DT,90.0,DEV,Ben Stille,Ben,Stille,1997-11-12,76.0,293,Nebraska,00-0037356,4034861,7a46ff50-d3b4-11ec-96a0-c3471a31202c,34537,16241,,StilBe00,,8850,2,"https://static.www.nfl.com/image/upload/f_auto,q_auto/league/deyaszug78obvfjr5vyy",,10,REG,P01,Ben,STI399952,54939,32005354-4939-9952-cb4a-e35a8aabba15,2022,2022.0,,,26.995
26593,2024,ARI,DL,DT,90.0,ACT,Ben Stille,Ben,Stille,1997-11-12,76.0,293,Nebraska,00-0037356,4034861,7a46ff50-d3b4-11ec-96a0-c3471a31202c,34537,16241,,StilBe00,,8850,2,"https://static.www.nfl.com/image/upload/f_auto,q_auto/league/deyaszug78obvfjr5vyy",INTERIOR_LINE,8,REG,A01,Ben,STI399952,54939,32005354-4939-9952-cb4a-e35a8aabba15,2022,2022.0,,,26.957
26594,2024,ARI,DL,DT,56.0,DEV,Ben Stille,Ben,Stille,1997-11-12,76.0,293,Nebraska,00-0037356,4034861,7a46ff50-d3b4-11ec-96a0-c3471a31202c,34537,16241,,StilBe00,,8850,2,"https://static.www.nfl.com/image/upload/f_auto,q_auto/league/deyaszug78obvfjr5vyy",,12,REG,P01,Ben,STI399952,54939,32005354-4939-9952-cb4a-e35a8aabba15,2022,2022.0,,,27.034
26595,2024,ARI,DL,DT,56.0,DEV,Ben Stille,Ben,Stille,1997-11-12,76.0,293,Nebraska,00-0037356,4034861,7a46ff50-d3b4-11ec-96a0-c3471a31202c,34537,16241,,StilBe00,,8850,2,"https://static.www.nfl.com/image/upload/f_auto,q_auto/league/deyaszug78obvfjr5vyy",,14,REG,P01,Ben,STI399952,54939,32005354-4939-9952-cb4a-e35a8aabba15,2022,2022.0,,,27.072
26597,2024,ARI,DL,DT,56.0,DEV,Ben Stille,Ben,Stille,1997-11-12,76.0,293,Nebraska,00-0037356,4034861,7a46ff50-d3b4-11ec-96a0-c3471a31202c,34537,16241,,StilBe00,,8850,2,"https://static.www.nfl.com/image/upload/f_auto,q_auto/league/deyaszug78obvfjr5vyy",,16,REG,P01,Ben,STI399952,54939,32005354-4939-9952-cb4a-e35a8aabba15,2022,2022.0,,,27.11
26598,2024,ARI,DL,DT,90.0,ACT,Ben Stille,Ben,Stille,1997-11-12,76.0,293,Nebraska,00-0037356,4034861,7a46ff50-d3b4-11ec-96a0-c3471a31202c,34537,16241,,StilBe00,,8850,2,"https://static.www.nfl.com/image/upload/f_auto,q_auto/league/deyaszug78obvfjr5vyy",INTERIOR_LINE,7,REG,A01,Ben,STI399952,54939,32005354-4939-9952-cb4a-e35a8aabba15,2022,2022.0,,,26.94
26601,2024,ARI,DL,DT,56.0,DEV,Ben Stille,Ben,Stille,1997-11-12,76.0,293,Nebraska,00-0037356,4034861,7a46ff50-d3b4-11ec-96a0-c3471a31202c,34537,16241,,StilBe00,,8850,2,"https://static.www.nfl.com/image/upload/f_auto,q_auto/league/deyaszug78obvfjr5vyy",,18,REG,P01,Ben,STI399952,54939,32005354-4939-9952-cb4a-e35a8aabba15,2022,2022.0,,,27.149
26602,2024,ARI,DL,DT,90.0,ACT,Ben Stille,Ben,Stille,1997-11-12,76.0,293,Nebraska,00-0037356,4034861,7a46ff50-d3b4-11ec-96a0-c3471a31202c,34537,16241,,StilBe00,,8850,2,"https://static.www.nfl.com/image/upload/f_auto,q_auto/league/deyaszug78obvfjr5vyy",INTERIOR_LINE,9,REG,A01,Ben,STI399952,54939,32005354-4939-9952-cb4a-e35a8aabba15,2022,2022.0,,,26.976
26603,2024,ARI,DL,DT,56.0,DEV,Ben Stille,Ben,Stille,1997-11-12,76.0,293,Nebraska,00-0037356,4034861,7a46ff50-d3b4-11ec-96a0-c3471a31202c,34537,16241,,StilBe00,,8850,2,"https://static.www.nfl.com/image/upload/f_auto,q_auto/league/deyaszug78obvfjr5vyy",,15,REG,P01,Ben,STI399952,54939,32005354-4939-9952-cb4a-e35a8aabba15,2022,2022.0,,,27.091
26604,2024,ARI,DL,DT,56.0,DEV,Ben Stille,Ben,Stille,1997-11-12,76.0,293,Nebraska,00-0037356,4034861,7a46ff50-d3b4-11ec-96a0-c3471a31202c,34537,16241,,StilBe00,,8850,2,"https://static.www.nfl.com/image/upload/f_auto,q_auto/league/deyaszug78obvfjr5vyy",,17,REG,P01,Ben,STI399952,54939,32005354-4939-9952-cb4a-e35a8aabba15,2022,2022.0,,,27.127
26916,2024,ARI,DB,CB,38.0,CUT,Delonte Hood,Delonte,Hood,2000-10-17,72.0,185,Peru State,00-0037418,,,,,,,,,2,"https://static.www.nfl.com/image/private/f_auto,q_auto/league/fcne20tvqcantqpdvoxw",,1,REG,W03,Delonte,HOO040202,55003,3200484f-4f04-0202-7faf-14cf94d8f22a,2022,2022.0,,,23.893
27174,2024,ARI,LB,LB,58.0,CUT,Tyreek Maddox-Williams,Tyreek,Maddox-Williams,1997-10-28,72.0,235,Rutgers,00-0037469,,,,,,,,,2,"https://static.www.nfl.com/image/upload/f_auto,q_auto/league/ykq7pksgncim43ktn8vx",,1,REG,W03,Tyreek,MAD479435,55055,32004d41-4447-9435-f38a-ee957d5fae6b,2022,2022.0,,,26.864
28208,2024,ARI,LB,OLB,49.0,INA,Benton Whitley,Benton,Whitley,1999-02-12,76.0,250,Holy Cross,00-0037638,,,,,,,,,2,"https://static.www.nfl.com/image/upload/f_auto,q_auto/league/lnwop9j4lzeq8rfxzspx",,18,REG,A01,Benton,WHI664905,55217,32005748-4966-4905-2560-36bcd3e2e369,2022,2022.0,,,25.897
28209,2024,ARI,LB,OLB,49.0,INA,Benton Whitley,Benton,Whitley,1999-02-12,76.0,250,Holy Cross,00-0037638,,,,,,,,,2,"https://static.www.nfl.com/image/upload/f_auto,q_auto/league/lnwop9j4lzeq8rfxzspx",,17,REG,A01,Benton,WHI664905,55217,32005748-4966-4905-2560-36bcd3e2e369,2022,2022.0,,,25.875
28498,2024,ARI,TE,TE,85.0,ACT,Trey McBride,Trey,McBride,1999-11-22,76.0,245,Colorado State,00-0037744,4361307,734d54cc-c869-4e2f-a60f-c59c493f5110,34010,15902,,McBrTr01,,8130,2,"https://static.www.nfl.com/image/upload/f_auto,q_auto/league/hfdgljgi9gfaskomdl1h",TE,3,REG,A01,Trey,MCB743360,54520,32004d43-4274-3360-cc50-43990383247d,2022,2022.0,ARI,55.0,24.835
28499,2024,ARI,TE,TE,85.0,ACT,Trey McBride,Trey,McBride,1999-11-22,76.0,245,Colorado State,00-0037744,4361307,734d54cc-c869-4e2f-a60f-c59c493f5110,34010,15902,,McBrTr01,,8130,2,"https://static.www.nfl.com/image/upload/f_auto,q_auto/league/hfdgljgi9gfaskomdl1h",TE,7,REG,A01,Trey,MCB743360,54520,32004d43-4274-3360-cc50-43990383247d,2022,2022.0,ARI,55.0,24.914
28500,2024,ARI,TE,TE,85.0,ACT,Trey McBride,Trey,McBride,1999-11-22,76.0,245,Colorado State,00-0037744,4361307,734d54cc-c869-4e2f-a60f-c59c493f5110,34010,15902,,McBrTr01,,8130,2,"https://static.www.nfl.com/image/upload/f_auto,q_auto/league/hfdgljgi9gfaskomdl1h",TE,10,REG,A01,Trey,MCB743360,54520,32004d43-4274-3360-cc50-43990383247d,2022,2022.0,ARI,55.0,24.969
28501,2024,ARI,TE,TE,85.0,ACT,Trey McBride,Trey,McBride,1999-11-22,76.0,245,Colorado State,00-0037744,4361307,734d54cc-c869-4e2f-a60f-c59c493f5110,34010,15902,,McBrTr01,,8130,2,"https://static.www.nfl.com/image/upload/f_auto,q_auto/league/hfdgljgi9gfaskomdl1h",TE,13,REG,A01,Trey,MCB743360,54520,32004d43-4274-3360-cc50-43990383247d,2022,2022.0,ARI,55.0,25.027
28502,2024,ARI,TE,TE,85.0,ACT,Trey McBride,Trey,McBride,1999-11-22,76.0,245,Colorado State,00-0037744,4361307,734d54cc-c869-4e2f-a60f-c59c493f5110,34010,15902,,McBrTr01,,8130,2,"https://static.www.nfl.com/image/upload/f_auto,q_auto/league/hfdgljgi9gfaskomdl1h",TE,14,REG,A01,Trey,MCB743360,54520,32004d43-4274-3360-cc50-43990383247d,2022,2022.0,ARI,55.0,25.046
28503,2024,ARI,TE,TE,85.0,ACT,Trey McBride,Trey,McBride,1999-11-22,76.0,245,Colorado State,00-0037744,4361307,734d54cc-c869-4e2f-a60f-c59c493f5110,34010,15902,,McBrTr01,,8130,2,"https://static.www.nfl.com/image/upload/f_auto,q_auto/league/hfdgljgi9gfaskomdl1h",TE,17,REG,A01,Trey,MCB743360,54520,32004d43-4274-3360-cc50-43990383247d,2022,2022.0,ARI,55.0,25.101
28504,2024,ARI,TE,TE,85.0,ACT,Trey McBride,Trey,McBride,1999-11-22,76.0,245,Colorado State,00-0037744,4361307,734d54cc-c869-4e2f-a60f-c59c493f5110,34010,15902,,McBrTr01,,8130,2,"https://static.www.nfl.com/image/upload/f_auto,q_auto/league/hfdgljgi9gfaskomdl1h",TE,16,REG,A01,Trey,MCB743360,54520,32004d43-4274-3360-cc50-43990383247d,2022,2022.0,ARI,55.0,25.084
28505,2024,ARI,TE,TE,85.0,ACT,Trey McBride,Trey,McBride,1999-11-22,76.0,245,Colorado State,00-0037744,4361307,734d54cc-c869-4e2f-a60f-c59c493f5110,34010,15902,,McBrTr01,,8130,2,"https://static.www.nfl.com/image/upload/f_auto,q_auto/league/hfdgljgi9gfaskomdl1h",TE,1,REG,A01,Trey,MCB743360,54520,32004d43-4274-3360-cc50-43990383247d,2022,2022.0,ARI,55.0,24.797
28506,2024,ARI,TE,TE,85.0,ACT,Trey McBride,Trey,McBride,1999-11-22,76.0,245,Colorado State,00-0037744,4361307,734d54cc-c869-4e2f-a60f-c59c493f5110,34010,15902,,McBrTr01,,8130,2,"https://static.www.nfl.com/image/upload/f_auto,q_auto/league/hfdgljgi9gfaskomdl1h",TE,2,REG,A01,Trey,MCB743360,54520,32004d43-4274-3360-cc50-43990383247d,2022,2022.0,ARI,55.0,24.816
28507,2024,ARI,TE,TE,85.0,ACT,Trey McBride,Trey,McBride,1999-11-22,76.0,245,Colorado State,00-0037744,4361307,734d54cc-c869-4e2f-a60f-c59c493f5110,34010,15902,,McBrTr01,,8130,2,"https://static.www.nfl.com/image/upload/f_auto,q_auto/league/hfdgljgi9gfaskomdl1h",TE,5,REG,A01,Trey,MCB743360,54520,32004d43-4274-3360-cc50-43990383247d,2022,2022.0,ARI,55.0,24.873
28508,2024,ARI,TE,TE,85.0,ACT,Trey McBride,Trey,McBride,1999-11-22,76.0,245,Colorado State,00-0037744,4361307,734d54cc-c869-4e2f-a60f-c59c493f5110,34010,15902,,McBrTr01,,8130,2,"https://static.www.nfl.com/image/upload/f_auto,q_auto/league/hfdgljgi9gfaskomdl1h",TE,8,REG,A01,Trey,MCB743360,54520,32004d43-4274-3360-cc50-43990383247d,2022,2022.0,ARI,55.0,24.931
28509,2024,ARI,TE,TE,85.0,ACT,Trey McBride,Trey,McBride,1999-11-22,76.0,245,Colorado State,00-0037744,4361307,734d54cc-c869-4e2f-a60f-c59c493f5110,34010,15902,,McBrTr01,,8130,2,"https://static.www.nfl.com/image/upload/f_auto,q_auto/league/hfdgljgi9gfaskomdl1h",SLOT_WR,12,REG,A01,Trey,MCB743360,54520,32004d43-4274-3360-cc50-43990383247d,2022,2022.0,ARI,55.0,25.008
28510,2024,ARI,TE,TE,85.0,ACT,Trey McBride,Trey,McBride,1999-11-22,76.0,245,Colorado State,00-0037744,4361307,734d54cc-c869-4e2f-a60f-c59c493f5110,34010,15902,,McBrTr01,,8130,2,"https://static.www.nfl.com/image/upload/f_auto,q_auto/league/hfdgljgi9gfaskomdl1h",TE,9,REG,A01,Trey,MCB743360,54520,32004d43-4274-3360-cc50-43990383247d,2022,2022.0,ARI,55.0,24.95
28511,2024,ARI,TE,TE,85.0,ACT,Trey McBride,Trey,McBride,1999-11-22,76.0,245,Colorado State,00-0037744,4361307,734d54cc-c869-4e2f-a60f-c59c493f5110,34010,15902,,McBrTr01,,8130,2,"https://static.www.nfl.com/image/upload/f_auto,q_auto/league/hfdgljgi9gfaskomdl1h",TE,15,REG,A01,Trey,MCB743360,54520,32004d43-4274-3360-cc50-43990383247d,2022,2022.0,ARI,55.0,25.065
28512,2024,ARI,TE,TE,85.0,ACT,Trey McBride,Trey,McBride,1999-11-22,76.0,245,Colorado State,00-0037744,4361307,734d54cc-c869-4e2f-a60f-c59c493f5110,34010,15902,,McBrTr01,,8130,2,"https://static.www.nfl.com/image/upload/f_auto,q_auto/league/hfdgljgi9gfaskomdl1h",SLOT_WR,6,REG,A01,Trey,MCB743360,54520,32004d43-4274-3360-cc50-43990383247d,2022,2022.0,ARI,55.0,24.893
28513,2024,ARI,TE,TE,85.0,INA,Trey McBride,Trey,McBride,1999-11-22,76.0,245,Colorado State,00-0037744,4361307,734d54cc-c869-4e2f-a60f-c59c493f5110,34010,15902,,McBrTr01,,8130,2,"https://static.www.nfl.com/image/upload/f_auto,q_auto/league/hfdgljgi9gfaskomdl1h",,4,REG,I01,Trey,MCB743360,54520,32004d43-4274-3360-cc50-43990383247d,2022,2022.0,ARI,55.0,24.854
28514,2024,ARI,TE,TE,85.0,ACT,Trey McBride,Trey,McBride,1999-11-22,76.0,245,Colorado State,00-0037744,4361307,734d54cc-c869-4e2f-a60f-c59c493f5110,34010,15902,,McBrTr01,,8130,2,"https://static.www.nfl.com/image/upload/f_auto,q_auto/league/hfdgljgi9gfaskomdl1h",TE,18,REG,A01,Trey,MCB743360,54520,32004d43-4274-3360-cc50-43990383247d,2022,2022.0,ARI,55.0,25.123
28577,2024,ARI,OL,G,78.0,DEV,Marquis Hayes,Marquis,Hayes,1999-02-14,77.0,324,Oklahoma,00-0037748,,,,,,,,,2,"https://static.www.nfl.com/image/private/f_auto,q_auto/league/yvwrtyodxsqbsduru5o6",,2,REG,P01,Marquis,HAY323815,54722,32004841-5932-3815-9ea9-e4ca926aef08,2022,2022.0,ARI,257.0,25.585
28578,2024,ARI,OL,G,78.0,DEV,Marquis Hayes,Marquis,Hayes,1999-02-14,77.0,324,Oklahoma,00-0037748,,,,,,,,,2,"https://static.www.nfl.com/image/private/f_auto,q_auto/league/yvwrtyodxsqbsduru5o6",,1,REG,P01,Marquis,HAY323815,54722,32004841-5932-3815-9ea9-e4ca926aef08,2022,2022.0,ARI,257.0,25.566
28584,2024,ARI,OL,G,78.0,CUT,Marquis Hayes,Marquis,Hayes,1999-02-14,77.0,324,Oklahoma,00-0037748,,,,,,,,,2,"https://static.www.nfl.com/image/private/f_auto,q_auto/league/yvwrtyodxsqbsduru5o6",,3,REG,P01,Marquis,HAY323815,54722,32004841-5932-3815-9ea9-e4ca926aef08,2022,2022.0,ARI,257.0,25.604
29443,2024,ARI,DB,FS,28.0,DEV,Russ Yeast,Craig,Yeast,1999-05-08,70.0,195,Kansas State,00-0037844,4240071,76ba8d1b-2bf2-4fa0-82aa-29a2a488cbae,34209,16295,,YeasRu00,,8510,2,"https://static.www.nfl.com/image/upload/f_auto,q_auto/league/g1uiqk3r9wklilsiqblg",,10,REG,P06,Russ,YEA525112,54718,32005945-4152-5112-3001-0e8ff46b01f3,2022,2022.0,LA,253.0,25.511
30130,2024,ARI,QB,QB,19.0,DEV,Desmond Ridder,Desmond,Ridder,1999-08-31,75.0,215,Cincinnati,00-0038122,4239086,6bf35760-217c-401d-b80b-2ae7cc5d7564,34030,15928,,RiddDe00,,8159,2,"https://static.www.nfl.com/image/upload/f_auto,q_auto/league/rhpusa7pfgd82d9ui6y7",,5,REG,P06,Desmond,RID080474,54539,32005249-4408-0474-6bc7-b6ac95881989,2022,2022.0,ATL,74.0,25.101
30132,2024,ARI,QB,QB,19.0,DEV,Desmond Ridder,Desmond,Ridder,1999-08-31,75.0,215,Cincinnati,00-0038122,4239086,6bf35760-217c-401d-b80b-2ae7cc5d7564,34030,15928,,RiddDe00,,8159,2,"https://static.www.nfl.com/image/upload/f_auto,q_auto/league/rhpusa7pfgd82d9ui6y7",,3,REG,P06,Desmond,RID080474,54539,32005249-4408-0474-6bc7-b6ac95881989,2022,2022.0,ATL,74.0,25.062
30134,2024,ARI,QB,QB,19.0,DEV,Desmond Ridder,Desmond,Ridder,1999-08-31,75.0,215,Cincinnati,00-0038122,4239086,6bf35760-217c-401d-b80b-2ae7cc5d7564,34030,15928,,RiddDe00,,8159,2,"https://static.www.nfl.com/image/upload/f_auto,q_auto/league/rhpusa7pfgd82d9ui6y7",,2,REG,P06,Desmond,RID080474,54539,32005249-4408-0474-6bc7-b6ac95881989,2022,2022.0,ATL,74.0,25.043
30136,2024,ARI,QB,QB,19.0,DEV,Desmond Ridder,Desmond,Ridder,1999-08-31,75.0,215,Cincinnati,00-0038122,4239086,6bf35760-217c-401d-b80b-2ae7cc5d7564,34030,15928,,RiddDe00,,8159,2,"https://static.www.nfl.com/image/upload/f_auto,q_auto/league/rhpusa7pfgd82d9ui6y7",,7,REG,P06,Desmond,RID080474,54539,32005249-4408-0474-6bc7-b6ac95881989,2022,2022.0,ATL,74.0,25.142
30141,2024,ARI,QB,QB,19.0,DEV,Desmond Ridder,Desmond,Ridder,1999-08-31,75.0,215,Cincinnati,00-0038122,4239086,6bf35760-217c-401d-b80b-2ae7cc5d7564,34030,15928,,RiddDe00,,8159,2,"https://static.www.nfl.com/image/upload/f_auto,q_auto/league/rhpusa7pfgd82d9ui6y7",,6,REG,P06,Desmond,RID080474,54539,32005249-4408-0474-6bc7-b6ac95881989,2022,2022.0,ATL,74.0,25.12
30142,2024,ARI,QB,QB,19.0,DEV,Desmond Ridder,Desmond,Ridder,1999-08-31,75.0,215,Cincinnati,00-0038122,4239086,6bf35760-217c-401d-b80b-2ae7cc5d7564,34030,15928,,RiddDe00,,8159,2,"https://static.www.nfl.com/image/upload/f_auto,q_auto/league/rhpusa7pfgd82d9ui6y7",,4,REG,P06,Desmond,RID080474,54539,32005249-4408-0474-6bc7-b6ac95881989,2022,2022.0,ATL,74.0,25.081
30145,2024,ARI,QB,QB,19.0,DEV,Desmond Ridder,Desmond,Ridder,1999-08-31,75.0,215,Cincinnati,00-0038122,4239086,6bf35760-217c-401d-b80b-2ae7cc5d7564,34030,15928,,RiddDe00,,8159,2,"https://static.www.nfl.com/image/upload/f_auto,q_auto/league/rhpusa7pfgd82d9ui6y7",,1,REG,P06,Desmond,RID080474,54539,32005249-4408-0474-6bc7-b6ac95881989,2022,2022.0,ATL,74.0,25.024
30447,2024,ARI,WR,WR,86.0,CUT,Daylen Baldwin,Daylen,Baldwin,1999-11-24,74.0,219,Michigan,00-0038147,4262900,bdfc7130-1351-11ed-9aaa-89106bfa2f85,34713,16169,,BaldDa01,,8928,2,"https://static.www.nfl.com/image/private/f_auto,q_auto/league/azk4fbf1r56sykzhjcku",,1,REG,W03,Daylen,BAL305182,55503,32004241-4c30-5182-cce9-a43158f7cd58,2022,2022.0,,,24.791
31302,2024,ARI,TE,TE,81.0,INA,Travis Vokolek,Travis,Vokolek,1998-06-04,78.0,260,Nebraska,00-0038456,4259324,1d1eb430-f01e-11ed-97df-a94b89ac5704,40643,16746,,,,11381,1,"https://static.www.nfl.com/image/upload/f_auto,q_auto/league/mal1tphcdcbbxm75jyun",,14,REG,A01,Travis,VOK426541,56207,3200564f-4b42-6541-c240-cd2c6860827b,2023,2023.0,,,26.513
31303,2024,ARI,TE,TE,81.0,INA,Travis Vokolek,Travis,Vokolek,1998-06-04,78.0,260,Nebraska,00-0038456,4259324,1d1eb430-f01e-11ed-97df-a94b89ac5704,40643,16746,,,,11381,1,"https://static.www.nfl.com/image/upload/f_auto,q_auto/league/mal1tphcdcbbxm75jyun",,10,REG,A01,Travis,VOK426541,56207,3200564f-4b42-6541-c240-cd2c6860827b,2023,2023.0,,,26.437
31304,2024,ARI,TE,TE,81.0,INA,Travis Vokolek,Travis,Vokolek,1998-06-04,78.0,260,Nebraska,00-0038456,4259324,1d1eb430-f01e-11ed-97df-a94b89ac5704,40643,16746,,,,11381,1,"https://static.www.nfl.com/image/upload/f_auto,q_auto/league/mal1tphcdcbbxm75jyun",,17,REG,A01,Travis,VOK426541,56207,3200564f-4b42-6541-c240-cd2c6860827b,2023,2023.0,,,26.568
31305,2024,ARI,TE,TE,81.0,INA,Travis Vokolek,Travis,Vokolek,1998-06-04,78.0,260,Nebraska,00-0038456,4259324,1d1eb430-f01e-11ed-97df-a94b89ac5704,40643,16746,,,,11381,1,"https://static.www.nfl.com/image/upload/f_auto,q_auto/league/mal1tphcdcbbxm75jyun",,8,REG,I01,Travis,VOK426541,56207,3200564f-4b42-6541-c240-cd2c6860827b,2023,2023.0,,,26.398
31306,2024,ARI,TE,TE,81.0,INA,Travis Vokolek,Travis,Vokolek,1998-06-04,78.0,260,Nebraska,00-0038456,4259324,1d1eb430-f01e-11ed-97df-a94b89ac5704,40643,16746,,,,11381,1,"https://static.www.nfl.com/image/upload/f_auto,q_auto/league/mal1tphcdcbbxm75jyun",,13,REG,A01,Travis,VOK426541,56207,3200564f-4b42-6541-c240-cd2c6860827b,2023,2023.0,,,26.494
31307,2024,ARI,TE,TE,81.0,INA,Travis Vokolek,Travis,Vokolek,1998-06-04,78.0,260,Nebraska,00-0038456,4259324,1d1eb430-f01e-11ed-97df-a94b89ac5704,40643,16746,,,,11381,1,"https://static.www.nfl.com/image/upload/f_auto,q_auto/league/mal1tphcdcbbxm75jyun",,3,REG,I01,Travis,VOK426541,56207,3200564f-4b42-6541-c240-cd2c6860827b,2023,2023.0,,,26.303
31308,2024,ARI,TE,TE,81.0,INA,Travis Vokolek,Travis,Vokolek,1998-06-04,78.0,260,Nebraska,00-0038456,4259324,1d1eb430-f01e-11ed-97df-a94b89ac5704,40643,16746,,,,11381,1,"https://static.www.nfl.com/image/upload/f_auto,q_auto/league/mal1tphcdcbbxm75jyun",,7,REG,A01,Travis,VOK426541,56207,3200564f-4b42-6541-c240-cd2c6860827b,2023,2023.0,,,26.382
31309,2024,ARI,TE,TE,81.0,INA,Travis Vokolek,Travis,Vokolek,1998-06-04,78.0,260,Nebraska,00-0038456,4259324,1d1eb430-f01e-11ed-97df-a94b89ac5704,40643,16746,,,,11381,1,"https://static.www.nfl.com/image/upload/f_auto,q_auto/league/mal1tphcdcbbxm75jyun",,5,REG,I01,Travis,VOK426541,56207,3200564f-4b42-6541-c240-cd2c6860827b,2023,2023.0,,,26.341
31310,2024,ARI,TE,TE,81.0,INA,Travis Vokolek,Travis,Vokolek,1998-06-04,78.0,260,Nebraska,00-0038456,4259324,1d1eb430-f01e-11ed-97df-a94b89ac5704,40643,16746,,,,11381,1,"https://static.www.nfl.com/image/upload/f_auto,q_auto/league/mal1tphcdcbbxm75jyun",,6,REG,I01,Travis,VOK426541,56207,3200564f-4b42-6541-c240-cd2c6860827b,2023,2023.0,,,26.36
31311,2024,ARI,TE,TE,81.0,INA,Travis Vokolek,Travis,Vokolek,1998-06-04,78.0,260,Nebraska,00-0038456,4259324,1d1eb430-f01e-11ed-97df-a94b89ac5704,40643,16746,,,,11381,1,"https://static.www.nfl.com/image/upload/f_auto,q_auto/league/mal1tphcdcbbxm75jyun",,1,REG,I01,Travis,VOK426541,56207,3200564f-4b42-6541-c240-cd2c6860827b,2023,2023.0,,,26.264
31312,2024,ARI,TE,TE,81.0,INA,Travis Vokolek,Travis,Vokolek,1998-06-04,78.0,260,Nebraska,00-0038456,4259324,1d1eb430-f01e-11ed-97df-a94b89ac5704,40643,16746,,,,11381,1,"https://static.www.nfl.com/image/upload/f_auto,q_auto/league/mal1tphcdcbbxm75jyun",,2,REG,I01,Travis,VOK426541,56207,3200564f-4b42-6541-c240-cd2c6860827b,2023,2023.0,,,26.283
31313,2024,ARI,TE,TE,81.0,INA,Travis Vokolek,Travis,Vokolek,1998-06-04,78.0,260,Nebraska,00-0038456,4259324,1d1eb430-f01e-11ed-97df-a94b89ac5704,40643,16746,,,,11381,1,"https://static.www.nfl.com/image/upload/f_auto,q_auto/league/mal1tphcdcbbxm75jyun",,18,REG,A01,Travis,VOK426541,56207,3200564f-4b42-6541-c240-cd2c6860827b,2023,2023.0,,,26.59
31314,2024,ARI,TE,TE,81.0,INA,Travis Vokolek,Travis,Vokolek,1998-06-04,78.0,260,Nebraska,00-0038456,4259324,1d1eb430-f01e-11ed-97df-a94b89ac5704,40643,16746,,,,11381,1,"https://static.www.nfl.com/image/upload/f_auto,q_auto/league/mal1tphcdcbbxm75jyun",,15,REG,A01,Travis,VOK426541,56207,3200564f-4b42-6541-c240-cd2c6860827b,2023,2023.0,,,26.533
31315,2024,ARI,TE,TE,81.0,INA,Travis Vokolek,Travis,Vokolek,1998-06-04,78.0,260,Nebraska,00-0038456,4259324,1d1eb430-f01e-11ed-97df-a94b89ac5704,40643,16746,,,,11381,1,"https://static.www.nfl.com/image/upload/f_auto,q_auto/league/mal1tphcdcbbxm75jyun",,16,REG,A01,Travis,VOK426541,56207,3200564f-4b42-6541-c240-cd2c6860827b,2023,2023.0,,,26.552
31316,2024,ARI,TE,TE,81.0,INA,Travis Vokolek,Travis,Vokolek,1998-06-04,78.0,260,Nebraska,00-0038456,4259324,1d1eb430-f01e-11ed-97df-a94b89ac5704,40643,16746,,,,11381,1,"https://static.www.nfl.com/image/upload/f_auto,q_auto/league/mal1tphcdcbbxm75jyun",,9,REG,I01,Travis,VOK426541,56207,3200564f-4b42-6541-c240-cd2c6860827b,2023,2023.0,,,26.418
31317,2024,ARI,TE,TE,81.0,ACT,Travis Vokolek,Travis,Vokolek,1998-06-04,78.0,260,Nebraska,00-0038456,4259324,1d1eb430-f01e-11ed-97df-a94b89ac5704,40643,16746,,,,11381,1,"https://static.www.nfl.com/image/upload/f_auto,q_auto/league/mal1tphcdcbbxm75jyun",TE,4,REG,A01,Travis,VOK426541,56207,3200564f-4b42-6541-c240-cd2c6860827b,2023,2023.0,,,26.322
31318,2024,ARI,TE,TE,81.0,INA,Travis Vokolek,Travis,Vokolek,1998-06-04,78.0,260,Nebraska,00-0038456,4259324,1d1eb430-f01e-11ed-97df-a94b89ac5704,40643,16746,,,,11381,1,"https://static.www.nfl.com/image/upload/f_auto,q_auto/league/mal1tphcdcbbxm75jyun",,12,REG,A01,Travis,VOK426541,56207,3200564f-4b42-6541-c240-cd2c6860827b,2023,2023.0,,,26.475
31343,2024,ARI,DL,DE,51.0,DEV,Keshawn Banks,Keshawn,Banks,1999-12-21,75.0,255,San Diego State,00-0038462,,,,,,,,,1,"https://static.www.nfl.com/image/upload/f_auto,q_auto/league/edgka7bc6ko9mjuxxp5o",,18,REG,P01,Keshawn,BAN561270,56217,32004241-4e56-1270-3b25-65ca0ebab0df,2023,2023.0,,,25.043
31346,2024,ARI,DL,DE,51.0,DEV,Keshawn Banks,Keshawn,Banks,1999-12-21,75.0,255,San Diego State,00-0038462,,,,,,,,,1,"https://static.www.nfl.com/image/upload/f_auto,q_auto/league/edgka7bc6ko9mjuxxp5o",,16,REG,P01,Keshawn,BAN561270,56217,32004241-4e56-1270-3b25-65ca0ebab0df,2023,2023.0,,,25.005
31348,2024,ARI,DL,DE,51.0,DEV,Keshawn Banks,Keshawn,Banks,1999-12-21,75.0,255,San Diego State,00-0038462,,,,,,,,,1,"https://static.www.nfl.com/image/upload/f_auto,q_auto/league/edgka7bc6ko9mjuxxp5o",,17,REG,P01,Keshawn,BAN561270,56217,32004241-4e56-1270-3b25-65ca0ebab0df,2023,2023.0,,,25.021
31905,2024,ARI,OL,T,70.0,ACT,Paris Johnson Jr.,Paris,Johnson,2001-07-03,78.0,315,Ohio State,00-0038540,,,,,,,,,1,"https://static.www.nfl.com/image/private/f_auto,q_auto/league/zs9hdvwsw4z8nsnqsueo",T,5,REG,A01,Paris,JOH789993,55870,32004a4f-4878-9993-54f7-5fb6cbb7b88b,2023,2023.0,ARI,6.0,23.261
31906,2024,ARI,OL,T,70.0,ACT,Paris Johnson Jr.,Paris,Johnson,2001-07-03,78.0,315,Ohio State,00-0038540,,,,,,,,,1,"https://static.www.nfl.com/image/private/f_auto,q_auto/league/zs9hdvwsw4z8nsnqsueo",T,10,REG,A01,Paris,JOH789993,55870,32004a4f-4878-9993-54f7-5fb6cbb7b88b,2023,2023.0,ARI,6.0,23.357
31907,2024,ARI,OL,T,70.0,ACT,Paris Johnson Jr.,Paris,Johnson,2001-07-03,78.0,315,Ohio State,00-0038540,,,,,,,,,1,"https://static.www.nfl.com/image/private/f_auto,q_auto/league/zs9hdvwsw4z8nsnqsueo",T,3,REG,A01,Paris,JOH789993,55870,32004a4f-4878-9993-54f7-5fb6cbb7b88b,2023,2023.0,ARI,6.0,23.222
31908,2024,ARI,OL,T,70.0,ACT,Paris Johnson Jr.,Paris,Johnson,2001-07-03,78.0,315,Ohio State,00-0038540,,,,,,,,,1,"https://static.www.nfl.com/image/private/f_auto,q_auto/league/zs9hdvwsw4z8nsnqsueo",T,15,REG,A01,Paris,JOH789993,55870,32004a4f-4878-9993-54f7-5fb6cbb7b88b,2023,2023.0,ARI,6.0,23.452
31909,2024,ARI,OL,T,70.0,ACT,Paris Johnson Jr.,Paris,Johnson,2001-07-03,78.0,315,Ohio State,00-0038540,,,,,,,,,1,"https://static.www.nfl.com/image/private/f_auto,q_auto/league/zs9hdvwsw4z8nsnqsueo",T,14,REG,A01,Paris,JOH789993,55870,32004a4f-4878-9993-54f7-5fb6cbb7b88b,2023,2023.0,ARI,6.0,23.433
31910,2024,ARI,OL,T,70.0,ACT,Paris Johnson Jr.,Paris,Johnson,2001-07-03,78.0,315,Ohio State,00-0038540,,,,,,,,,1,"https://static.www.nfl.com/image/private/f_auto,q_auto/league/zs9hdvwsw4z8nsnqsueo",T,1,REG,A01,Paris,JOH789993,55870,32004a4f-4878-9993-54f7-5fb6cbb7b88b,2023,2023.0,ARI,6.0,23.184
31911,2024,ARI,OL,T,70.0,ACT,Paris Johnson Jr.,Paris,Johnson,2001-07-03,78.0,315,Ohio State,00-0038540,,,,,,,,,1,"https://static.www.nfl.com/image/private/f_auto,q_auto/league/zs9hdvwsw4z8nsnqsueo",T,8,REG,A01,Paris,JOH789993,55870,32004a4f-4878-9993-54f7-5fb6cbb7b88b,2023,2023.0,ARI,6.0,23.318
31912,2024,ARI,OL,T,70.0,RES,Paris Johnson Jr.,Paris,Johnson,2001-07-03,78.0,315,Ohio State,00-0038540,,,,,,,,,1,"https://static.www.nfl.com/image/private/f_auto,q_auto/league/zs9hdvwsw4z8nsnqsueo",,18,REG,R01,Paris,JOH789993,55870,32004a4f-4878-9993-54f7-5fb6cbb7b88b,2023,2023.0,ARI,6.0,23.51
31913,2024,ARI,OL,T,70.0,ACT,Paris Johnson Jr.,Paris,Johnson,2001-07-03,78.0,315,Ohio State,00-0038540,,,,,,,,,1,"https://static.www.nfl.com/image/private/f_auto,q_auto/league/zs9hdvwsw4z8nsnqsueo",T,9,REG,A01,Paris,JOH789993,55870,32004a4f-4878-9993-54f7-5fb6cbb7b88b,2023,2023.0,ARI,6.0,23.337
31914,2024,ARI,OL,T,70.0,ACT,Paris Johnson Jr.,Paris,Johnson,2001-07-03,78.0,315,Ohio State,00-0038540,,,,,,,,,1,"https://static.www.nfl.com/image/private/f_auto,q_auto/league/zs9hdvwsw4z8nsnqsueo",T,6,REG,A01,Paris,JOH789993,55870,32004a4f-4878-9993-54f7-5fb6cbb7b88b,2023,2023.0,ARI,6.0,23.28
31915,2024,ARI,OL,T,70.0,ACT,Paris Johnson Jr.,Paris,Johnson,2001-07-03,78.0,315,Ohio State,00-0038540,,,,,,,,,1,"https://static.www.nfl.com/image/private/f_auto,q_auto/league/zs9hdvwsw4z8nsnqsueo",T,13,REG,A01,Paris,JOH789993,55870,32004a4f-4878-9993-54f7-5fb6cbb7b88b,2023,2023.0,ARI,6.0,23.414
31916,2024,ARI,OL,T,70.0,ACT,Paris Johnson Jr.,Paris,Johnson,2001-07-03,78.0,315,Ohio State,00-0038540,,,,,,,,,1,"https://static.www.nfl.com/image/private/f_auto,q_auto/league/zs9hdvwsw4z8nsnqsueo",T,4,REG,A01,Paris,JOH789993,55870,32004a4f-4878-9993-54f7-5fb6cbb7b88b,2023,2023.0,ARI,6.0,23.242
31917,2024,ARI,OL,T,70.0,ACT,Paris Johnson Jr.,Paris,Johnson,2001-07-03,78.0,315,Ohio State,00-0038540,,,,,,,,,1,"https://static.www.nfl.com/image/private/f_auto,q_auto/league/zs9hdvwsw4z8nsnqsueo",T,7,REG,A01,Paris,JOH789993,55870,32004a4f-4878-9993-54f7-5fb6cbb7b88b,2023,2023.0,ARI,6.0,23.302
31918,2024,ARI,OL,T,70.0,ACT,Paris Johnson Jr.,Paris,Johnson,2001-07-03,78.0,315,Ohio State,00-0038540,,,,,,,,,1,"https://static.www.nfl.com/image/private/f_auto,q_auto/league/zs9hdvwsw4z8nsnqsueo",T,12,REG,A01,Paris,JOH789993,55870,32004a4f-4878-9993-54f7-5fb6cbb7b88b,2023,2023.0,ARI,6.0,23.395
31919,2024,ARI,OL,T,70.0,INA,Paris Johnson Jr.,Paris,Johnson,2001-07-03,78.0,315,Ohio State,00-0038540,,,,,,,,,1,"https://static.www.nfl.com/image/private/f_auto,q_auto/league/zs9hdvwsw4z8nsnqsueo",,16,REG,A01,Paris,JOH789993,55870,32004a4f-4878-9993-54f7-5fb6cbb7b88b,2023,2023.0,ARI,6.0,23.472
31920,2024,ARI,OL,T,70.0,RES,Paris Johnson Jr.,Paris,Johnson,2001-07-03,78.0,315,Ohio State,00-0038540,,,,,,,,,1,"https://static.www.nfl.com/image/private/f_auto,q_auto/league/zs9hdvwsw4z8nsnqsueo",,17,REG,R01,Paris,JOH789993,55870,32004a4f-4878-9993-54f7-5fb6cbb7b88b,2023,2023.0,ARI,6.0,23.488
31921,2024,ARI,OL,T,70.0,ACT,Paris Johnson Jr.,Paris,Johnson,2001-07-03,78.0,315,Ohio State,00-0038540,,,,,,,,,1,"https://static.www.nfl.com/image/private/f_auto,q_auto/league/zs9hdvwsw4z8nsnqsueo",T,2,REG,A01,Paris,JOH789993,55870,32004a4f-4878-9993-54f7-5fb6cbb7b88b,2023,2023.0,ARI,6.0,23.203
32239,2024,ARI,WR,WR,14.0,INA,Michael Wilson,Michael,Wilson,2000-02-23,74.0,209,Stanford,00-0038559,4360761,b91be982-fccd-448e-869b-e9b5148a1730,40121,16957,,WilsMi02,,10232,1,"https://static.www.nfl.com/image/upload/f_auto,q_auto/league/spsbduvpqe21tgkwhvbc",,18,REG,A01,Michael,WIL752419,55959,32005749-4c75-2419-b58e-7c21d98d871e,2023,2023.0,ARI,94.0,24.868
32240,2024,ARI,WR,WR,14.0,ACT,Michael Wilson,Michael,Wilson,2000-02-23,74.0,209,Stanford,00-0038559,4360761,b91be982-fccd-448e-869b-e9b5148a1730,40121,16957,,WilsMi02,,10232,1,"https://static.www.nfl.com/image/upload/f_auto,q_auto/league/spsbduvpqe21tgkwhvbc",WR,9,REG,A01,Michael,WIL752419,55959,32005749-4c75-2419-b58e-7c21d98d871e,2023,2023.0,ARI,94.0,24.695
32241,2024,ARI,WR,WR,14.0,ACT,Michael Wilson,Michael,Wilson,2000-02-23,74.0,209,Stanford,00-0038559,4360761,b91be982-fccd-448e-869b-e9b5148a1730,40121,16957,,WilsMi02,,10232,1,"https://static.www.nfl.com/image/upload/f_auto,q_auto/league/spsbduvpqe21tgkwhvbc",WR,3,REG,A01,Michael,WIL752419,55959,32005749-4c75-2419-b58e-7c21d98d871e,2023,2023.0,ARI,94.0,24.58
32242,2024,ARI,WR,WR,14.0,ACT,Michael Wilson,Michael,Wilson,2000-02-23,74.0,209,Stanford,00-0038559,4360761,b91be982-fccd-448e-869b-e9b5148a1730,40121,16957,,WilsMi02,,10232,1,"https://static.www.nfl.com/image/upload/f_auto,q_auto/league/spsbduvpqe21tgkwhvbc",WR,13,REG,A01,Michael,WIL752419,55959,32005749-4c75-2419-b58e-7c21d98d871e,2023,2023.0,ARI,94.0,24.772
32243,2024,ARI,WR,WR,14.0,ACT,Michael Wilson,Michael,Wilson,2000-02-23,74.0,209,Stanford,00-0038559,4360761,b91be982-fccd-448e-869b-e9b5148a1730,40121,16957,,WilsMi02,,10232,1,"https://static.www.nfl.com/image/upload/f_auto,q_auto/league/spsbduvpqe21tgkwhvbc",WR,10,REG,A01,Michael,WIL752419,55959,32005749-4c75-2419-b58e-7c21d98d871e,2023,2023.0,ARI,94.0,24.715
32244,2024,ARI,WR,WR,14.0,ACT,Michael Wilson,Michael,Wilson,2000-02-23,74.0,209,Stanford,00-0038559,4360761,b91be982-fccd-448e-869b-e9b5148a1730,40121,16957,,WilsMi02,,10232,1,"https://static.www.nfl.com/image/upload/f_auto,q_auto/league/spsbduvpqe21tgkwhvbc",WR,7,REG,A01,Michael,WIL752419,55959,32005749-4c75-2419-b58e-7c21d98d871e,2023,2023.0,ARI,94.0,24.66
32245,2024,ARI,WR,WR,14.0,ACT,Michael Wilson,Michael,Wilson,2000-02-23,74.0,209,Stanford,00-0038559,4360761,b91be982-fccd-448e-869b-e9b5148a1730,40121,16957,,WilsMi02,,10232,1,"https://static.www.nfl.com/image/upload/f_auto,q_auto/league/spsbduvpqe21tgkwhvbc",WR,4,REG,A01,Michael,WIL752419,55959,32005749-4c75-2419-b58e-7c21d98d871e,2023,2023.0,ARI,94.0,24.6
32246,2024,ARI,WR,WR,14.0,ACT,Michael Wilson,Michael,Wilson,2000-02-23,74.0,209,Stanford,00-0038559,4360761,b91be982-fccd-448e-869b-e9b5148a1730,40121,16957,,WilsMi02,,10232,1,"https://static.www.nfl.com/image/upload/f_auto,q_auto/league/spsbduvpqe21tgkwhvbc",WR,15,REG,A01,Michael,WIL752419,55959,32005749-4c75-2419-b58e-7c21d98d871e,2023,2023.0,ARI,94.0,24.81
32247,2024,ARI,WR,WR,14.0,ACT,Michael Wilson,Michael,Wilson,2000-02-23,74.0,209,Stanford,00-0038559,4360761,b91be982-fccd-448e-869b-e9b5148a1730,40121,16957,,WilsMi02,,10232,1,"https://static.www.nfl.com/image/upload/f_auto,q_auto/league/spsbduvpqe21tgkwhvbc",WR,16,REG,A01,Michael,WIL752419,55959,32005749-4c75-2419-b58e-7c21d98d871e,2023,2023.0,ARI,94.0,24.83
32248,2024,ARI,WR,WR,14.0,ACT,Michael Wilson,Michael,Wilson,2000-02-23,74.0,209,Stanford,00-0038559,4360761,b91be982-fccd-448e-869b-e9b5148a1730,40121,16957,,WilsMi02,,10232,1,"https://static.www.nfl.com/image/upload/f_auto,q_auto/league/spsbduvpqe21tgkwhvbc",WR,8,REG,A01,Michael,WIL752419,55959,32005749-4c75-2419-b58e-7c21d98d871e,2023,2023.0,ARI,94.0,24.676
32249,2024,ARI,WR,WR,14.0,ACT,Michael Wilson,Michael,Wilson,2000-02-23,74.0,209,Stanford,00-0038559,4360761,b91be982-fccd-448e-869b-e9b5148a1730,40121,16957,,WilsMi02,,10232,1,"https://static.www.nfl.com/image/upload/f_auto,q_auto/league/spsbduvpqe21tgkwhvbc",WR,5,REG,A01,Michael,WIL752419,55959,32005749-4c75-2419-b58e-7c21d98d871e,2023,2023.0,ARI,94.0,24.619
32250,2024,ARI,WR,WR,14.0,ACT,Michael Wilson,Michael,Wilson,2000-02-23,74.0,209,Stanford,00-0038559,4360761,b91be982-fccd-448e-869b-e9b5148a1730,40121,16957,,WilsMi02,,10232,1,"https://static.www.nfl.com/image/upload/f_auto,q_auto/league/spsbduvpqe21tgkwhvbc",WR,1,REG,A01,Michael,WIL752419,55959,32005749-4c75-2419-b58e-7c21d98d871e,2023,2023.0,ARI,94.0,24.542
32251,2024,ARI,WR,WR,14.0,ACT,Michael Wilson,Michael,Wilson,2000-02-23,74.0,209,Stanford,00-0038559,4360761,b91be982-fccd-448e-869b-e9b5148a1730,40121,16957,,WilsMi02,,10232,1,"https://static.www.nfl.com/image/upload/f_auto,q_auto/league/spsbduvpqe21tgkwhvbc",WR,2,REG,A01,Michael,WIL752419,55959,32005749-4c75-2419-b58e-7c21d98d871e,2023,2023.0,ARI,94.0,24.561
32252,2024,ARI,WR,WR,14.0,ACT,Michael Wilson,Michael,Wilson,2000-02-23,74.0,209,Stanford,00-0038559,4360761,b91be982-fccd-448e-869b-e9b5148a1730,40121,16957,,WilsMi02,,10232,1,"https://static.www.nfl.com/image/upload/f_auto,q_auto/league/spsbduvpqe21tgkwhvbc",WR,6,REG,A01,Michael,WIL752419,55959,32005749-4c75-2419-b58e-7c21d98d871e,2023,2023.0,ARI,94.0,24.638
32253,2024,ARI,WR,WR,14.0,ACT,Michael Wilson,Michael,Wilson,2000-02-23,74.0,209,Stanford,00-0038559,4360761,b91be982-fccd-448e-869b-e9b5148a1730,40121,16957,,WilsMi02,,10232,1,"https://static.www.nfl.com/image/upload/f_auto,q_auto/league/spsbduvpqe21tgkwhvbc",WR,14,REG,A01,Michael,WIL752419,55959,32005749-4c75-2419-b58e-7c21d98d871e,2023,2023.0,ARI,94.0,24.791
32254,2024,ARI,WR,WR,14.0,ACT,Michael Wilson,Michael,Wilson,2000-02-23,74.0,209,Stanford,00-0038559,4360761,b91be982-fccd-448e-869b-e9b5148a1730,40121,16957,,WilsMi02,,10232,1,"https://static.www.nfl.com/image/upload/f_auto,q_auto/league/spsbduvpqe21tgkwhvbc",WR,17,REG,A01,Michael,WIL752419,55959,32005749-4c75-2419-b58e-7c21d98d871e,2023,2023.0,ARI,94.0,24.846
32255,2024,ARI,WR,WR,14.0,ACT,Michael Wilson,Michael,Wilson,2000-02-23,74.0,209,Stanford,00-0038559,4360761,b91be982-fccd-448e-869b-e9b5148a1730,40121,16957,,WilsMi02,,10232,1,"https://static.www.nfl.com/image/upload/f_auto,q_auto/league/spsbduvpqe21tgkwhvbc",WR,12,REG,A01,Michael,WIL752419,55959,32005749-4c75-2419-b58e-7c21d98d871e,2023,2023.0,ARI,94.0,24.753
32378,2024,ARI,K,K,38.0,ACT,Chad Ryland,Chad,Ryland,1999-10-15,72.0,183,Maryland,00-0038567,4363538,c77efa70-0691-4a21-8064-a5880569b559,40159,17107,,RylaCh00,,10955,1,"https://static.www.nfl.com/image/upload/f_auto,q_auto/league/bmqbpd8n0xljhsng1y6n",,12,REG,A01,Chad,RYL029663,55977,32005259-4c02-9663-76b8-52ab16a27c3a,2023,2023.0,NE,112.0,25.112
32379,2024,ARI,K,K,38.0,ACT,Chad Ryland,Chad,Ryland,1999-10-15,72.0,183,Maryland,00-0038567,4363538,c77efa70-0691-4a21-8064-a5880569b559,40159,17107,,RylaCh00,,10955,1,"https://static.www.nfl.com/image/upload/f_auto,q_auto/league/bmqbpd8n0xljhsng1y6n",,14,REG,A01,Chad,RYL029663,55977,32005259-4c02-9663-76b8-52ab16a27c3a,2023,2023.0,NE,112.0,25.15
32380,2024,ARI,K,K,38.0,ACT,Chad Ryland,Chad,Ryland,1999-10-15,72.0,183,Maryland,00-0038567,4363538,c77efa70-0691-4a21-8064-a5880569b559,40159,17107,,RylaCh00,,10955,1,"https://static.www.nfl.com/image/upload/f_auto,q_auto/league/e6diez7tiywrsny38ria",,5,REG,A01,Chad,RYL029663,55977,32005259-4c02-9663-76b8-52ab16a27c3a,2023,2023.0,NE,112.0,24.977
32381,2024,ARI,K,K,38.0,ACT,Chad Ryland,Chad,Ryland,1999-10-15,72.0,183,Maryland,00-0038567,4363538,c77efa70-0691-4a21-8064-a5880569b559,40159,17107,,RylaCh00,,10955,1,"https://static.www.nfl.com/image/upload/f_auto,q_auto/league/bmqbpd8n0xljhsng1y6n",,13,REG,A01,Chad,RYL029663,55977,32005259-4c02-9663-76b8-52ab16a27c3a,2023,2023.0,NE,112.0,25.131
32382,2024,ARI,K,K,38.0,ACT,Chad Ryland,Chad,Ryland,1999-10-15,72.0,183,Maryland,00-0038567,4363538,c77efa70-0691-4a21-8064-a5880569b559,40159,17107,,RylaCh00,,10955,1,"https://static.www.nfl.com/image/upload/f_auto,q_auto/league/bmqbpd8n0xljhsng1y6n",,10,REG,A01,Chad,RYL029663,55977,32005259-4c02-9663-76b8-52ab16a27c3a,2023,2023.0,NE,112.0,25.073
32383,2024,ARI,K,K,38.0,ACT,Chad Ryland,Chad,Ryland,1999-10-15,72.0,183,Maryland,00-0038567,4363538,c77efa70-0691-4a21-8064-a5880569b559,40159,17107,,RylaCh00,,10955,1,"https://static.www.nfl.com/image/upload/f_auto,q_auto/league/bmqbpd8n0xljhsng1y6n",,15,REG,A01,Chad,RYL029663,55977,32005259-4c02-9663-76b8-52ab16a27c3a,2023,2023.0,NE,112.0,25.169
32384,2024,ARI,K,K,38.0,ACT,Chad Ryland,Chad,Ryland,1999-10-15,72.0,183,Maryland,00-0038567,4363538,c77efa70-0691-4a21-8064-a5880569b559,40159,17107,,RylaCh00,,10955,1,"https://static.www.nfl.com/image/upload/f_auto,q_auto/league/e6diez7tiywrsny38ria",,6,REG,A01,Chad,RYL029663,55977,32005259-4c02-9663-76b8-52ab16a27c3a,2023,2023.0,NE,112.0,24.997
32385,2024,ARI,K,K,38.0,ACT,Chad Ryland,Chad,Ryland,1999-10-15,72.0,183,Maryland,00-0038567,4363538,c77efa70-0691-4a21-8064-a5880569b559,40159,17107,,RylaCh00,,10955,1,"https://static.www.nfl.com/image/upload/f_auto,q_auto/league/bmqbpd8n0xljhsng1y6n",,16,REG,A01,Chad,RYL029663,55977,32005259-4c02-9663-76b8-52ab16a27c3a,2023,2023.0,NE,112.0,25.188
32386,2024,ARI,K,K,38.0,ACT,Chad Ryland,Chad,Ryland,1999-10-15,72.0,183,Maryland,00-0038567,4363538,c77efa70-0691-4a21-8064-a5880569b559,40159,17107,,RylaCh00,,10955,1,"https://static.www.nfl.com/image/upload/f_auto,q_auto/league/bmqbpd8n0xljhsng1y6n",,7,REG,A01,Chad,RYL029663,55977,32005259-4c02-9663-76b8-52ab16a27c3a,2023,2023.0,NE,112.0,25.018
32387,2024,ARI,K,K,38.0,ACT,Chad Ryland,Chad,Ryland,1999-10-15,72.0,183,Maryland,00-0038567,4363538,c77efa70-0691-4a21-8064-a5880569b559,40159,17107,,RylaCh00,,10955,1,"https://static.www.nfl.com/image/upload/f_auto,q_auto/league/bmqbpd8n0xljhsng1y6n",,18,REG,A01,Chad,RYL029663,55977,32005259-4c02-9663-76b8-52ab16a27c3a,2023,2023.0,NE,112.0,25.227
32388,2024,ARI,K,K,38.0,ACT,Chad Ryland,Chad,Ryland,1999-10-15,72.0,183,Maryland,00-0038567,4363538,c77efa70-0691-4a21-8064-a5880569b559,40159,17107,,RylaCh00,,10955,1,"https://static.www.nfl.com/image/upload/f_auto,q_auto/league/bmqbpd8n0xljhsng1y6n",,17,REG,A01,Chad,RYL029663,55977,32005259-4c02-9663-76b8-52ab16a27c3a,2023,2023.0,NE,112.0,25.205
32389,2024,ARI,K,K,38.0,ACT,Chad Ryland,Chad,Ryland,1999-10-15,72.0,183,Maryland,00-0038567,4363538,c77efa70-0691-4a21-8064-a5880569b559,40159,17107,,RylaCh00,,10955,1,"https://static.www.nfl.com/image/upload/f_auto,q_auto/league/bmqbpd8n0xljhsng1y6n",,8,REG,A01,Chad,RYL029663,55977,32005259-4c02-9663-76b8-52ab16a27c3a,2023,2023.0,NE,112.0,25.035
32390,2024,ARI,K,K,38.0,ACT,Chad Ryland,Chad,Ryland,1999-10-15,72.0,183,Maryland,00-0038567,4363538,c77efa70-0691-4a21-8064-a5880569b559,40159,17107,,RylaCh00,,10955,1,"https://static.www.nfl.com/image/upload/f_auto,q_auto/league/bmqbpd8n0xljhsng1y6n",,9,REG,A01,Chad,RYL029663,55977,32005259-4c02-9663-76b8-52ab16a27c3a,2023,2023.0,NE,112.0,25.054
32442,2024,ARI,OL,G,59.0,ACT,Jon Gaines II,Jon,Gaines,1999-05-24,76.0,300,UCLA,00-0038571,,,,,,,,,1,"https://static.www.nfl.com/image/upload/f_auto,q_auto/league/hovdt4a0oaoep4worjsg",FB,14,REG,A01,Jon,GAI528003,55987,32004741-4952-8003-df7b-681a2f35ed49,2023,2023.0,ARI,122.0,25.544
32443,2024,ARI,OL,G,59.0,ACT,Jon Gaines II,Jon,Gaines,1999-05-24,76.0,300,UCLA,00-0038571,,,,,,,,,1,"https://static.www.nfl.com/image/upload/f_auto,q_auto/league/hovdt4a0oaoep4worjsg",,8,REG,A01,Jon,GAI528003,55987,32004741-4952-8003-df7b-681a2f35ed49,2023,2023.0,ARI,122.0,25.429
32444,2024,ARI,OL,G,59.0,ACT,Jon Gaines II,Jon,Gaines,1999-05-24,76.0,300,UCLA,00-0038571,,,,,,,,,1,"https://static.www.nfl.com/image/upload/f_auto,q_auto/league/hovdt4a0oaoep4worjsg",C,10,REG,A01,Jon,GAI528003,55987,32004741-4952-8003-df7b-681a2f35ed49,2023,2023.0,ARI,122.0,25.467
32445,2024,ARI,OL,G,59.0,ACT,Jon Gaines II,Jon,Gaines,1999-05-24,76.0,300,UCLA,00-0038571,,,,,,,,,1,"https://static.www.nfl.com/image/upload/f_auto,q_auto/league/hovdt4a0oaoep4worjsg",,13,REG,A01,Jon,GAI528003,55987,32004741-4952-8003-df7b-681a2f35ed49,2023,2023.0,ARI,122.0,25.525
32446,2024,ARI,OL,G,59.0,INA,Jon Gaines II,Jon,Gaines,1999-05-24,76.0,300,UCLA,00-0038571,,,,,,,,,1,"https://static.www.nfl.com/image/upload/f_auto,q_auto/league/hovdt4a0oaoep4worjsg",,3,REG,I01,Jon,GAI528003,55987,32004741-4952-8003-df7b-681a2f35ed49,2023,2023.0,ARI,122.0,25.333
32447,2024,ARI,OL,G,59.0,ACT,Jon Gaines II,Jon,Gaines,1999-05-24,76.0,300,UCLA,00-0038571,,,,,,,,,1,"https://static.www.nfl.com/image/upload/f_auto,q_auto/league/hovdt4a0oaoep4worjsg",TE,15,REG,A01,Jon,GAI528003,55987,32004741-4952-8003-df7b-681a2f35ed49,2023,2023.0,ARI,122.0,25.563
32448,2024,ARI,OL,G,59.0,ACT,Jon Gaines II,Jon,Gaines,1999-05-24,76.0,300,UCLA,00-0038571,,,,,,,,,1,"https://static.www.nfl.com/image/upload/f_auto,q_auto/league/hovdt4a0oaoep4worjsg",,16,REG,A01,Jon,GAI528003,55987,32004741-4952-8003-df7b-681a2f35ed49,2023,2023.0,ARI,122.0,25.582
32449,2024,ARI,OL,G,59.0,ACT,Jon Gaines II,Jon,Gaines,1999-05-24,76.0,300,UCLA,00-0038571,,,,,,,,,1,"https://static.www.nfl.com/image/upload/f_auto,q_auto/league/hovdt4a0oaoep4worjsg",,5,REG,A01,Jon,GAI528003,55987,32004741-4952-8003-df7b-681a2f35ed49,2023,2023.0,ARI,122.0,25.372
32450,2024,ARI,OL,G,59.0,ACT,Jon Gaines II,Jon,Gaines,1999-05-24,76.0,300,UCLA,00-0038571,,,,,,,,,1,"https://static.www.nfl.com/image/upload/f_auto,q_auto/league/hovdt4a0oaoep4worjsg",,7,REG,A01,Jon,GAI528003,55987,32004741-4952-8003-df7b-681a2f35ed49,2023,2023.0,ARI,122.0,25.413
32451,2024,ARI,OL,G,59.0,ACT,Jon Gaines II,Jon,Gaines,1999-05-24,76.0,300,UCLA,00-0038571,,,,,,,,,1,"https://static.www.nfl.com/image/upload/f_auto,q_auto/league/hovdt4a0oaoep4worjsg",,6,REG,A01,Jon,GAI528003,55987,32004741-4952-8003-df7b-681a2f35ed49,2023,2023.0,ARI,122.0,25.391
32452,2024,ARI,OL,G,59.0,ACT,Jon Gaines II,Jon,Gaines,1999-05-24,76.0,300,UCLA,00-0038571,,,,,,,,,1,"https://static.www.nfl.com/image/upload/f_auto,q_auto/league/hovdt4a0oaoep4worjsg",,12,REG,A01,Jon,GAI528003,55987,32004741-4952-8003-df7b-681a2f35ed49,2023,2023.0,ARI,122.0,25.506
32453,2024,ARI,OL,G,59.0,INA,Jon Gaines II,Jon,Gaines,1999-05-24,76.0,300,UCLA,00-0038571,,,,,,,,,1,"https://static.www.nfl.com/image/upload/f_auto,q_auto/league/hovdt4a0oaoep4worjsg",,2,REG,I01,Jon,GAI528003,55987,32004741-4952-8003-df7b-681a2f35ed49,2023,2023.0,ARI,122.0,25.314
32454,2024,ARI,OL,G,59.0,ACT,Jon Gaines II,Jon,Gaines,1999-05-24,76.0,300,UCLA,00-0038571,,,,,,,,,1,"https://static.www.nfl.com/image/upload/f_auto,q_auto/league/hovdt4a0oaoep4worjsg",FB,9,REG,A01,Jon,GAI528003,55987,32004741-4952-8003-df7b-681a2f35ed49,2023,2023.0,ARI,122.0,25.448
32455,2024,ARI,OL,G,59.0,ACT,Jon Gaines II,Jon,Gaines,1999-05-24,76.0,300,UCLA,00-0038571,,,,,,,,,1,"https://static.www.nfl.com/image/upload/f_auto,q_auto/league/hovdt4a0oaoep4worjsg",C,18,REG,A01,Jon,GAI528003,55987,32004741-4952-8003-df7b-681a2f35ed49,2023,2023.0,ARI,122.0,25.621
32456,2024,ARI,OL,G,59.0,ACT,Jon Gaines II,Jon,Gaines,1999-05-24,76.0,300,UCLA,00-0038571,,,,,,,,,1,"https://static.www.nfl.com/image/upload/f_auto,q_auto/league/hovdt4a0oaoep4worjsg",TE,17,REG,A01,Jon,GAI528003,55987,32004741-4952-8003-df7b-681a2f35ed49,2023,2023.0,ARI,122.0,25.599
32457,2024,ARI,OL,G,59.0,INA,Jon Gaines II,Jon,Gaines,1999-05-24,76.0,300,UCLA,00-0038571,,,,,,,,,1,"https://static.www.nfl.com/image/upload/f_auto,q_auto/league/hovdt4a0oaoep4worjsg",,4,REG,I01,Jon,GAI528003,55987,32004741-4952-8003-df7b-681a2f35ed49,2023,2023.0,ARI,122.0,25.352
32458,2024,ARI,OL,G,59.0,INA,Jon Gaines II,Jon,Gaines,1999-05-24,76.0,300,UCLA,00-0038571,,,,,,,,,1,"https://static.www.nfl.com/image/upload/f_auto,q_auto/league/hovdt4a0oaoep4worjsg",,1,REG,I01,Jon,GAI528003,55987,32004741-4952-8003-df7b-681a2f35ed49,2023,2023.0,ARI,122.0,25.295
32628,2024,ARI,QB,QB,15.0,ACT,Clayton Tune,Clayton,Tune,1999-03-23,75.0,220,Houston,00-0038582,4360175,b2810d1e-3ea7-4907-bb34-93b40e893c08,40188,16913,,TuneCl00,,10217,1,"https://static.www.nfl.com/image/upload/f_auto,q_auto/league/bbiianhnrupao5vm4onx",QB,9,REG,A01,Clayton,TUN207645,56004,32005455-4e20-7645-a8d5-751fe16584b1,2023,2023.0,ARI,139.0,25.618
32629,2024,ARI,QB,QB,15.0,ACT,Clayton Tune,Clayton,Tune,1999-03-23,75.0,220,Houston,00-0038582,4360175,b2810d1e-3ea7-4907-bb34-93b40e893c08,40188,16913,,TuneCl00,,10217,1,"https://static.www.nfl.com/image/upload/f_auto,q_auto/league/bbiianhnrupao5vm4onx",,8,REG,A01,Clayton,TUN207645,56004,32005455-4e20-7645-a8d5-751fe16584b1,2023,2023.0,ARI,139.0,25.599
32630,2024,ARI,QB,QB,15.0,ACT,Clayton Tune,Clayton,Tune,1999-03-23,75.0,220,Houston,00-0038582,4360175,b2810d1e-3ea7-4907-bb34-93b40e893c08,40188,16913,,TuneCl00,,10217,1,"https://static.www.nfl.com/image/upload/f_auto,q_auto/league/bbiianhnrupao5vm4onx",,14,REG,A01,Clayton,TUN207645,56004,32005455-4e20-7645-a8d5-751fe16584b1,2023,2023.0,ARI,139.0,25.714
32631,2024,ARI,QB,QB,15.0,ACT,Clayton Tune,Clayton,Tune,1999-03-23,75.0,220,Houston,00-0038582,4360175,b2810d1e-3ea7-4907-bb34-93b40e893c08,40188,16913,,TuneCl00,,10217,1,"https://static.www.nfl.com/image/upload/f_auto,q_auto/league/bbiianhnrupao5vm4onx",,4,REG,A01,Clayton,TUN207645,56004,32005455-4e20-7645-a8d5-751fe16584b1,2023,2023.0,ARI,139.0,25.522
32632,2024,ARI,QB,QB,15.0,ACT,Clayton Tune,Clayton,Tune,1999-03-23,75.0,220,Houston,00-0038582,4360175,b2810d1e-3ea7-4907-bb34-93b40e893c08,40188,16913,,TuneCl00,,10217,1,"https://static.www.nfl.com/image/upload/f_auto,q_auto/league/bbiianhnrupao5vm4onx",QB,10,REG,A01,Clayton,TUN207645,56004,32005455-4e20-7645-a8d5-751fe16584b1,2023,2023.0,ARI,139.0,25.637
32633,2024,ARI,QB,QB,15.0,ACT,Clayton Tune,Clayton,Tune,1999-03-23,75.0,220,Houston,00-0038582,4360175,b2810d1e-3ea7-4907-bb34-93b40e893c08,40188,16913,,TuneCl00,,10217,1,"https://static.www.nfl.com/image/upload/f_auto,q_auto/league/bbiianhnrupao5vm4onx",,3,REG,A01,Clayton,TUN207645,56004,32005455-4e20-7645-a8d5-751fe16584b1,2023,2023.0,ARI,139.0,25.503
32634,2024,ARI,QB,QB,15.0,ACT,Clayton Tune,Clayton,Tune,1999-03-23,75.0,220,Houston,00-0038582,4360175,b2810d1e-3ea7-4907-bb34-93b40e893c08,40188,16913,,TuneCl00,,10217,1,"https://static.www.nfl.com/image/upload/f_auto,q_auto/league/bbiianhnrupao5vm4onx",QB,18,REG,A01,Clayton,TUN207645,56004,32005455-4e20-7645-a8d5-751fe16584b1,2023,2023.0,ARI,139.0,25.791
32635,2024,ARI,QB,QB,15.0,ACT,Clayton Tune,Clayton,Tune,1999-03-23,75.0,220,Houston,00-0038582,4360175,b2810d1e-3ea7-4907-bb34-93b40e893c08,40188,16913,,TuneCl00,,10217,1,"https://static.www.nfl.com/image/upload/f_auto,q_auto/league/bbiianhnrupao5vm4onx",,17,REG,A01,Clayton,TUN207645,56004,32005455-4e20-7645-a8d5-751fe16584b1,2023,2023.0,ARI,139.0,25.769
32636,2024,ARI,QB,QB,15.0,ACT,Clayton Tune,Clayton,Tune,1999-03-23,75.0,220,Houston,00-0038582,4360175,b2810d1e-3ea7-4907-bb34-93b40e893c08,40188,16913,,TuneCl00,,10217,1,"https://static.www.nfl.com/image/upload/f_auto,q_auto/league/bbiianhnrupao5vm4onx",,5,REG,A01,Clayton,TUN207645,56004,32005455-4e20-7645-a8d5-751fe16584b1,2023,2023.0,ARI,139.0,25.541
32637,2024,ARI,QB,QB,15.0,ACT,Clayton Tune,Clayton,Tune,1999-03-23,75.0,220,Houston,00-0038582,4360175,b2810d1e-3ea7-4907-bb34-93b40e893c08,40188,16913,,TuneCl00,,10217,1,"https://static.www.nfl.com/image/upload/f_auto,q_auto/league/bbiianhnrupao5vm4onx",QB,2,REG,A01,Clayton,TUN207645,56004,32005455-4e20-7645-a8d5-751fe16584b1,2023,2023.0,ARI,139.0,25.484
32638,2024,ARI,QB,QB,15.0,ACT,Clayton Tune,Clayton,Tune,1999-03-23,75.0,220,Houston,00-0038582,4360175,b2810d1e-3ea7-4907-bb34-93b40e893c08,40188,16913,,TuneCl00,,10217,1,"https://static.www.nfl.com/image/upload/f_auto,q_auto/league/bbiianhnrupao5vm4onx",,13,REG,A01,Clayton,TUN207645,56004,32005455-4e20-7645-a8d5-751fe16584b1,2023,2023.0,ARI,139.0,25.695
32639,2024,ARI,QB,QB,15.0,ACT,Clayton Tune,Clayton,Tune,1999-03-23,75.0,220,Houston,00-0038582,4360175,b2810d1e-3ea7-4907-bb34-93b40e893c08,40188,16913,,TuneCl00,,10217,1,"https://static.www.nfl.com/image/upload/f_auto,q_auto/league/bbiianhnrupao5vm4onx",QB,15,REG,A01,Clayton,TUN207645,56004,32005455-4e20-7645-a8d5-751fe16584b1,2023,2023.0,ARI,139.0,25.733
32640,2024,ARI,QB,QB,15.0,ACT,Clayton Tune,Clayton,Tune,1999-03-23,75.0,220,Houston,00-0038582,4360175,b2810d1e-3ea7-4907-bb34-93b40e893c08,40188,16913,,TuneCl00,,10217,1,"https://static.www.nfl.com/image/upload/f_auto,q_auto/league/bbiianhnrupao5vm4onx",QB,7,REG,A01,Clayton,TUN207645,56004,32005455-4e20-7645-a8d5-751fe16584b1,2023,2023.0,ARI,139.0,25.582
32641,2024,ARI,QB,QB,15.0,ACT,Clayton Tune,Clayton,Tune,1999-03-23,75.0,220,Houston,00-0038582,4360175,b2810d1e-3ea7-4907-bb34-93b40e893c08,40188,16913,,TuneCl00,,10217,1,"https://static.www.nfl.com/image/upload/f_auto,q_auto/league/bbiianhnrupao5vm4onx",,16,REG,A01,Clayton,TUN207645,56004,32005455-4e20-7645-a8d5-751fe16584b1,2023,2023.0,ARI,139.0,25.752
32642,2024,ARI,QB,QB,15.0,ACT,Clayton Tune,Clayton,Tune,1999-03-23,75.0,220,Houston,00-0038582,4360175,b2810d1e-3ea7-4907-bb34-93b40e893c08,40188,16913,,TuneCl00,,10217,1,"https://static.www.nfl.com/image/upload/f_auto,q_auto/league/bbiianhnrupao5vm4onx",,1,REG,A01,Clayton,TUN207645,56004,32005455-4e20-7645-a8d5-751fe16584b1,2023,2023.0,ARI,139.0,25.465
32643,2024,ARI,QB,QB,15.0,ACT,Clayton Tune,Clayton,Tune,1999-03-23,75.0,220,Houston,00-0038582,4360175,b2810d1e-3ea7-4907-bb34-93b40e893c08,40188,16913,,TuneCl00,,10217,1,"https://static.www.nfl.com/image/upload/f_auto,q_auto/league/bbiianhnrupao5vm4onx",,6,REG,A01,Clayton,TUN207645,56004,32005455-4e20-7645-a8d5-751fe16584b1,2023,2023.0,ARI,139.0,25.561
32644,2024,ARI,QB,QB,15.0,ACT,Clayton Tune,Clayton,Tune,1999-03-23,75.0,220,Houston,00-0038582,4360175,b2810d1e-3ea7-4907-bb34-93b40e893c08,40188,16913,,TuneCl00,,10217,1,"https://static.www.nfl.com/image/upload/f_auto,q_auto/league/bbiianhnrupao5vm4onx",,12,REG,A01,Clayton,TUN207645,56004,32005455-4e20-7645-a8d5-751fe16584b1,2023,2023.0,ARI,139.0,25.676
32716,2024,ARI,DB,SS,26.0,INA,Jammie Robinson,Jammie,Robinson,2001-01-24,71.0,203,Florida State,00-0038587,4430411,406b6c6f-0172-482e-9ade-f38f5abb95f0,40176,16815,,RobiJa03,,10986,1,"https://static.www.nfl.com/image/upload/f_auto,q_auto/league/i7kq2d24rxp3jrdhqhqb",,16,REG,A01,Jammie,ROB526445,56010,3200524f-4252-6445-4e6b-4353e5a8fc4d,2023,2023.0,CAR,145.0,23.91
32725,2024,ARI,DB,SS,26.0,INA,Jammie Robinson,Jammie,Robinson,2001-01-24,71.0,203,Florida State,00-0038587,4430411,406b6c6f-0172-482e-9ade-f38f5abb95f0,40176,16815,,RobiJa03,,10986,1,"https://static.www.nfl.com/image/upload/f_auto,q_auto/league/i7kq2d24rxp3jrdhqhqb",,18,REG,A01,Jammie,ROB526445,56010,3200524f-4252-6445-4e6b-4353e5a8fc4d,2023,2023.0,CAR,145.0,23.948
32729,2024,ARI,DB,SS,26.0,INA,Jammie Robinson,Jammie,Robinson,2001-01-24,71.0,203,Florida State,00-0038587,4430411,406b6c6f-0172-482e-9ade-f38f5abb95f0,40176,16815,,RobiJa03,,10986,1,"https://static.www.nfl.com/image/upload/f_auto,q_auto/league/i7kq2d24rxp3jrdhqhqb",,17,REG,A01,Jammie,ROB526445,56010,3200524f-4252-6445-4e6b-4353e5a8fc4d,2023,2023.0,CAR,145.0,23.926
32938,2024,ARI,LB,ILB,44.0,ACT,Owen Pappoe,Owen,Pappoe,2000-09-29,72.0,226,Auburn,00-0038600,4567219,e6926317-2584-496a-9f32-e422040a8a20,40200,16673,,PappOw00,,10969,1,"https://static.www.nfl.com/image/upload/f_auto,q_auto/league/hlcz0lsiovtkgpdmqcam",,5,REG,A01,Owen,PAP723174,56033,32005041-5072-3174-a0f2-6b355d672760,2023,2023.0,ARI,168.0,24.019
32939,2024,ARI,LB,ILB,44.0,ACT,Owen Pappoe,Owen,Pappoe,2000-09-29,72.0,226,Auburn,00-0038600,4567219,e6926317-2584-496a-9f32-e422040a8a20,40200,16673,,PappOw00,,10969,1,"https://static.www.nfl.com/image/upload/f_auto,q_auto/league/hlcz0lsiovtkgpdmqcam",,13,REG,A01,Owen,PAP723174,56033,32005041-5072-3174-a0f2-6b355d672760,2023,2023.0,ARI,168.0,24.172
32940,2024,ARI,LB,ILB,44.0,ACT,Owen Pappoe,Owen,Pappoe,2000-09-29,72.0,226,Auburn,00-0038600,4567219,e6926317-2584-496a-9f32-e422040a8a20,40200,16673,,PappOw00,,10969,1,"https://static.www.nfl.com/image/upload/f_auto,q_auto/league/hlcz0lsiovtkgpdmqcam",MLB,12,REG,A01,Owen,PAP723174,56033,32005041-5072-3174-a0f2-6b355d672760,2023,2023.0,ARI,168.0,24.153
32941,2024,ARI,LB,ILB,44.0,ACT,Owen Pappoe,Owen,Pappoe,2000-09-29,72.0,226,Auburn,00-0038600,4567219,e6926317-2584-496a-9f32-e422040a8a20,40200,16673,,PappOw00,,10969,1,"https://static.www.nfl.com/image/upload/f_auto,q_auto/league/hlcz0lsiovtkgpdmqcam",MLB,1,REG,A01,Owen,PAP723174,56033,32005041-5072-3174-a0f2-6b355d672760,2023,2023.0,ARI,168.0,23.943
32942,2024,ARI,LB,ILB,44.0,ACT,Owen Pappoe,Owen,Pappoe,2000-09-29,72.0,226,Auburn,00-0038600,4567219,e6926317-2584-496a-9f32-e422040a8a20,40200,16673,,PappOw00,,10969,1,"https://static.www.nfl.com/image/upload/f_auto,q_auto/league/hlcz0lsiovtkgpdmqcam",MLB,6,REG,A01,Owen,PAP723174,56033,32005041-5072-3174-a0f2-6b355d672760,2023,2023.0,ARI,168.0,24.038
32943,2024,ARI,LB,ILB,44.0,ACT,Owen Pappoe,Owen,Pappoe,2000-09-29,72.0,226,Auburn,00-0038600,4567219,e6926317-2584-496a-9f32-e422040a8a20,40200,16673,,PappOw00,,10969,1,"https://static.www.nfl.com/image/upload/f_auto,q_auto/league/hlcz0lsiovtkgpdmqcam",MLB,18,REG,A01,Owen,PAP723174,56033,32005041-5072-3174-a0f2-6b355d672760,2023,2023.0,ARI,168.0,24.268
32944,2024,ARI,LB,ILB,44.0,ACT,Owen Pappoe,Owen,Pappoe,2000-09-29,72.0,226,Auburn,00-0038600,4567219,e6926317-2584-496a-9f32-e422040a8a20,40200,16673,,PappOw00,,10969,1,"https://static.www.nfl.com/image/upload/f_auto,q_auto/league/hlcz0lsiovtkgpdmqcam",MLB,3,REG,A01,Owen,PAP723174,56033,32005041-5072-3174-a0f2-6b355d672760,2023,2023.0,ARI,168.0,23.981
32945,2024,ARI,LB,ILB,44.0,ACT,Owen Pappoe,Owen,Pappoe,2000-09-29,72.0,226,Auburn,00-0038600,4567219,e6926317-2584-496a-9f32-e422040a8a20,40200,16673,,PappOw00,,10969,1,"https://static.www.nfl.com/image/upload/f_auto,q_auto/league/hlcz0lsiovtkgpdmqcam",MLB,16,REG,A01,Owen,PAP723174,56033,32005041-5072-3174-a0f2-6b355d672760,2023,2023.0,ARI,168.0,24.23
32946,2024,ARI,LB,ILB,44.0,ACT,Owen Pappoe,Owen,Pappoe,2000-09-29,72.0,226,Auburn,00-0038600,4567219,e6926317-2584-496a-9f32-e422040a8a20,40200,16673,,PappOw00,,10969,1,"https://static.www.nfl.com/image/upload/f_auto,q_auto/league/hlcz0lsiovtkgpdmqcam",EDGE,15,REG,A01,Owen,PAP723174,56033,32005041-5072-3174-a0f2-6b355d672760,2023,2023.0,ARI,168.0,24.211
32947,2024,ARI,LB,ILB,44.0,ACT,Owen Pappoe,Owen,Pappoe,2000-09-29,72.0,226,Auburn,00-0038600,4567219,e6926317-2584-496a-9f32-e422040a8a20,40200,16673,,PappOw00,,10969,1,"https://static.www.nfl.com/image/upload/f_auto,q_auto/league/hlcz0lsiovtkgpdmqcam",MLB,4,REG,A01,Owen,PAP723174,56033,32005041-5072-3174-a0f2-6b355d672760,2023,2023.0,ARI,168.0,24.0
32948,2024,ARI,LB,ILB,44.0,ACT,Owen Pappoe,Owen,Pappoe,2000-09-29,72.0,226,Auburn,00-0038600,4567219,e6926317-2584-496a-9f32-e422040a8a20,40200,16673,,PappOw00,,10969,1,"https://static.www.nfl.com/image/upload/f_auto,q_auto/league/hlcz0lsiovtkgpdmqcam",,17,REG,A01,Owen,PAP723174,56033,32005041-5072-3174-a0f2-6b355d672760,2023,2023.0,ARI,168.0,24.246
32949,2024,ARI,LB,ILB,44.0,INA,Owen Pappoe,Owen,Pappoe,2000-09-29,72.0,226,Auburn,00-0038600,4567219,e6926317-2584-496a-9f32-e422040a8a20,40200,16673,,PappOw00,,10969,1,"https://static.www.nfl.com/image/upload/f_auto,q_auto/league/hlcz0lsiovtkgpdmqcam",,7,REG,A01,Owen,PAP723174,56033,32005041-5072-3174-a0f2-6b355d672760,2023,2023.0,ARI,168.0,24.06
32950,2024,ARI,LB,ILB,44.0,ACT,Owen Pappoe,Owen,Pappoe,2000-09-29,72.0,226,Auburn,00-0038600,4567219,e6926317-2584-496a-9f32-e422040a8a20,40200,16673,,PappOw00,,10969,1,"https://static.www.nfl.com/image/upload/f_auto,q_auto/league/hlcz0lsiovtkgpdmqcam",OLB,10,REG,A01,Owen,PAP723174,56033,32005041-5072-3174-a0f2-6b355d672760,2023,2023.0,ARI,168.0,24.115
32951,2024,ARI,LB,ILB,44.0,ACT,Owen Pappoe,Owen,Pappoe,2000-09-29,72.0,226,Auburn,00-0038600,4567219,e6926317-2584-496a-9f32-e422040a8a20,40200,16673,,PappOw00,,10969,1,"https://static.www.nfl.com/image/upload/f_auto,q_auto/league/hlcz0lsiovtkgpdmqcam",MLB,9,REG,A01,Owen,PAP723174,56033,32005041-5072-3174-a0f2-6b355d672760,2023,2023.0,ARI,168.0,24.096
32952,2024,ARI,LB,ILB,44.0,ACT,Owen Pappoe,Owen,Pappoe,2000-09-29,72.0,226,Auburn,00-0038600,4567219,e6926317-2584-496a-9f32-e422040a8a20,40200,16673,,PappOw00,,10969,1,"https://static.www.nfl.com/image/upload/f_auto,q_auto/league/hlcz0lsiovtkgpdmqcam",,14,REG,A01,Owen,PAP723174,56033,32005041-5072-3174-a0f2-6b355d672760,2023,2023.0,ARI,168.0,24.192
32953,2024,ARI,LB,ILB,44.0,ACT,Owen Pappoe,Owen,Pappoe,2000-09-29,72.0,226,Auburn,00-0038600,4567219,e6926317-2584-496a-9f32-e422040a8a20,40200,16673,,PappOw00,,10969,1,"https://static.www.nfl.com/image/upload/f_auto,q_auto/league/hlcz0lsiovtkgpdmqcam",MLB,8,REG,A01,Owen,PAP723174,56033,32005041-5072-3174-a0f2-6b355d672760,2023,2023.0,ARI,168.0,24.077
32954,2024,ARI,LB,ILB,44.0,ACT,Owen Pappoe,Owen,Pappoe,2000-09-29,72.0,226,Auburn,00-0038600,4567219,e6926317-2584-496a-9f32-e422040a8a20,40200,16673,,PappOw00,,10969,1,"https://static.www.nfl.com/image/upload/f_auto,q_auto/league/hlcz0lsiovtkgpdmqcam",MLB,2,REG,A01,Owen,PAP723174,56033,32005041-5072-3174-a0f2-6b355d672760,2023,2023.0,ARI,168.0,23.962
33339,2024,ARI,DL,DT,55.0,ACT,Dante Stills,Dante,Stills,1999-12-14,76.0,285,West Virginia,00-0038623,,,,,,,,,1,"https://static.www.nfl.com/image/upload/f_auto,q_auto/league/hefrxr2ksaa52nmy27xs",INTERIOR_LINE,5,REG,A01,Dante,STI401047,56078,32005354-4940-1047-64a1-126f952db8f0,2023,2023.0,ARI,213.0,24.813
33340,2024,ARI,DL,DT,55.0,ACT,Dante Stills,Dante,Stills,1999-12-14,76.0,285,West Virginia,00-0038623,,,,,,,,,1,"https://static.www.nfl.com/image/upload/f_auto,q_auto/league/hefrxr2ksaa52nmy27xs",INTERIOR_LINE,14,REG,A01,Dante,STI401047,56078,32005354-4940-1047-64a1-126f952db8f0,2023,2023.0,ARI,213.0,24.986
33341,2024,ARI,DL,DT,55.0,ACT,Dante Stills,Dante,Stills,1999-12-14,76.0,285,West Virginia,00-0038623,,,,,,,,,1,"https://static.www.nfl.com/image/upload/f_auto,q_auto/league/hefrxr2ksaa52nmy27xs",INTERIOR_LINE,13,REG,A01,Dante,STI401047,56078,32005354-4940-1047-64a1-126f952db8f0,2023,2023.0,ARI,213.0,24.966
33342,2024,ARI,DL,DT,55.0,ACT,Dante Stills,Dante,Stills,1999-12-14,76.0,285,West Virginia,00-0038623,,,,,,,,,1,"https://static.www.nfl.com/image/upload/f_auto,q_auto/league/hefrxr2ksaa52nmy27xs",INTERIOR_LINE,1,REG,A01,Dante,STI401047,56078,32005354-4940-1047-64a1-126f952db8f0,2023,2023.0,ARI,213.0,24.736
33343,2024,ARI,DL,DT,55.0,ACT,Dante Stills,Dante,Stills,1999-12-14,76.0,285,West Virginia,00-0038623,,,,,,,,,1,"https://static.www.nfl.com/image/upload/f_auto,q_auto/league/hefrxr2ksaa52nmy27xs",INTERIOR_LINE,3,REG,A01,Dante,STI401047,56078,32005354-4940-1047-64a1-126f952db8f0,2023,2023.0,ARI,213.0,24.775
33344,2024,ARI,DL,DT,55.0,ACT,Dante Stills,Dante,Stills,1999-12-14,76.0,285,West Virginia,00-0038623,,,,,,,,,1,"https://static.www.nfl.com/image/upload/f_auto,q_auto/league/hefrxr2ksaa52nmy27xs",INTERIOR_LINE,6,REG,A01,Dante,STI401047,56078,32005354-4940-1047-64a1-126f952db8f0,2023,2023.0,ARI,213.0,24.832
33345,2024,ARI,DL,DT,55.0,ACT,Dante Stills,Dante,Stills,1999-12-14,76.0,285,West Virginia,00-0038623,,,,,,,,,1,"https://static.www.nfl.com/image/upload/f_auto,q_auto/league/hefrxr2ksaa52nmy27xs",INTERIOR_LINE,12,REG,A01,Dante,STI401047,56078,32005354-4940-1047-64a1-126f952db8f0,2023,2023.0,ARI,213.0,24.947
33346,2024,ARI,DL,DT,55.0,ACT,Dante Stills,Dante,Stills,1999-12-14,76.0,285,West Virginia,00-0038623,,,,,,,,,1,"https://static.www.nfl.com/image/upload/f_auto,q_auto/league/hefrxr2ksaa52nmy27xs",INTERIOR_LINE,8,REG,A01,Dante,STI401047,56078,32005354-4940-1047-64a1-126f952db8f0,2023,2023.0,ARI,213.0,24.871
33347,2024,ARI,DL,DT,55.0,ACT,Dante Stills,Dante,Stills,1999-12-14,76.0,285,West Virginia,00-0038623,,,,,,,,,1,"https://static.www.nfl.com/image/upload/f_auto,q_auto/league/hefrxr2ksaa52nmy27xs",INTERIOR_LINE,9,REG,A01,Dante,STI401047,56078,32005354-4940-1047-64a1-126f952db8f0,2023,2023.0,ARI,213.0,24.89
33348,2024,ARI,DL,DT,55.0,ACT,Dante Stills,Dante,Stills,1999-12-14,76.0,285,West Virginia,00-0038623,,,,,,,,,1,"https://static.www.nfl.com/image/upload/f_auto,q_auto/league/hefrxr2ksaa52nmy27xs",INTERIOR_LINE,15,REG,A01,Dante,STI401047,56078,32005354-4940-1047-64a1-126f952db8f0,2023,2023.0,ARI,213.0,25.005
33349,2024,ARI,DL,DT,55.0,ACT,Dante Stills,Dante,Stills,1999-12-14,76.0,285,West Virginia,00-0038623,,,,,,,,,1,"https://static.www.nfl.com/image/upload/f_auto,q_auto/league/hefrxr2ksaa52nmy27xs",INTERIOR_LINE,7,REG,A01,Dante,STI401047,56078,32005354-4940-1047-64a1-126f952db8f0,2023,2023.0,ARI,213.0,24.854
33350,2024,ARI,DL,DT,55.0,INA,Dante Stills,Dante,Stills,1999-12-14,76.0,285,West Virginia,00-0038623,,,,,,,,,1,"https://static.www.nfl.com/image/upload/f_auto,q_auto/league/hefrxr2ksaa52nmy27xs",,2,REG,I01,Dante,STI401047,56078,32005354-4940-1047-64a1-126f952db8f0,2023,2023.0,ARI,213.0,24.756
33351,2024,ARI,DL,DT,55.0,ACT,Dante Stills,Dante,Stills,1999-12-14,76.0,285,West Virginia,00-0038623,,,,,,,,,1,"https://static.www.nfl.com/image/upload/f_auto,q_auto/league/hefrxr2ksaa52nmy27xs",INTERIOR_LINE,17,REG,A01,Dante,STI401047,56078,32005354-4940-1047-64a1-126f952db8f0,2023,2023.0,ARI,213.0,25.04
33352,2024,ARI,DL,DT,55.0,ACT,Dante Stills,Dante,Stills,1999-12-14,76.0,285,West Virginia,00-0038623,,,,,,,,,1,"https://static.www.nfl.com/image/upload/f_auto,q_auto/league/hefrxr2ksaa52nmy27xs",INTERIOR_LINE,16,REG,A01,Dante,STI401047,56078,32005354-4940-1047-64a1-126f952db8f0,2023,2023.0,ARI,213.0,25.024
33353,2024,ARI,DL,DT,55.0,ACT,Dante Stills,Dante,Stills,1999-12-14,76.0,285,West Virginia,00-0038623,,,,,,,,,1,"https://static.www.nfl.com/image/upload/f_auto,q_auto/league/hefrxr2ksaa52nmy27xs",INTERIOR_LINE,18,REG,A01,Dante,STI401047,56078,32005354-4940-1047-64a1-126f952db8f0,2023,2023.0,ARI,213.0,25.062
33354,2024,ARI,DL,DT,55.0,ACT,Dante Stills,Dante,Stills,1999-12-14,76.0,285,West Virginia,00-0038623,,,,,,,,,1,"https://static.www.nfl.com/image/upload/f_auto,q_auto/league/hefrxr2ksaa52nmy27xs",INTERIOR_LINE,10,REG,A01,Dante,STI401047,56078,32005354-4940-1047-64a1-126f952db8f0,2023,2023.0,ARI,213.0,24.909
33355,2024,ARI,DL,DT,55.0,ACT,Dante Stills,Dante,Stills,1999-12-14,76.0,285,West Virginia,00-0038623,,,,,,,,,1,"https://static.www.nfl.com/image/upload/f_auto,q_auto/league/hefrxr2ksaa52nmy27xs",INTERIOR_LINE,4,REG,A01,Dante,STI401047,56078,32005354-4940-1047-64a1-126f952db8f0,2023,2023.0,ARI,213.0,24.794
33855,2024,ARI,DB,CB,24.0,ACT,Starling Thomas V,Starling,Thomas,2000-01-25,70.0,195,Alabama-Birmingham,00-0038663,4363408,4d5e5960-ec6e-11ed-9096-c9ee1a56ed36,40593,17346,,ThomSt01,,11343,1,"https://static.www.nfl.com/image/upload/f_auto,q_auto/league/ktdigucmenhaofn93wwg",CB,4,REG,A01,Starling,THO443334,56353,32005448-4f44-3334-5360-346720479b88,2023,2023.0,,,24.679
33856,2024,ARI,DB,CB,24.0,ACT,Starling Thomas V,Starling,Thomas,2000-01-25,70.0,195,Alabama-Birmingham,00-0038663,4363408,4d5e5960-ec6e-11ed-9096-c9ee1a56ed36,40593,17346,,ThomSt01,,11343,1,"https://static.www.nfl.com/image/upload/f_auto,q_auto/league/ktdigucmenhaofn93wwg",CB,9,REG,A01,Starling,THO443334,56353,32005448-4f44-3334-5360-346720479b88,2023,2023.0,,,24.775
33857,2024,ARI,DB,CB,24.0,ACT,Starling Thomas V,Starling,Thomas,2000-01-25,70.0,195,Alabama-Birmingham,00-0038663,4363408,4d5e5960-ec6e-11ed-9096-c9ee1a56ed36,40593,17346,,ThomSt01,,11343,1,"https://static.www.nfl.com/image/upload/f_auto,q_auto/league/ktdigucmenhaofn93wwg",CB,17,REG,A01,Starling,THO443334,56353,32005448-4f44-3334-5360-346720479b88,2023,2023.0,,,24.925
33858,2024,ARI,DB,CB,24.0,ACT,Starling Thomas V,Starling,Thomas,2000-01-25,70.0,195,Alabama-Birmingham,00-0038663,4363408,4d5e5960-ec6e-11ed-9096-c9ee1a56ed36,40593,17346,,ThomSt01,,11343,1,"https://static.www.nfl.com/image/upload/f_auto,q_auto/league/ktdigucmenhaofn93wwg",CB,15,REG,A01,Starling,THO443334,56353,32005448-4f44-3334-5360-346720479b88,2023,2023.0,,,24.89
33859,2024,ARI,DB,CB,24.0,ACT,Starling Thomas V,Starling,Thomas,2000-01-25,70.0,195,Alabama-Birmingham,00-0038663,4363408,4d5e5960-ec6e-11ed-9096-c9ee1a56ed36,40593,17346,,ThomSt01,,11343,1,"https://static.www.nfl.com/image/upload/f_auto,q_auto/league/ktdigucmenhaofn93wwg",CB,18,REG,A01,Starling,THO443334,56353,32005448-4f44-3334-5360-346720479b88,2023,2023.0,,,24.947
33860,2024,ARI,DB,CB,24.0,ACT,Starling Thomas V,Starling,Thomas,2000-01-25,70.0,195,Alabama-Birmingham,00-0038663,4363408,4d5e5960-ec6e-11ed-9096-c9ee1a56ed36,40593,17346,,ThomSt01,,11343,1,"https://static.www.nfl.com/image/upload/f_auto,q_auto/league/ktdigucmenhaofn93wwg",CB,14,REG,A01,Starling,THO443334,56353,32005448-4f44-3334-5360-346720479b88,2023,2023.0,,,24.871
33861,2024,ARI,DB,CB,24.0,ACT,Starling Thomas V,Starling,Thomas,2000-01-25,70.0,195,Alabama-Birmingham,00-0038663,4363408,4d5e5960-ec6e-11ed-9096-c9ee1a56ed36,40593,17346,,ThomSt01,,11343,1,"https://static.www.nfl.com/image/upload/f_auto,q_auto/league/ktdigucmenhaofn93wwg",CB,2,REG,A01,Starling,THO443334,56353,32005448-4f44-3334-5360-346720479b88,2023,2023.0,,,24.641
33862,2024,ARI,DB,CB,24.0,ACT,Starling Thomas V,Starling,Thomas,2000-01-25,70.0,195,Alabama-Birmingham,00-0038663,4363408,4d5e5960-ec6e-11ed-9096-c9ee1a56ed36,40593,17346,,ThomSt01,,11343,1,"https://static.www.nfl.com/image/upload/f_auto,q_auto/league/ktdigucmenhaofn93wwg",CB,5,REG,A01,Starling,THO443334,56353,32005448-4f44-3334-5360-346720479b88,2023,2023.0,,,24.698
33863,2024,ARI,DB,CB,24.0,ACT,Starling Thomas V,Starling,Thomas,2000-01-25,70.0,195,Alabama-Birmingham,00-0038663,4363408,4d5e5960-ec6e-11ed-9096-c9ee1a56ed36,40593,17346,,ThomSt01,,11343,1,"https://static.www.nfl.com/image/upload/f_auto,q_auto/league/ktdigucmenhaofn93wwg",CB,8,REG,A01,Starling,THO443334,56353,32005448-4f44-3334-5360-346720479b88,2023,2023.0,,,24.756
33864,2024,ARI,DB,CB,24.0,ACT,Starling Thomas V,Starling,Thomas,2000-01-25,70.0,195,Alabama-Birmingham,00-0038663,4363408,4d5e5960-ec6e-11ed-9096-c9ee1a56ed36,40593,17346,,ThomSt01,,11343,1,"https://static.www.nfl.com/image/upload/f_auto,q_auto/league/ktdigucmenhaofn93wwg",CB,1,REG,A01,Starling,THO443334,56353,32005448-4f44-3334-5360-346720479b88,2023,2023.0,,,24.621
33865,2024,ARI,DB,CB,24.0,ACT,Starling Thomas V,Starling,Thomas,2000-01-25,70.0,195,Alabama-Birmingham,00-0038663,4363408,4d5e5960-ec6e-11ed-9096-c9ee1a56ed36,40593,17346,,ThomSt01,,11343,1,"https://static.www.nfl.com/image/upload/f_auto,q_auto/league/ktdigucmenhaofn93wwg",CB,7,REG,A01,Starling,THO443334,56353,32005448-4f44-3334-5360-346720479b88,2023,2023.0,,,24.739
33866,2024,ARI,DB,CB,24.0,ACT,Starling Thomas V,Starling,Thomas,2000-01-25,70.0,195,Alabama-Birmingham,00-0038663,4363408,4d5e5960-ec6e-11ed-9096-c9ee1a56ed36,40593,17346,,ThomSt01,,11343,1,"https://static.www.nfl.com/image/upload/f_auto,q_auto/league/ktdigucmenhaofn93wwg",CB,12,REG,A01,Starling,THO443334,56353,32005448-4f44-3334-5360-346720479b88,2023,2023.0,,,24.832
33867,2024,ARI,DB,CB,24.0,ACT,Starling Thomas V,Starling,Thomas,2000-01-25,70.0,195,Alabama-Birmingham,00-0038663,4363408,4d5e5960-ec6e-11ed-9096-c9ee1a56ed36,40593,17346,,ThomSt01,,11343,1,"https://static.www.nfl.com/image/upload/f_auto,q_auto/league/ktdigucmenhaofn93wwg",CB,3,REG,A01,Starling,THO443334,56353,32005448-4f44-3334-5360-346720479b88,2023,2023.0,,,24.66
33868,2024,ARI,DB,CB,24.0,ACT,Starling Thomas V,Starling,Thomas,2000-01-25,70.0,195,Alabama-Birmingham,00-0038663,4363408,4d5e5960-ec6e-11ed-9096-c9ee1a56ed36,40593,17346,,ThomSt01,,11343,1,"https://static.www.nfl.com/image/upload/f_auto,q_auto/league/ktdigucmenhaofn93wwg",CB,10,REG,A01,Starling,THO443334,56353,32005448-4f44-3334-5360-346720479b88,2023,2023.0,,,24.794
33869,2024,ARI,DB,CB,24.0,ACT,Starling Thomas V,Starling,Thomas,2000-01-25,70.0,195,Alabama-Birmingham,00-0038663,4363408,4d5e5960-ec6e-11ed-9096-c9ee1a56ed36,40593,17346,,ThomSt01,,11343,1,"https://static.www.nfl.com/image/upload/f_auto,q_auto/league/ktdigucmenhaofn93wwg",CB,13,REG,A01,Starling,THO443334,56353,32005448-4f44-3334-5360-346720479b88,2023,2023.0,,,24.851
33870,2024,ARI,DB,CB,24.0,ACT,Starling Thomas V,Starling,Thomas,2000-01-25,70.0,195,Alabama-Birmingham,00-0038663,4363408,4d5e5960-ec6e-11ed-9096-c9ee1a56ed36,40593,17346,,ThomSt01,,11343,1,"https://static.www.nfl.com/image/upload/f_auto,q_auto/league/ktdigucmenhaofn93wwg",CB,16,REG,A01,Starling,THO443334,56353,32005448-4f44-3334-5360-346720479b88,2023,2023.0,,,24.909
33871,2024,ARI,DB,CB,24.0,ACT,Starling Thomas V,Starling,Thomas,2000-01-25,70.0,195,Alabama-Birmingham,00-0038663,4363408,4d5e5960-ec6e-11ed-9096-c9ee1a56ed36,40593,17346,,ThomSt01,,11343,1,"https://static.www.nfl.com/image/upload/f_auto,q_auto/league/ktdigucmenhaofn93wwg",CB,6,REG,A01,Starling,THO443334,56353,32005448-4f44-3334-5360-346720479b88,2023,2023.0,,,24.717
33930,2024,ARI,DB,CB,27.0,DEV,Divaad Wilson,Divaad,Wilson,2000-01-26,72.0,195,Central Florida,00-0038674,4361779,0aa43ff0-e844-11ed-998d-11e6cb59d223,,16670,,WilsDi00,,11132,1,"https://static.www.nfl.com/image/upload/f_auto,q_auto/league/p98t3eilvrv5mgvlagcq",,5,REG,P01,Divaad,WIL674528,56364,32005749-4c67-4528-94bd-b2f2e2660bcb,2023,2023.0,,,24.695
33932,2024,ARI,DB,CB,27.0,DEV,Divaad Wilson,Divaad,Wilson,2000-01-26,72.0,195,Central Florida,00-0038674,4361779,0aa43ff0-e844-11ed-998d-11e6cb59d223,,16670,,WilsDi00,,11132,1,"https://static.www.nfl.com/image/private/f_auto,q_auto/league/n9h3d3njm5rvkg3kwtfu",,4,REG,P01,Divaad,WIL674528,56364,32005749-4c67-4528-94bd-b2f2e2660bcb,2023,2023.0,,,24.676
33933,2024,ARI,DB,CB,27.0,ACT,Divaad Wilson,Divaad,Wilson,2000-01-26,72.0,195,Central Florida,00-0038674,4361779,0aa43ff0-e844-11ed-998d-11e6cb59d223,,16670,,WilsDi00,,11132,1,"https://static.www.nfl.com/image/upload/f_auto,q_auto/league/p98t3eilvrv5mgvlagcq",,8,REG,A01,Divaad,WIL674528,56364,32005749-4c67-4528-94bd-b2f2e2660bcb,2023,2023.0,,,24.753
33934,2024,ARI,DB,CB,27.0,DEV,Divaad Wilson,Divaad,Wilson,2000-01-26,72.0,195,Central Florida,00-0038674,4361779,0aa43ff0-e844-11ed-998d-11e6cb59d223,,16670,,WilsDi00,,11132,1,"https://static.www.nfl.com/image/upload/f_auto,q_auto/league/p98t3eilvrv5mgvlagcq",,12,REG,P01,Divaad,WIL674528,56364,32005749-4c67-4528-94bd-b2f2e2660bcb,2023,2023.0,,,24.83
33935,2024,ARI,DB,CB,27.0,DEV,Divaad Wilson,Divaad,Wilson,2000-01-26,72.0,195,Central Florida,00-0038674,4361779,0aa43ff0-e844-11ed-998d-11e6cb59d223,,16670,,WilsDi00,,11132,1,"https://static.www.nfl.com/image/private/f_auto,q_auto/league/n9h3d3njm5rvkg3kwtfu",,3,REG,P01,Divaad,WIL674528,56364,32005749-4c67-4528-94bd-b2f2e2660bcb,2023,2023.0,,,24.657
33936,2024,ARI,DB,CB,27.0,DEV,Divaad Wilson,Divaad,Wilson,2000-01-26,72.0,195,Central Florida,00-0038674,4361779,0aa43ff0-e844-11ed-998d-11e6cb59d223,,16670,,WilsDi00,,11132,1,"https://static.www.nfl.com/image/upload/f_auto,q_auto/league/p98t3eilvrv5mgvlagcq",,6,REG,P01,Divaad,WIL674528,56364,32005749-4c67-4528-94bd-b2f2e2660bcb,2023,2023.0,,,24.715
33937,2024,ARI,DB,CB,27.0,DEV,Divaad Wilson,Divaad,Wilson,2000-01-26,72.0,195,Central Florida,00-0038674,4361779,0aa43ff0-e844-11ed-998d-11e6cb59d223,,16670,,WilsDi00,,11132,1,"https://static.www.nfl.com/image/upload/f_auto,q_auto/league/p98t3eilvrv5mgvlagcq",,9,REG,P01,Divaad,WIL674528,56364,32005749-4c67-4528-94bd-b2f2e2660bcb,2023,2023.0,,,24.772
33938,2024,ARI,DB,CB,27.0,DEV,Divaad Wilson,Divaad,Wilson,2000-01-26,72.0,195,Central Florida,00-0038674,4361779,0aa43ff0-e844-11ed-998d-11e6cb59d223,,16670,,WilsDi00,,11132,1,"https://static.www.nfl.com/image/upload/f_auto,q_auto/league/p98t3eilvrv5mgvlagcq",,14,REG,P01,Divaad,WIL674528,56364,32005749-4c67-4528-94bd-b2f2e2660bcb,2023,2023.0,,,24.868
33939,2024,ARI,DB,CB,27.0,ACT,Divaad Wilson,Divaad,Wilson,2000-01-26,72.0,195,Central Florida,00-0038674,4361779,0aa43ff0-e844-11ed-998d-11e6cb59d223,,16670,,WilsDi00,,11132,1,"https://static.www.nfl.com/image/upload/f_auto,q_auto/league/p98t3eilvrv5mgvlagcq",,10,REG,A01,Divaad,WIL674528,56364,32005749-4c67-4528-94bd-b2f2e2660bcb,2023,2023.0,,,24.791
33940,2024,ARI,DB,CB,27.0,DEV,Divaad Wilson,Divaad,Wilson,2000-01-26,72.0,195,Central Florida,00-0038674,4361779,0aa43ff0-e844-11ed-998d-11e6cb59d223,,16670,,WilsDi00,,11132,1,"https://static.www.nfl.com/image/upload/f_auto,q_auto/league/p98t3eilvrv5mgvlagcq",,7,REG,P01,Divaad,WIL674528,56364,32005749-4c67-4528-94bd-b2f2e2660bcb,2023,2023.0,,,24.736
33942,2024,ARI,DB,CB,27.0,DEV,Divaad Wilson,Divaad,Wilson,2000-01-26,72.0,195,Central Florida,00-0038674,4361779,0aa43ff0-e844-11ed-998d-11e6cb59d223,,16670,,WilsDi00,,11132,1,"https://static.www.nfl.com/image/private/f_auto,q_auto/league/n9h3d3njm5rvkg3kwtfu",,1,REG,P01,Divaad,WIL674528,56364,32005749-4c67-4528-94bd-b2f2e2660bcb,2023,2023.0,,,24.619
33943,2024,ARI,DB,CB,27.0,DEV,Divaad Wilson,Divaad,Wilson,2000-01-26,72.0,195,Central Florida,00-0038674,4361779,0aa43ff0-e844-11ed-998d-11e6cb59d223,,16670,,WilsDi00,,11132,1,"https://static.www.nfl.com/image/private/f_auto,q_auto/league/n9h3d3njm5rvkg3kwtfu",,2,REG,P01,Divaad,WIL674528,56364,32005749-4c67-4528-94bd-b2f2e2660bcb,2023,2023.0,,,24.638
33945,2024,ARI,DB,CB,27.0,DEV,Divaad Wilson,Divaad,Wilson,2000-01-26,72.0,195,Central Florida,00-0038674,4361779,0aa43ff0-e844-11ed-998d-11e6cb59d223,,16670,,WilsDi00,,11132,1,"https://static.www.nfl.com/image/upload/f_auto,q_auto/league/p98t3eilvrv5mgvlagcq",,13,REG,P01,Divaad,WIL674528,56364,32005749-4c67-4528-94bd-b2f2e2660bcb,2023,2023.0,,,24.849
34096,2024,ARI,WR,WR,38.0,CUT,Daniel Arias,Daniel,Arias,1998-09-02,76.0,215,Colorado,00-0038702,4360644,86ff1f70-e8fd-11ed-a8d2-1345be16ddc4,40432,17234,,,,11184,1,,,1,REG,A01,Daniel,ARI318217,56392,32004152-4931-8217-4402-8d12902446ba,2023,2023.0,,,26.018
34114,2024,ARI,RB,RB,31.0,ACT,Emari Demercado,Emari,Demercado,1999-01-20,69.0,210,Texas Christian,00-0038705,4362478,44b4cbf0-e8fe-11ed-bc6e-a5c4d3ccbdd1,40430,17091,,DemeEm00,,11199,1,"https://static.www.nfl.com/image/upload/f_auto,q_auto/league/pvd4nrkfpg8h1yamerrr",RB,12,REG,A01,Emari,DEM317794,56395,32004445-4d31-7794-7d50-f20a6d3e35eb,2023,2023.0,,,25.845
34115,2024,ARI,RB,RB,31.0,ACT,Emari Demercado,Emari,Demercado,1999-01-20,69.0,210,Texas Christian,00-0038705,4362478,44b4cbf0-e8fe-11ed-bc6e-a5c4d3ccbdd1,40430,17091,,DemeEm00,,11199,1,"https://static.www.nfl.com/image/upload/f_auto,q_auto/league/pvd4nrkfpg8h1yamerrr",RB,3,REG,A01,Emari,DEM317794,56395,32004445-4d31-7794-7d50-f20a6d3e35eb,2023,2023.0,,,25.673
34116,2024,ARI,RB,RB,31.0,ACT,Emari Demercado,Emari,Demercado,1999-01-20,69.0,210,Texas Christian,00-0038705,4362478,44b4cbf0-e8fe-11ed-bc6e-a5c4d3ccbdd1,40430,17091,,DemeEm00,,11199,1,"https://static.www.nfl.com/image/upload/f_auto,q_auto/league/pvd4nrkfpg8h1yamerrr",RB,14,REG,A01,Emari,DEM317794,56395,32004445-4d31-7794-7d50-f20a6d3e35eb,2023,2023.0,,,25.884
34117,2024,ARI,RB,RB,31.0,ACT,Emari Demercado,Emari,Demercado,1999-01-20,69.0,210,Texas Christian,00-0038705,4362478,44b4cbf0-e8fe-11ed-bc6e-a5c4d3ccbdd1,40430,17091,,DemeEm00,,11199,1,"https://static.www.nfl.com/image/upload/f_auto,q_auto/league/pvd4nrkfpg8h1yamerrr",RB,8,REG,A01,Emari,DEM317794,56395,32004445-4d31-7794-7d50-f20a6d3e35eb,2023,2023.0,,,25.769
34118,2024,ARI,RB,RB,31.0,RES,Emari Demercado,Emari,Demercado,1999-01-20,69.0,210,Texas Christian,00-0038705,4362478,44b4cbf0-e8fe-11ed-bc6e-a5c4d3ccbdd1,40430,17091,,DemeEm00,,11199,1,"https://static.www.nfl.com/image/upload/f_auto,q_auto/league/pvd4nrkfpg8h1yamerrr",,16,REG,R01,Emari,DEM317794,56395,32004445-4d31-7794-7d50-f20a6d3e35eb,2023,2023.0,,,25.922
34119,2024,ARI,RB,RB,31.0,ACT,Emari Demercado,Emari,Demercado,1999-01-20,69.0,210,Texas Christian,00-0038705,4362478,44b4cbf0-e8fe-11ed-bc6e-a5c4d3ccbdd1,40430,17091,,DemeEm00,,11199,1,"https://static.www.nfl.com/image/upload/f_auto,q_auto/league/pvd4nrkfpg8h1yamerrr",RB,1,REG,A01,Emari,DEM317794,56395,32004445-4d31-7794-7d50-f20a6d3e35eb,2023,2023.0,,,25.634
34120,2024,ARI,RB,RB,31.0,ACT,Emari Demercado,Emari,Demercado,1999-01-20,69.0,210,Texas Christian,00-0038705,4362478,44b4cbf0-e8fe-11ed-bc6e-a5c4d3ccbdd1,40430,17091,,DemeEm00,,11199,1,"https://static.www.nfl.com/image/upload/f_auto,q_auto/league/pvd4nrkfpg8h1yamerrr",RB,5,REG,A01,Emari,DEM317794,56395,32004445-4d31-7794-7d50-f20a6d3e35eb,2023,2023.0,,,25.711
34121,2024,ARI,RB,RB,31.0,ACT,Emari Demercado,Emari,Demercado,1999-01-20,69.0,210,Texas Christian,00-0038705,4362478,44b4cbf0-e8fe-11ed-bc6e-a5c4d3ccbdd1,40430,17091,,DemeEm00,,11199,1,"https://static.www.nfl.com/image/upload/f_auto,q_auto/league/pvd4nrkfpg8h1yamerrr",RB,6,REG,A01,Emari,DEM317794,56395,32004445-4d31-7794-7d50-f20a6d3e35eb,2023,2023.0,,,25.73
34122,2024,ARI,RB,RB,31.0,ACT,Emari Demercado,Emari,Demercado,1999-01-20,69.0,210,Texas Christian,00-0038705,4362478,44b4cbf0-e8fe-11ed-bc6e-a5c4d3ccbdd1,40430,17091,,DemeEm00,,11199,1,"https://static.www.nfl.com/image/upload/f_auto,q_auto/league/pvd4nrkfpg8h1yamerrr",RB,2,REG,A01,Emari,DEM317794,56395,32004445-4d31-7794-7d50-f20a6d3e35eb,2023,2023.0,,,25.654
34123,2024,ARI,RB,RB,31.0,ACT,Emari Demercado,Emari,Demercado,1999-01-20,69.0,210,Texas Christian,00-0038705,4362478,44b4cbf0-e8fe-11ed-bc6e-a5c4d3ccbdd1,40430,17091,,DemeEm00,,11199,1,"https://static.www.nfl.com/image/upload/f_auto,q_auto/league/pvd4nrkfpg8h1yamerrr",RB,7,REG,A01,Emari,DEM317794,56395,32004445-4d31-7794-7d50-f20a6d3e35eb,2023,2023.0,,,25.752
34124,2024,ARI,RB,RB,31.0,ACT,Emari Demercado,Emari,Demercado,1999-01-20,69.0,210,Texas Christian,00-0038705,4362478,44b4cbf0-e8fe-11ed-bc6e-a5c4d3ccbdd1,40430,17091,,DemeEm00,,11199,1,"https://static.www.nfl.com/image/upload/f_auto,q_auto/league/pvd4nrkfpg8h1yamerrr",RB,9,REG,A01,Emari,DEM317794,56395,32004445-4d31-7794-7d50-f20a6d3e35eb,2023,2023.0,,,25.788
34125,2024,ARI,RB,RB,31.0,RES,Emari Demercado,Emari,Demercado,1999-01-20,69.0,210,Texas Christian,00-0038705,4362478,44b4cbf0-e8fe-11ed-bc6e-a5c4d3ccbdd1,40430,17091,,DemeEm00,,11199,1,"https://static.www.nfl.com/image/upload/f_auto,q_auto/league/pvd4nrkfpg8h1yamerrr",,17,REG,R01,Emari,DEM317794,56395,32004445-4d31-7794-7d50-f20a6d3e35eb,2023,2023.0,,,25.938
34126,2024,ARI,RB,RB,31.0,ACT,Emari Demercado,Emari,Demercado,1999-01-20,69.0,210,Texas Christian,00-0038705,4362478,44b4cbf0-e8fe-11ed-bc6e-a5c4d3ccbdd1,40430,17091,,DemeEm00,,11199,1,"https://static.www.nfl.com/image/upload/f_auto,q_auto/league/pvd4nrkfpg8h1yamerrr",RB,10,REG,A01,Emari,DEM317794,56395,32004445-4d31-7794-7d50-f20a6d3e35eb,2023,2023.0,,,25.807
34127,2024,ARI,RB,RB,31.0,RES,Emari Demercado,Emari,Demercado,1999-01-20,69.0,210,Texas Christian,00-0038705,4362478,44b4cbf0-e8fe-11ed-bc6e-a5c4d3ccbdd1,40430,17091,,DemeEm00,,11199,1,"https://static.www.nfl.com/image/upload/f_auto,q_auto/league/pvd4nrkfpg8h1yamerrr",,18,REG,R01,Emari,DEM317794,56395,32004445-4d31-7794-7d50-f20a6d3e35eb,2023,2023.0,,,25.96
34128,2024,ARI,RB,RB,31.0,ACT,Emari Demercado,Emari,Demercado,1999-01-20,69.0,210,Texas Christian,00-0038705,4362478,44b4cbf0-e8fe-11ed-bc6e-a5c4d3ccbdd1,40430,17091,,DemeEm00,,11199,1,"https://static.www.nfl.com/image/upload/f_auto,q_auto/league/pvd4nrkfpg8h1yamerrr",RB,13,REG,A01,Emari,DEM317794,56395,32004445-4d31-7794-7d50-f20a6d3e35eb,2023,2023.0,,,25.864
34129,2024,ARI,RB,RB,31.0,ACT,Emari Demercado,Emari,Demercado,1999-01-20,69.0,210,Texas Christian,00-0038705,4362478,44b4cbf0-e8fe-11ed-bc6e-a5c4d3ccbdd1,40430,17091,,DemeEm00,,11199,1,"https://static.www.nfl.com/image/upload/f_auto,q_auto/league/pvd4nrkfpg8h1yamerrr",RB,4,REG,A01,Emari,DEM317794,56395,32004445-4d31-7794-7d50-f20a6d3e35eb,2023,2023.0,,,25.692
34130,2024,ARI,RB,RB,31.0,RES,Emari Demercado,Emari,Demercado,1999-01-20,69.0,210,Texas Christian,00-0038705,4362478,44b4cbf0-e8fe-11ed-bc6e-a5c4d3ccbdd1,40430,17091,,DemeEm00,,11199,1,"https://static.www.nfl.com/image/upload/f_auto,q_auto/league/pvd4nrkfpg8h1yamerrr",,15,REG,R01,Emari,DEM317794,56395,32004445-4d31-7794-7d50-f20a6d3e35eb,2023,2023.0,,,25.903
34183,2024,ARI,RB,RB,48.0,CUT,Hassan Hall,Hassan,Hall,2000-08-28,70.0,196,Georgia Tech,00-0038714,4360805,25c29aa0-eaee-11ed-9987-f5ca5f2343d6,40507,17244,,,,11270,1,"https://static.www.nfl.com/image/upload/f_auto,q_auto/league/wjnqcxfqnyz6swcopt02",,1,REG,W03,Hassan,HAL328406,56404,32004841-4c32-8406-a4bd-46e1818a813a,2023,2023.0,,,24.03
34184,2024,ARI,RB,RB,48.0,DEV,Hassan Hall,Hassan,Hall,2000-08-28,70.0,196,Georgia Tech,00-0038714,4360805,25c29aa0-eaee-11ed-9987-f5ca5f2343d6,40507,17244,,,,11270,1,"https://static.www.nfl.com/image/upload/f_auto,q_auto/league/wjnqcxfqnyz6swcopt02",,18,REG,P01,Hassan,HAL328406,56404,32004841-4c32-8406-a4bd-46e1818a813a,2023,2023.0,,,24.356
34761,2024,ARI,DL,NT,94.0,DEV,PJ Mustipher,P.J.,Mustipher,1999-11-10,76.0,318,Penn State,00-0038795,,,,,,,,,1,"https://static.www.nfl.com/image/upload/f_auto,q_auto/league/f5n4k2flgo42v2n6pkpi",,5,REG,P01,P.J.,MUS717549,56514,32004d55-5371-7549-899b-f99d88822961,2023,2023.0,,,24.906
34762,2024,ARI,DL,NT,94.0,DEV,PJ Mustipher,P.J.,Mustipher,1999-11-10,76.0,318,Penn State,00-0038795,,,,,,,,,1,"https://static.www.nfl.com/image/upload/f_auto,q_auto/league/pwu1w4o1w2rwxv4jkj6o",,1,REG,P01,P.J.,MUS717549,56514,32004d55-5371-7549-899b-f99d88822961,2023,2023.0,,,24.83
34763,2024,ARI,DL,NT,94.0,DEV,PJ Mustipher,P.J.,Mustipher,1999-11-10,76.0,318,Penn State,00-0038795,,,,,,,,,1,"https://static.www.nfl.com/image/upload/f_auto,q_auto/league/f5n4k2flgo42v2n6pkpi",,16,REG,P01,P.J.,MUS717549,56514,32004d55-5371-7549-899b-f99d88822961,2023,2023.0,,,25.117
34764,2024,ARI,DL,NT,94.0,DEV,PJ Mustipher,P.J.,Mustipher,1999-11-10,76.0,318,Penn State,00-0038795,,,,,,,,,1,"https://static.www.nfl.com/image/upload/f_auto,q_auto/league/f5n4k2flgo42v2n6pkpi",,12,REG,P01,P.J.,MUS717549,56514,32004d55-5371-7549-899b-f99d88822961,2023,2023.0,,,25.04
34765,2024,ARI,DL,NT,94.0,DEV,PJ Mustipher,P.J.,Mustipher,1999-11-10,76.0,318,Penn State,00-0038795,,,,,,,,,1,"https://static.www.nfl.com/image/upload/f_auto,q_auto/league/f5n4k2flgo42v2n6pkpi",,9,REG,P01,P.J.,MUS717549,56514,32004d55-5371-7549-899b-f99d88822961,2023,2023.0,,,24.983
34766,2024,ARI,DL,NT,94.0,DEV,PJ Mustipher,P.J.,Mustipher,1999-11-10,76.0,318,Penn State,00-0038795,,,,,,,,,1,"https://static.www.nfl.com/image/upload/f_auto,q_auto/league/f5n4k2flgo42v2n6pkpi",,13,REG,P01,P.J.,MUS717549,56514,32004d55-5371-7549-899b-f99d88822961,2023,2023.0,,,25.06
34767,2024,ARI,DL,NT,94.0,DEV,PJ Mustipher,P.J.,Mustipher,1999-11-10,76.0,318,Penn State,00-0038795,,,,,,,,,1,"https://static.www.nfl.com/image/upload/f_auto,q_auto/league/f5n4k2flgo42v2n6pkpi",,6,REG,P01,P.J.,MUS717549,56514,32004d55-5371-7549-899b-f99d88822961,2023,2023.0,,,24.925
34768,2024,ARI,DL,NT,94.0,DEV,PJ Mustipher,P.J.,Mustipher,1999-11-10,76.0,318,Penn State,00-0038795,,,,,,,,,1,"https://static.www.nfl.com/image/upload/f_auto,q_auto/league/f5n4k2flgo42v2n6pkpi",,15,REG,P01,P.J.,MUS717549,56514,32004d55-5371-7549-899b-f99d88822961,2023,2023.0,,,25.098
34769,2024,ARI,DL,NT,94.0,DEV,PJ Mustipher,P.J.,Mustipher,1999-11-10,76.0,318,Penn State,00-0038795,,,,,,,,,1,"https://static.www.nfl.com/image/upload/f_auto,q_auto/league/f5n4k2flgo42v2n6pkpi",,8,REG,P01,P.J.,MUS717549,56514,32004d55-5371-7549-899b-f99d88822961,2023,2023.0,,,24.964
34770,2024,ARI,DL,NT,94.0,DEV,PJ Mustipher,P.J.,Mustipher,1999-11-10,76.0,318,Penn State,00-0038795,,,,,,,,,1,"https://static.www.nfl.com/image/upload/f_auto,q_auto/league/pwu1w4o1w2rwxv4jkj6o",,3,REG,P01,P.J.,MUS717549,56514,32004d55-5371-7549-899b-f99d88822961,2023,2023.0,,,24.868
34771,2024,ARI,DL,NT,94.0,DEV,PJ Mustipher,P.J.,Mustipher,1999-11-10,76.0,318,Penn State,00-0038795,,,,,,,,,1,"https://static.www.nfl.com/image/upload/f_auto,q_auto/league/f5n4k2flgo42v2n6pkpi",,14,REG,P01,P.J.,MUS717549,56514,32004d55-5371-7549-899b-f99d88822961,2023,2023.0,,,25.079
34772,2024,ARI,DL,NT,94.0,DEV,PJ Mustipher,P.J.,Mustipher,1999-11-10,76.0,318,Penn State,00-0038795,,,,,,,,,1,"https://static.www.nfl.com/image/upload/f_auto,q_auto/league/f5n4k2flgo42v2n6pkpi",,7,REG,P01,P.J.,MUS717549,56514,32004d55-5371-7549-899b-f99d88822961,2023,2023.0,,,24.947
34773,2024,ARI,DL,NT,94.0,DEV,PJ Mustipher,P.J.,Mustipher,1999-11-10,76.0,318,Penn State,00-0038795,,,,,,,,,1,"https://static.www.nfl.com/image/upload/f_auto,q_auto/league/f5n4k2flgo42v2n6pkpi",,17,REG,P01,P.J.,MUS717549,56514,32004d55-5371-7549-899b-f99d88822961,2023,2023.0,,,25.133
34774,2024,ARI,DL,NT,94.0,DEV,PJ Mustipher,P.J.,Mustipher,1999-11-10,76.0,318,Penn State,00-0038795,,,,,,,,,1,"https://static.www.nfl.com/image/upload/f_auto,q_auto/league/f5n4k2flgo42v2n6pkpi",,18,REG,P01,P.J.,MUS717549,56514,32004d55-5371-7549-899b-f99d88822961,2023,2023.0,,,25.155
34775,2024,ARI,DL,NT,94.0,DEV,PJ Mustipher,P.J.,Mustipher,1999-11-10,76.0,318,Penn State,00-0038795,,,,,,,,,1,"https://static.www.nfl.com/image/upload/f_auto,q_auto/league/pwu1w4o1w2rwxv4jkj6o",,4,REG,P01,P.J.,MUS717549,56514,32004d55-5371-7549-899b-f99d88822961,2023,2023.0,,,24.887
34776,2024,ARI,DL,NT,94.0,DEV,PJ Mustipher,P.J.,Mustipher,1999-11-10,76.0,318,Penn State,00-0038795,,,,,,,,,1,"https://static.www.nfl.com/image/upload/f_auto,q_auto/league/f5n4k2flgo42v2n6pkpi",,10,REG,P01,P.J.,MUS717549,56514,32004d55-5371-7549-899b-f99d88822961,2023,2023.0,,,25.002
34777,2024,ARI,DL,NT,94.0,DEV,PJ Mustipher,P.J.,Mustipher,1999-11-10,76.0,318,Penn State,00-0038795,,,,,,,,,1,"https://static.www.nfl.com/image/upload/f_auto,q_auto/league/pwu1w4o1w2rwxv4jkj6o",,2,REG,P01,P.J.,MUS717549,56514,32004d55-5371-7549-899b-f99d88822961,2023,2023.0,,,24.849
36037,2024,ARI,DB,CB,13.0,ACT,Kei'Trel Clark,Kei'Trel,Clark,2001-03-19,70.0,177,Louisville,00-0038984,4426923,a7140ce9-4841-4f7f-9bda-5dcd75899eec,40229,16695,,ClarKe02,,11014,1,"https://static.www.nfl.com/image/upload/f_auto,q_auto/league/v9krbuy5ubbsuilxtbad",CB,6,REG,A01,Kei'Trel,CLA395333,56045,3200434c-4139-5333-4a18-780ebdf70394,2023,2023.0,ARI,180.0,23.57
36038,2024,ARI,DB,CB,13.0,ACT,Kei'Trel Clark,Kei'Trel,Clark,2001-03-19,70.0,177,Louisville,00-0038984,4426923,a7140ce9-4841-4f7f-9bda-5dcd75899eec,40229,16695,,ClarKe02,,11014,1,"https://static.www.nfl.com/image/upload/f_auto,q_auto/league/v9krbuy5ubbsuilxtbad",SLOT_CB,12,REG,A01,Kei'Trel,CLA395333,56045,3200434c-4139-5333-4a18-780ebdf70394,2023,2023.0,ARI,180.0,23.685
36039,2024,ARI,DB,CB,13.0,ACT,Kei'Trel Clark,Kei'Trel,Clark,2001-03-19,70.0,177,Louisville,00-0038984,4426923,a7140ce9-4841-4f7f-9bda-5dcd75899eec,40229,16695,,ClarKe02,,11014,1,"https://static.www.nfl.com/image/upload/f_auto,q_auto/league/v9krbuy5ubbsuilxtbad",,3,REG,A01,Kei'Trel,CLA395333,56045,3200434c-4139-5333-4a18-780ebdf70394,2023,2023.0,ARI,180.0,23.513
36040,2024,ARI,DB,CB,13.0,ACT,Kei'Trel Clark,Kei'Trel,Clark,2001-03-19,70.0,177,Louisville,00-0038984,4426923,a7140ce9-4841-4f7f-9bda-5dcd75899eec,40229,16695,,ClarKe02,,11014,1,"https://static.www.nfl.com/image/upload/f_auto,q_auto/league/v9krbuy5ubbsuilxtbad",SLOT_CB,17,REG,A01,Kei'Trel,CLA395333,56045,3200434c-4139-5333-4a18-780ebdf70394,2023,2023.0,ARI,180.0,23.778
36041,2024,ARI,DB,CB,13.0,INA,Kei'Trel Clark,Kei'Trel,Clark,2001-03-19,70.0,177,Louisville,00-0038984,4426923,a7140ce9-4841-4f7f-9bda-5dcd75899eec,40229,16695,,ClarKe02,,11014,1,"https://static.www.nfl.com/image/upload/f_auto,q_auto/league/v9krbuy5ubbsuilxtbad",,7,REG,A01,Kei'Trel,CLA395333,56045,3200434c-4139-5333-4a18-780ebdf70394,2023,2023.0,ARI,180.0,23.592
36042,2024,ARI,DB,CB,13.0,ACT,Kei'Trel Clark,Kei'Trel,Clark,2001-03-19,70.0,177,Louisville,00-0038984,4426923,a7140ce9-4841-4f7f-9bda-5dcd75899eec,40229,16695,,ClarKe02,,11014,1,"https://static.www.nfl.com/image/upload/f_auto,q_auto/league/v9krbuy5ubbsuilxtbad",CB,18,REG,A01,Kei'Trel,CLA395333,56045,3200434c-4139-5333-4a18-780ebdf70394,2023,2023.0,ARI,180.0,23.8
36043,2024,ARI,DB,CB,13.0,ACT,Kei'Trel Clark,Kei'Trel,Clark,2001-03-19,70.0,177,Louisville,00-0038984,4426923,a7140ce9-4841-4f7f-9bda-5dcd75899eec,40229,16695,,ClarKe02,,11014,1,"https://static.www.nfl.com/image/upload/f_auto,q_auto/league/v9krbuy5ubbsuilxtbad",SLOT_CB,2,REG,A01,Kei'Trel,CLA395333,56045,3200434c-4139-5333-4a18-780ebdf70394,2023,2023.0,ARI,180.0,23.493
36044,2024,ARI,DB,CB,13.0,ACT,Kei'Trel Clark,Kei'Trel,Clark,2001-03-19,70.0,177,Louisville,00-0038984,4426923,a7140ce9-4841-4f7f-9bda-5dcd75899eec,40229,16695,,ClarKe02,,11014,1,"https://static.www.nfl.com/image/upload/f_auto,q_auto/league/v9krbuy5ubbsuilxtbad",,13,REG,A01,Kei'Trel,CLA395333,56045,3200434c-4139-5333-4a18-780ebdf70394,2023,2023.0,ARI,180.0,23.704
36045,2024,ARI,DB,CB,13.0,ACT,Kei'Trel Clark,Kei'Trel,Clark,2001-03-19,70.0,177,Louisville,00-0038984,4426923,a7140ce9-4841-4f7f-9bda-5dcd75899eec,40229,16695,,ClarKe02,,11014,1,"https://static.www.nfl.com/image/upload/f_auto,q_auto/league/v9krbuy5ubbsuilxtbad",SLOT_CB,15,REG,A01,Kei'Trel,CLA395333,56045,3200434c-4139-5333-4a18-780ebdf70394,2023,2023.0,ARI,180.0,23.743
36046,2024,ARI,DB,CB,13.0,ACT,Kei'Trel Clark,Kei'Trel,Clark,2001-03-19,70.0,177,Louisville,00-0038984,4426923,a7140ce9-4841-4f7f-9bda-5dcd75899eec,40229,16695,,ClarKe02,,11014,1,"https://static.www.nfl.com/image/upload/f_auto,q_auto/league/v9krbuy5ubbsuilxtbad",SLOT_CB,5,REG,A01,Kei'Trel,CLA395333,56045,3200434c-4139-5333-4a18-780ebdf70394,2023,2023.0,ARI,180.0,23.551
36047,2024,ARI,DB,CB,13.0,ACT,Kei'Trel Clark,Kei'Trel,Clark,2001-03-19,70.0,177,Louisville,00-0038984,4426923,a7140ce9-4841-4f7f-9bda-5dcd75899eec,40229,16695,,ClarKe02,,11014,1,"https://static.www.nfl.com/image/upload/f_auto,q_auto/league/v9krbuy5ubbsuilxtbad",,10,REG,A01,Kei'Trel,CLA395333,56045,3200434c-4139-5333-4a18-780ebdf70394,2023,2023.0,ARI,180.0,23.647
36048,2024,ARI,DB,CB,13.0,ACT,Kei'Trel Clark,Kei'Trel,Clark,2001-03-19,70.0,177,Louisville,00-0038984,4426923,a7140ce9-4841-4f7f-9bda-5dcd75899eec,40229,16695,,ClarKe02,,11014,1,"https://static.www.nfl.com/image/upload/f_auto,q_auto/league/v9krbuy5ubbsuilxtbad",CB,9,REG,A01,Kei'Trel,CLA395333,56045,3200434c-4139-5333-4a18-780ebdf70394,2023,2023.0,ARI,180.0,23.628
36049,2024,ARI,DB,CB,13.0,INA,Kei'Trel Clark,Kei'Trel,Clark,2001-03-19,70.0,177,Louisville,00-0038984,4426923,a7140ce9-4841-4f7f-9bda-5dcd75899eec,40229,16695,,ClarKe02,,11014,1,"https://static.www.nfl.com/image/upload/f_auto,q_auto/league/v9krbuy5ubbsuilxtbad",,8,REG,I01,Kei'Trel,CLA395333,56045,3200434c-4139-5333-4a18-780ebdf70394,2023,2023.0,ARI,180.0,23.608
36050,2024,ARI,DB,CB,13.0,ACT,Kei'Trel Clark,Kei'Trel,Clark,2001-03-19,70.0,177,Louisville,00-0038984,4426923,a7140ce9-4841-4f7f-9bda-5dcd75899eec,40229,16695,,ClarKe02,,11014,1,"https://static.www.nfl.com/image/upload/f_auto,q_auto/league/v9krbuy5ubbsuilxtbad",MLB,16,REG,A01,Kei'Trel,CLA395333,56045,3200434c-4139-5333-4a18-780ebdf70394,2023,2023.0,ARI,180.0,23.762
36051,2024,ARI,DB,CB,13.0,ACT,Kei'Trel Clark,Kei'Trel,Clark,2001-03-19,70.0,177,Louisville,00-0038984,4426923,a7140ce9-4841-4f7f-9bda-5dcd75899eec,40229,16695,,ClarKe02,,11014,1,"https://static.www.nfl.com/image/upload/f_auto,q_auto/league/v9krbuy5ubbsuilxtbad",SLOT_CB,4,REG,A01,Kei'Trel,CLA395333,56045,3200434c-4139-5333-4a18-780ebdf70394,2023,2023.0,ARI,180.0,23.532
36052,2024,ARI,DB,CB,13.0,ACT,Kei'Trel Clark,Kei'Trel,Clark,2001-03-19,70.0,177,Louisville,00-0038984,4426923,a7140ce9-4841-4f7f-9bda-5dcd75899eec,40229,16695,,ClarKe02,,11014,1,"https://static.www.nfl.com/image/upload/f_auto,q_auto/league/v9krbuy5ubbsuilxtbad",,14,REG,A01,Kei'Trel,CLA395333,56045,3200434c-4139-5333-4a18-780ebdf70394,2023,2023.0,ARI,180.0,23.723
36053,2024,ARI,DB,CB,13.0,ACT,Kei'Trel Clark,Kei'Trel,Clark,2001-03-19,70.0,177,Louisville,00-0038984,4426923,a7140ce9-4841-4f7f-9bda-5dcd75899eec,40229,16695,,ClarKe02,,11014,1,"https://static.www.nfl.com/image/upload/f_auto,q_auto/league/v9krbuy5ubbsuilxtbad",SLOT_CB,1,REG,A01,Kei'Trel,CLA395333,56045,3200434c-4139-5333-4a18-780ebdf70394,2023,2023.0,ARI,180.0,23.474
36179,2024,ARI,TE,TE,48.0,DEV,Jordan Murray,Jordan,Murray,2000-04-20,77.0,233,Hawaii,00-0038999,,,,,,,,,1,"https://static.www.nfl.com/image/upload/f_auto,q_auto/league/zznzlwbmkwhuxo6ihz85",,5,REG,P01,Jordan,MUR663449,56692,32004d55-5266-3449-7ac8-648527fa4034,2023,2023.0,,,24.463
36180,2024,ARI,TE,TE,48.0,CUT,Jordan Murray,Jordan,Murray,2000-04-20,77.0,233,Hawaii,00-0038999,,,,,,,,,1,"https://static.www.nfl.com/image/upload/f_auto,q_auto/league/zznzlwbmkwhuxo6ihz85",,7,REG,P01,Jordan,MUR663449,56692,32004d55-5266-3449-7ac8-648527fa4034,2023,2023.0,,,24.504
36183,2024,ARI,TE,TE,48.0,DEV,Jordan Murray,Jordan,Murray,2000-04-20,77.0,233,Hawaii,00-0038999,,,,,,,,,1,"https://static.www.nfl.com/image/upload/f_auto,q_auto/league/ve48qhgtkbaovlhyolwd",,2,REG,P01,Jordan,MUR663449,56692,32004d55-5266-3449-7ac8-648527fa4034,2023,2023.0,,,24.405
36184,2024,ARI,TE,TE,48.0,DEV,Jordan Murray,Jordan,Murray,2000-04-20,77.0,233,Hawaii,00-0038999,,,,,,,,,1,"https://static.www.nfl.com/image/upload/f_auto,q_auto/league/ve48qhgtkbaovlhyolwd",,4,REG,P01,Jordan,MUR663449,56692,32004d55-5266-3449-7ac8-648527fa4034,2023,2023.0,,,24.444
36185,2024,ARI,TE,TE,48.0,DEV,Jordan Murray,Jordan,Murray,2000-04-20,77.0,233,Hawaii,00-0038999,,,,,,,,,1,"https://static.www.nfl.com/image/upload/f_auto,q_auto/league/ve48qhgtkbaovlhyolwd",,3,REG,P01,Jordan,MUR663449,56692,32004d55-5266-3449-7ac8-648527fa4034,2023,2023.0,,,24.424
36187,2024,ARI,TE,TE,48.0,DEV,Jordan Murray,Jordan,Murray,2000-04-20,77.0,233,Hawaii,00-0038999,,,,,,,,,1,"https://static.www.nfl.com/image/upload/f_auto,q_auto/league/ve48qhgtkbaovlhyolwd",,1,REG,P01,Jordan,MUR663449,56692,32004d55-5266-3449-7ac8-648527fa4034,2023,2023.0,,,24.386
36191,2024,ARI,TE,TE,48.0,DEV,Jordan Murray,Jordan,Murray,2000-04-20,77.0,233,Hawaii,00-0038999,,,,,,,,,1,"https://static.www.nfl.com/image/upload/f_auto,q_auto/league/zznzlwbmkwhuxo6ihz85",,6,REG,P01,Jordan,MUR663449,56692,32004d55-5266-3449-7ac8-648527fa4034,2023,2023.0,,,24.482
36325,2024,ARI,DB,CB,21.0,ACT,Garrett Williams,Garrett,Williams,2001-06-01,70.0,189,Syracuse,00-0039007,4568506,e2fdfaf7-d2c4-4482-9ac2-f8fe43c49130,40127,16723,,WillGa00,,10932,1,"https://static.www.nfl.com/image/upload/f_auto,q_auto/league/uxfe2fu0xlgm9qdysh2u",SLOT_CB,17,REG,A01,Garrett,WIL292135,55937,32005749-4c29-2135-4337-7403b68fd2b1,2023,2023.0,ARI,72.0,23.576
36326,2024,ARI,DB,CB,21.0,ACT,Garrett Williams,Garrett,Williams,2001-06-01,70.0,189,Syracuse,00-0039007,4568506,e2fdfaf7-d2c4-4482-9ac2-f8fe43c49130,40127,16723,,WillGa00,,10932,1,"https://static.www.nfl.com/image/upload/f_auto,q_auto/league/uxfe2fu0xlgm9qdysh2u",SLOT_CB,3,REG,A01,Garrett,WIL292135,55937,32005749-4c29-2135-4337-7403b68fd2b1,2023,2023.0,ARI,72.0,23.31
36327,2024,ARI,DB,CB,21.0,ACT,Garrett Williams,Garrett,Williams,2001-06-01,70.0,189,Syracuse,00-0039007,4568506,e2fdfaf7-d2c4-4482-9ac2-f8fe43c49130,40127,16723,,WillGa00,,10932,1,"https://static.www.nfl.com/image/upload/f_auto,q_auto/league/uxfe2fu0xlgm9qdysh2u",SLOT_CB,18,REG,A01,Garrett,WIL292135,55937,32005749-4c29-2135-4337-7403b68fd2b1,2023,2023.0,ARI,72.0,23.598
36328,2024,ARI,DB,CB,21.0,ACT,Garrett Williams,Garrett,Williams,2001-06-01,70.0,189,Syracuse,00-0039007,4568506,e2fdfaf7-d2c4-4482-9ac2-f8fe43c49130,40127,16723,,WillGa00,,10932,1,"https://static.www.nfl.com/image/upload/f_auto,q_auto/league/uxfe2fu0xlgm9qdysh2u",SLOT_CB,16,REG,A01,Garrett,WIL292135,55937,32005749-4c29-2135-4337-7403b68fd2b1,2023,2023.0,ARI,72.0,23.559
36329,2024,ARI,DB,CB,21.0,ACT,Garrett Williams,Garrett,Williams,2001-06-01,70.0,189,Syracuse,00-0039007,4568506,e2fdfaf7-d2c4-4482-9ac2-f8fe43c49130,40127,16723,,WillGa00,,10932,1,"https://static.www.nfl.com/image/upload/f_auto,q_auto/league/uxfe2fu0xlgm9qdysh2u",SLOT_CB,7,REG,A01,Garrett,WIL292135,55937,32005749-4c29-2135-4337-7403b68fd2b1,2023,2023.0,ARI,72.0,23.389
36330,2024,ARI,DB,CB,21.0,ACT,Garrett Williams,Garrett,Williams,2001-06-01,70.0,189,Syracuse,00-0039007,4568506,e2fdfaf7-d2c4-4482-9ac2-f8fe43c49130,40127,16723,,WillGa00,,10932,1,"https://static.www.nfl.com/image/upload/f_auto,q_auto/league/uxfe2fu0xlgm9qdysh2u",SLOT_CB,8,REG,A01,Garrett,WIL292135,55937,32005749-4c29-2135-4337-7403b68fd2b1,2023,2023.0,ARI,72.0,23.406
36331,2024,ARI,DB,CB,21.0,ACT,Garrett Williams,Garrett,Williams,2001-06-01,70.0,189,Syracuse,00-0039007,4568506,e2fdfaf7-d2c4-4482-9ac2-f8fe43c49130,40127,16723,,WillGa00,,10932,1,"https://static.www.nfl.com/image/upload/f_auto,q_auto/league/uxfe2fu0xlgm9qdysh2u",SLOT_CB,12,REG,A01,Garrett,WIL292135,55937,32005749-4c29-2135-4337-7403b68fd2b1,2023,2023.0,ARI,72.0,23.483
36332,2024,ARI,DB,CB,21.0,INA,Garrett Williams,Garrett,Williams,2001-06-01,70.0,189,Syracuse,00-0039007,4568506,e2fdfaf7-d2c4-4482-9ac2-f8fe43c49130,40127,16723,,WillGa00,,10932,1,"https://static.www.nfl.com/image/upload/f_auto,q_auto/league/uxfe2fu0xlgm9qdysh2u",,5,REG,I01,Garrett,WIL292135,55937,32005749-4c29-2135-4337-7403b68fd2b1,2023,2023.0,ARI,72.0,23.348
36333,2024,ARI,DB,CB,21.0,ACT,Garrett Williams,Garrett,Williams,2001-06-01,70.0,189,Syracuse,00-0039007,4568506,e2fdfaf7-d2c4-4482-9ac2-f8fe43c49130,40127,16723,,WillGa00,,10932,1,"https://static.www.nfl.com/image/upload/f_auto,q_auto/league/uxfe2fu0xlgm9qdysh2u",SLOT_CB,4,REG,A01,Garrett,WIL292135,55937,32005749-4c29-2135-4337-7403b68fd2b1,2023,2023.0,ARI,72.0,23.329
36334,2024,ARI,DB,CB,21.0,ACT,Garrett Williams,Garrett,Williams,2001-06-01,70.0,189,Syracuse,00-0039007,4568506,e2fdfaf7-d2c4-4482-9ac2-f8fe43c49130,40127,16723,,WillGa00,,10932,1,"https://static.www.nfl.com/image/upload/f_auto,q_auto/league/uxfe2fu0xlgm9qdysh2u",SLOT_CB,9,REG,A01,Garrett,WIL292135,55937,32005749-4c29-2135-4337-7403b68fd2b1,2023,2023.0,ARI,72.0,23.425
36335,2024,ARI,DB,CB,21.0,ACT,Garrett Williams,Garrett,Williams,2001-06-01,70.0,189,Syracuse,00-0039007,4568506,e2fdfaf7-d2c4-4482-9ac2-f8fe43c49130,40127,16723,,WillGa00,,10932,1,"https://static.www.nfl.com/image/upload/f_auto,q_auto/league/uxfe2fu0xlgm9qdysh2u",SLOT_CB,6,REG,A01,Garrett,WIL292135,55937,32005749-4c29-2135-4337-7403b68fd2b1,2023,2023.0,ARI,72.0,23.368
36336,2024,ARI,DB,CB,21.0,ACT,Garrett Williams,Garrett,Williams,2001-06-01,70.0,189,Syracuse,00-0039007,4568506,e2fdfaf7-d2c4-4482-9ac2-f8fe43c49130,40127,16723,,WillGa00,,10932,1,"https://static.www.nfl.com/image/upload/f_auto,q_auto/league/uxfe2fu0xlgm9qdysh2u",SLOT_CB,10,REG,A01,Garrett,WIL292135,55937,32005749-4c29-2135-4337-7403b68fd2b1,2023,2023.0,ARI,72.0,23.444
36337,2024,ARI,DB,CB,21.0,ACT,Garrett Williams,Garrett,Williams,2001-06-01,70.0,189,Syracuse,00-0039007,4568506,e2fdfaf7-d2c4-4482-9ac2-f8fe43c49130,40127,16723,,WillGa00,,10932,1,"https://static.www.nfl.com/image/upload/f_auto,q_auto/league/uxfe2fu0xlgm9qdysh2u",SLOT_CB,13,REG,A01,Garrett,WIL292135,55937,32005749-4c29-2135-4337-7403b68fd2b1,2023,2023.0,ARI,72.0,23.502
36338,2024,ARI,DB,CB,21.0,ACT,Garrett Williams,Garrett,Williams,2001-06-01,70.0,189,Syracuse,00-0039007,4568506,e2fdfaf7-d2c4-4482-9ac2-f8fe43c49130,40127,16723,,WillGa00,,10932,1,"https://static.www.nfl.com/image/upload/f_auto,q_auto/league/uxfe2fu0xlgm9qdysh2u",SLOT_CB,15,REG,A01,Garrett,WIL292135,55937,32005749-4c29-2135-4337-7403b68fd2b1,2023,2023.0,ARI,72.0,23.54
36339,2024,ARI,DB,CB,21.0,ACT,Garrett Williams,Garrett,Williams,2001-06-01,70.0,189,Syracuse,00-0039007,4568506,e2fdfaf7-d2c4-4482-9ac2-f8fe43c49130,40127,16723,,WillGa00,,10932,1,"https://static.www.nfl.com/image/upload/f_auto,q_auto/league/uxfe2fu0xlgm9qdysh2u",SLOT_CB,14,REG,A01,Garrett,WIL292135,55937,32005749-4c29-2135-4337-7403b68fd2b1,2023,2023.0,ARI,72.0,23.521
36340,2024,ARI,DB,CB,21.0,ACT,Garrett Williams,Garrett,Williams,2001-06-01,70.0,189,Syracuse,00-0039007,4568506,e2fdfaf7-d2c4-4482-9ac2-f8fe43c49130,40127,16723,,WillGa00,,10932,1,"https://static.www.nfl.com/image/upload/f_auto,q_auto/league/uxfe2fu0xlgm9qdysh2u",SLOT_CB,2,REG,A01,Garrett,WIL292135,55937,32005749-4c29-2135-4337-7403b68fd2b1,2023,2023.0,ARI,72.0,23.291
36341,2024,ARI,DB,CB,21.0,ACT,Garrett Williams,Garrett,Williams,2001-06-01,70.0,189,Syracuse,00-0039007,4568506,e2fdfaf7-d2c4-4482-9ac2-f8fe43c49130,40127,16723,,WillGa00,,10932,1,"https://static.www.nfl.com/image/upload/f_auto,q_auto/league/uxfe2fu0xlgm9qdysh2u",SLOT_CB,1,REG,A01,Garrett,WIL292135,55937,32005749-4c29-2135-4337-7403b68fd2b1,2023,2023.0,ARI,72.0,23.272
36608,2024,ARI,TE,TE,84.0,ACT,Elijah Higgins,Elijah,Higgins,2000-10-27,75.0,234,Stanford,00-0039041,4426844,a01b7698-d67f-4b60-b2fb-4c667336b718,40226,16959,,HiggEl00,,10231,1,"https://static.www.nfl.com/image/upload/f_auto,q_auto/league/sodpdh4uhbhzjxbnmao1",TE,10,REG,A01,Elijah,HIG138430,56062,32004849-4713-8430-181a-e629ca4da181,2023,2023.0,MIA,197.0,24.038
36609,2024,ARI,TE,TE,84.0,ACT,Elijah Higgins,Elijah,Higgins,2000-10-27,75.0,234,Stanford,00-0039041,4426844,a01b7698-d67f-4b60-b2fb-4c667336b718,40226,16959,,HiggEl00,,10231,1,"https://static.www.nfl.com/image/upload/f_auto,q_auto/league/sodpdh4uhbhzjxbnmao1",TE,17,REG,A01,Elijah,HIG138430,56062,32004849-4713-8430-181a-e629ca4da181,2023,2023.0,MIA,197.0,24.17
36610,2024,ARI,TE,TE,84.0,ACT,Elijah Higgins,Elijah,Higgins,2000-10-27,75.0,234,Stanford,00-0039041,4426844,a01b7698-d67f-4b60-b2fb-4c667336b718,40226,16959,,HiggEl00,,10231,1,"https://static.www.nfl.com/image/upload/f_auto,q_auto/league/sodpdh4uhbhzjxbnmao1",TE,14,REG,A01,Elijah,HIG138430,56062,32004849-4713-8430-181a-e629ca4da181,2023,2023.0,MIA,197.0,24.115
36611,2024,ARI,TE,TE,84.0,ACT,Elijah Higgins,Elijah,Higgins,2000-10-27,75.0,234,Stanford,00-0039041,4426844,a01b7698-d67f-4b60-b2fb-4c667336b718,40226,16959,,HiggEl00,,10231,1,"https://static.www.nfl.com/image/upload/f_auto,q_auto/league/sodpdh4uhbhzjxbnmao1",TE,8,REG,A01,Elijah,HIG138430,56062,32004849-4713-8430-181a-e629ca4da181,2023,2023.0,MIA,197.0,24.0
36612,2024,ARI,TE,TE,84.0,ACT,Elijah Higgins,Elijah,Higgins,2000-10-27,75.0,234,Stanford,00-0039041,4426844,a01b7698-d67f-4b60-b2fb-4c667336b718,40226,16959,,HiggEl00,,10231,1,"https://static.www.nfl.com/image/upload/f_auto,q_auto/league/sodpdh4uhbhzjxbnmao1",TE,1,REG,A01,Elijah,HIG138430,56062,32004849-4713-8430-181a-e629ca4da181,2023,2023.0,MIA,197.0,23.866
36613,2024,ARI,TE,TE,84.0,ACT,Elijah Higgins,Elijah,Higgins,2000-10-27,75.0,234,Stanford,00-0039041,4426844,a01b7698-d67f-4b60-b2fb-4c667336b718,40226,16959,,HiggEl00,,10231,1,"https://static.www.nfl.com/image/upload/f_auto,q_auto/league/sodpdh4uhbhzjxbnmao1",TE,16,REG,A01,Elijah,HIG138430,56062,32004849-4713-8430-181a-e629ca4da181,2023,2023.0,MIA,197.0,24.153
36614,2024,ARI,TE,TE,84.0,ACT,Elijah Higgins,Elijah,Higgins,2000-10-27,75.0,234,Stanford,00-0039041,4426844,a01b7698-d67f-4b60-b2fb-4c667336b718,40226,16959,,HiggEl00,,10231,1,"https://static.www.nfl.com/image/upload/f_auto,q_auto/league/sodpdh4uhbhzjxbnmao1",TE,5,REG,A01,Elijah,HIG138430,56062,32004849-4713-8430-181a-e629ca4da181,2023,2023.0,MIA,197.0,23.943
36615,2024,ARI,TE,TE,84.0,ACT,Elijah Higgins,Elijah,Higgins,2000-10-27,75.0,234,Stanford,00-0039041,4426844,a01b7698-d67f-4b60-b2fb-4c667336b718,40226,16959,,HiggEl00,,10231,1,"https://static.www.nfl.com/image/upload/f_auto,q_auto/league/sodpdh4uhbhzjxbnmao1",TE,12,REG,A01,Elijah,HIG138430,56062,32004849-4713-8430-181a-e629ca4da181,2023,2023.0,MIA,197.0,24.077
36616,2024,ARI,TE,TE,84.0,ACT,Elijah Higgins,Elijah,Higgins,2000-10-27,75.0,234,Stanford,00-0039041,4426844,a01b7698-d67f-4b60-b2fb-4c667336b718,40226,16959,,HiggEl00,,10231,1,"https://static.www.nfl.com/image/upload/f_auto,q_auto/league/sodpdh4uhbhzjxbnmao1",TE,4,REG,A01,Elijah,HIG138430,56062,32004849-4713-8430-181a-e629ca4da181,2023,2023.0,MIA,197.0,23.923
36617,2024,ARI,TE,TE,84.0,ACT,Elijah Higgins,Elijah,Higgins,2000-10-27,75.0,234,Stanford,00-0039041,4426844,a01b7698-d67f-4b60-b2fb-4c667336b718,40226,16959,,HiggEl00,,10231,1,"https://static.www.nfl.com/image/upload/f_auto,q_auto/league/sodpdh4uhbhzjxbnmao1",TE,3,REG,A01,Elijah,HIG138430,56062,32004849-4713-8430-181a-e629ca4da181,2023,2023.0,MIA,197.0,23.904
36618,2024,ARI,TE,TE,84.0,ACT,Elijah Higgins,Elijah,Higgins,2000-10-27,75.0,234,Stanford,00-0039041,4426844,a01b7698-d67f-4b60-b2fb-4c667336b718,40226,16959,,HiggEl00,,10231,1,"https://static.www.nfl.com/image/upload/f_auto,q_auto/league/sodpdh4uhbhzjxbnmao1",TE,15,REG,A01,Elijah,HIG138430,56062,32004849-4713-8430-181a-e629ca4da181,2023,2023.0,MIA,197.0,24.134
36619,2024,ARI,TE,TE,84.0,ACT,Elijah Higgins,Elijah,Higgins,2000-10-27,75.0,234,Stanford,00-0039041,4426844,a01b7698-d67f-4b60-b2fb-4c667336b718,40226,16959,,HiggEl00,,10231,1,"https://static.www.nfl.com/image/upload/f_auto,q_auto/league/sodpdh4uhbhzjxbnmao1",TE,13,REG,A01,Elijah,HIG138430,56062,32004849-4713-8430-181a-e629ca4da181,2023,2023.0,MIA,197.0,24.096
36620,2024,ARI,TE,TE,84.0,ACT,Elijah Higgins,Elijah,Higgins,2000-10-27,75.0,234,Stanford,00-0039041,4426844,a01b7698-d67f-4b60-b2fb-4c667336b718,40226,16959,,HiggEl00,,10231,1,"https://static.www.nfl.com/image/upload/f_auto,q_auto/league/sodpdh4uhbhzjxbnmao1",TE,6,REG,A01,Elijah,HIG138430,56062,32004849-4713-8430-181a-e629ca4da181,2023,2023.0,MIA,197.0,23.962
36621,2024,ARI,TE,TE,84.0,ACT,Elijah Higgins,Elijah,Higgins,2000-10-27,75.0,234,Stanford,00-0039041,4426844,a01b7698-d67f-4b60-b2fb-4c667336b718,40226,16959,,HiggEl00,,10231,1,"https://static.www.nfl.com/image/upload/f_auto,q_auto/league/sodpdh4uhbhzjxbnmao1",TE,7,REG,A01,Elijah,HIG138430,56062,32004849-4713-8430-181a-e629ca4da181,2023,2023.0,MIA,197.0,23.984
36622,2024,ARI,TE,TE,84.0,ACT,Elijah Higgins,Elijah,Higgins,2000-10-27,75.0,234,Stanford,00-0039041,4426844,a01b7698-d67f-4b60-b2fb-4c667336b718,40226,16959,,HiggEl00,,10231,1,"https://static.www.nfl.com/image/upload/f_auto,q_auto/league/sodpdh4uhbhzjxbnmao1",TE,18,REG,A01,Elijah,HIG138430,56062,32004849-4713-8430-181a-e629ca4da181,2023,2023.0,MIA,197.0,24.192
36623,2024,ARI,TE,TE,84.0,ACT,Elijah Higgins,Elijah,Higgins,2000-10-27,75.0,234,Stanford,00-0039041,4426844,a01b7698-d67f-4b60-b2fb-4c667336b718,40226,16959,,HiggEl00,,10231,1,"https://static.www.nfl.com/image/upload/f_auto,q_auto/league/sodpdh4uhbhzjxbnmao1",TE,2,REG,A01,Elijah,HIG138430,56062,32004849-4713-8430-181a-e629ca4da181,2023,2023.0,MIA,197.0,23.885
36624,2024,ARI,TE,TE,84.0,ACT,Elijah Higgins,Elijah,Higgins,2000-10-27,75.0,234,Stanford,00-0039041,4426844,a01b7698-d67f-4b60-b2fb-4c667336b718,40226,16959,,HiggEl00,,10231,1,"https://static.www.nfl.com/image/upload/f_auto,q_auto/league/sodpdh4uhbhzjxbnmao1",TE,9,REG,A01,Elijah,HIG138430,56062,32004849-4713-8430-181a-e629ca4da181,2023,2023.0,MIA,197.0,24.019
36816,2024,ARI,DB,FS,25.0,DEV,Jason Taylor II,Jason,Taylor,1999-12-30,72.0,215,Oklahoma State,00-0039060,4361835,ff40b8e3-27e8-46f9-b6c2-43de3596cd21,40287,17366,,TaylJa05,,11040,1,"https://static.www.nfl.com/image/upload/f_auto,q_auto/league/aozchrij1ghc0d9lpk86",,8,REG,P01,Jason,TAY812805,56099,32005441-5981-2805-475a-65a087a5aa71,2023,2023.0,LA,234.0,24.827
36817,2024,ARI,DB,FS,25.0,DEV,Jason Taylor II,Jason,Taylor,1999-12-30,72.0,215,Oklahoma State,00-0039060,4361835,ff40b8e3-27e8-46f9-b6c2-43de3596cd21,40287,17366,,TaylJa05,,11040,1,"https://static.www.nfl.com/image/upload/f_auto,q_auto/league/sosnhf0xpcdgqourkmjq",,6,REG,P01,Jason,TAY812805,56099,32005441-5981-2805-475a-65a087a5aa71,2023,2023.0,LA,234.0,24.789
36818,2024,ARI,DB,FS,25.0,DEV,Jason Taylor II,Jason,Taylor,1999-12-30,72.0,215,Oklahoma State,00-0039060,4361835,ff40b8e3-27e8-46f9-b6c2-43de3596cd21,40287,17366,,TaylJa05,,11040,1,"https://static.www.nfl.com/image/upload/f_auto,q_auto/league/fnofpbnbpnigwtcatxjb",,3,REG,P01,Jason,TAY812805,56099,32005441-5981-2805-475a-65a087a5aa71,2023,2023.0,LA,234.0,24.731
36819,2024,ARI,DB,FS,25.0,DEV,Jason Taylor II,Jason,Taylor,1999-12-30,72.0,215,Oklahoma State,00-0039060,4361835,ff40b8e3-27e8-46f9-b6c2-43de3596cd21,40287,17366,,TaylJa05,,11040,1,"https://static.www.nfl.com/image/upload/f_auto,q_auto/league/fnofpbnbpnigwtcatxjb",,5,REG,P01,Jason,TAY812805,56099,32005441-5981-2805-475a-65a087a5aa71,2023,2023.0,LA,234.0,24.769
36821,2024,ARI,DB,FS,25.0,DEV,Jason Taylor II,Jason,Taylor,1999-12-30,72.0,215,Oklahoma State,00-0039060,4361835,ff40b8e3-27e8-46f9-b6c2-43de3596cd21,40287,17366,,TaylJa05,,11040,1,"https://static.www.nfl.com/image/upload/f_auto,q_auto/league/fnofpbnbpnigwtcatxjb",,4,REG,P01,Jason,TAY812805,56099,32005441-5981-2805-475a-65a087a5aa71,2023,2023.0,LA,234.0,24.75
36822,2024,ARI,DB,FS,25.0,DEV,Jason Taylor II,Jason,Taylor,1999-12-30,72.0,215,Oklahoma State,00-0039060,4361835,ff40b8e3-27e8-46f9-b6c2-43de3596cd21,40287,17366,,TaylJa05,,11040,1,"https://static.www.nfl.com/image/upload/f_auto,q_auto/league/aozchrij1ghc0d9lpk86",,7,REG,P01,Jason,TAY812805,56099,32005441-5981-2805-475a-65a087a5aa71,2023,2023.0,LA,234.0,24.81
37566,2024,ARI,LB,OLB,18.0,RES,BJ Ojulari,Jamiu,Ojulari,2002-04-05,74.0,250,Louisiana State,00-0039155,4429111,f4d8da18-8be8-470c-947c-d9fd3d85612c,40088,17177,,OjulBJ00,,10908,1,"https://static.www.nfl.com/image/upload/f_auto,q_auto/league/murlp50zqdtinggqewap",,8,REG,R01,B.J.,OJU426541,55906,32004f4a-5542-6541-4cd9-8e817d1b5514,2023,2023.0,ARI,41.0,22.563
37567,2024,ARI,LB,OLB,18.0,RES,BJ Ojulari,Jamiu,Ojulari,2002-04-05,74.0,250,Louisiana State,00-0039155,4429111,f4d8da18-8be8-470c-947c-d9fd3d85612c,40088,17177,,OjulBJ00,,10908,1,"https://static.www.nfl.com/image/upload/f_auto,q_auto/league/murlp50zqdtinggqewap",,5,REG,R01,B.J.,OJU426541,55906,32004f4a-5542-6541-4cd9-8e817d1b5514,2023,2023.0,ARI,41.0,22.505
37568,2024,ARI,LB,OLB,18.0,RES,BJ Ojulari,Jamiu,Ojulari,2002-04-05,74.0,250,Louisiana State,00-0039155,4429111,f4d8da18-8be8-470c-947c-d9fd3d85612c,40088,17177,,OjulBJ00,,10908,1,"https://static.www.nfl.com/image/upload/f_auto,q_auto/league/murlp50zqdtinggqewap",,2,REG,R01,B.J.,OJU426541,55906,32004f4a-5542-6541-4cd9-8e817d1b5514,2023,2023.0,ARI,41.0,22.448
37569,2024,ARI,LB,OLB,18.0,RES,BJ Ojulari,Jamiu,Ojulari,2002-04-05,74.0,250,Louisiana State,00-0039155,4429111,f4d8da18-8be8-470c-947c-d9fd3d85612c,40088,17177,,OjulBJ00,,10908,1,"https://static.www.nfl.com/image/upload/f_auto,q_auto/league/murlp50zqdtinggqewap",,6,REG,R01,B.J.,OJU426541,55906,32004f4a-5542-6541-4cd9-8e817d1b5514,2023,2023.0,ARI,41.0,22.524
37570,2024,ARI,LB,OLB,18.0,RES,BJ Ojulari,Jamiu,Ojulari,2002-04-05,74.0,250,Louisiana State,00-0039155,4429111,f4d8da18-8be8-470c-947c-d9fd3d85612c,40088,17177,,OjulBJ00,,10908,1,"https://static.www.nfl.com/image/upload/f_auto,q_auto/league/murlp50zqdtinggqewap",,14,REG,R01,B.J.,OJU426541,55906,32004f4a-5542-6541-4cd9-8e817d1b5514,2023,2023.0,ARI,41.0,22.678
37571,2024,ARI,LB,OLB,18.0,RES,BJ Ojulari,Jamiu,Ojulari,2002-04-05,74.0,250,Louisiana State,00-0039155,4429111,f4d8da18-8be8-470c-947c-d9fd3d85612c,40088,17177,,OjulBJ00,,10908,1,"https://static.www.nfl.com/image/upload/f_auto,q_auto/league/murlp50zqdtinggqewap",,17,REG,R01,B.J.,OJU426541,55906,32004f4a-5542-6541-4cd9-8e817d1b5514,2023,2023.0,ARI,41.0,22.732
37572,2024,ARI,LB,OLB,18.0,RES,BJ Ojulari,Jamiu,Ojulari,2002-04-05,74.0,250,Louisiana State,00-0039155,4429111,f4d8da18-8be8-470c-947c-d9fd3d85612c,40088,17177,,OjulBJ00,,10908,1,"https://static.www.nfl.com/image/upload/f_auto,q_auto/league/murlp50zqdtinggqewap",,3,REG,R01,B.J.,OJU426541,55906,32004f4a-5542-6541-4cd9-8e817d1b5514,2023,2023.0,ARI,41.0,22.467
37573,2024,ARI,LB,OLB,18.0,RES,BJ Ojulari,Jamiu,Ojulari,2002-04-05,74.0,250,Louisiana State,00-0039155,4429111,f4d8da18-8be8-470c-947c-d9fd3d85612c,40088,17177,,OjulBJ00,,10908,1,"https://static.www.nfl.com/image/upload/f_auto,q_auto/league/murlp50zqdtinggqewap",,12,REG,R01,B.J.,OJU426541,55906,32004f4a-5542-6541-4cd9-8e817d1b5514,2023,2023.0,ARI,41.0,22.639
37574,2024,ARI,LB,OLB,18.0,RES,BJ Ojulari,Jamiu,Ojulari,2002-04-05,74.0,250,Louisiana State,00-0039155,4429111,f4d8da18-8be8-470c-947c-d9fd3d85612c,40088,17177,,OjulBJ00,,10908,1,"https://static.www.nfl.com/image/upload/f_auto,q_auto/league/murlp50zqdtinggqewap",,10,REG,R01,B.J.,OJU426541,55906,32004f4a-5542-6541-4cd9-8e817d1b5514,2023,2023.0,ARI,41.0,22.601
37575,2024,ARI,LB,OLB,18.0,RES,BJ Ojulari,Jamiu,Ojulari,2002-04-05,74.0,250,Louisiana State,00-0039155,4429111,f4d8da18-8be8-470c-947c-d9fd3d85612c,40088,17177,,OjulBJ00,,10908,1,"https://static.www.nfl.com/image/upload/f_auto,q_auto/league/murlp50zqdtinggqewap",,9,REG,R01,B.J.,OJU426541,55906,32004f4a-5542-6541-4cd9-8e817d1b5514,2023,2023.0,ARI,41.0,22.582
37576,2024,ARI,LB,OLB,18.0,RES,BJ Ojulari,Jamiu,Ojulari,2002-04-05,74.0,250,Louisiana State,00-0039155,4429111,f4d8da18-8be8-470c-947c-d9fd3d85612c,40088,17177,,OjulBJ00,,10908,1,"https://static.www.nfl.com/image/upload/f_auto,q_auto/league/murlp50zqdtinggqewap",,1,REG,R01,B.J.,OJU426541,55906,32004f4a-5542-6541-4cd9-8e817d1b5514,2023,2023.0,ARI,41.0,22.428
37577,2024,ARI,LB,OLB,18.0,RES,BJ Ojulari,Jamiu,Ojulari,2002-04-05,74.0,250,Louisiana State,00-0039155,4429111,f4d8da18-8be8-470c-947c-d9fd3d85612c,40088,17177,,OjulBJ00,,10908,1,"https://static.www.nfl.com/image/upload/f_auto,q_auto/league/murlp50zqdtinggqewap",,15,REG,R01,B.J.,OJU426541,55906,32004f4a-5542-6541-4cd9-8e817d1b5514,2023,2023.0,ARI,41.0,22.697
37578,2024,ARI,LB,OLB,18.0,RES,BJ Ojulari,Jamiu,Ojulari,2002-04-05,74.0,250,Louisiana State,00-0039155,4429111,f4d8da18-8be8-470c-947c-d9fd3d85612c,40088,17177,,OjulBJ00,,10908,1,"https://static.www.nfl.com/image/upload/f_auto,q_auto/league/murlp50zqdtinggqewap",,4,REG,R01,B.J.,OJU426541,55906,32004f4a-5542-6541-4cd9-8e817d1b5514,2023,2023.0,ARI,41.0,22.486
37579,2024,ARI,LB,OLB,18.0,RES,BJ Ojulari,Jamiu,Ojulari,2002-04-05,74.0,250,Louisiana State,00-0039155,4429111,f4d8da18-8be8-470c-947c-d9fd3d85612c,40088,17177,,OjulBJ00,,10908,1,"https://static.www.nfl.com/image/upload/f_auto,q_auto/league/murlp50zqdtinggqewap",,13,REG,R01,B.J.,OJU426541,55906,32004f4a-5542-6541-4cd9-8e817d1b5514,2023,2023.0,ARI,41.0,22.658
37580,2024,ARI,LB,OLB,18.0,RES,BJ Ojulari,Jamiu,Ojulari,2002-04-05,74.0,250,Louisiana State,00-0039155,4429111,f4d8da18-8be8-470c-947c-d9fd3d85612c,40088,17177,,OjulBJ00,,10908,1,"https://static.www.nfl.com/image/upload/f_auto,q_auto/league/murlp50zqdtinggqewap",,16,REG,R01,B.J.,OJU426541,55906,32004f4a-5542-6541-4cd9-8e817d1b5514,2023,2023.0,ARI,41.0,22.716
37581,2024,ARI,LB,OLB,18.0,RES,BJ Ojulari,Jamiu,Ojulari,2002-04-05,74.0,250,Louisiana State,00-0039155,4429111,f4d8da18-8be8-470c-947c-d9fd3d85612c,40088,17177,,OjulBJ00,,10908,1,"https://static.www.nfl.com/image/upload/f_auto,q_auto/league/murlp50zqdtinggqewap",,7,REG,R01,B.J.,OJU426541,55906,32004f4a-5542-6541-4cd9-8e817d1b5514,2023,2023.0,ARI,41.0,22.546
37582,2024,ARI,LB,OLB,18.0,RES,BJ Ojulari,Jamiu,Ojulari,2002-04-05,74.0,250,Louisiana State,00-0039155,4429111,f4d8da18-8be8-470c-947c-d9fd3d85612c,40088,17177,,OjulBJ00,,10908,1,"https://static.www.nfl.com/image/upload/f_auto,q_auto/league/murlp50zqdtinggqewap",,18,REG,R01,B.J.,OJU426541,55906,32004f4a-5542-6541-4cd9-8e817d1b5514,2023,2023.0,ARI,41.0,22.754
39465,2024,ARI,LB,OLB,54.0,ACT,Xavier Thomas,Xavier,Thomas,1999-12-20,74.0,245,Clemson,00-0039367,4360304,086c1e2b-7551-4b55-9de5-1e98083c54ac,,17959,,ThomXa01,,11767,0,"https://static.www.nfl.com/image/upload/f_auto,q_auto/league/pdtfewzb9qwyon9ynh2j",EDGE,17,REG,A01,Xavier,THO410701,57259,32005448-4f41-0701-7963-119e70113d58,2024,2024.0,ARI,138.0,25.024
39466,2024,ARI,LB,OLB,54.0,ACT,Xavier Thomas,Xavier,Thomas,1999-12-20,74.0,245,Clemson,00-0039367,4360304,086c1e2b-7551-4b55-9de5-1e98083c54ac,,17959,,ThomXa01,,11767,0,"https://static.www.nfl.com/image/upload/f_auto,q_auto/league/pdtfewzb9qwyon9ynh2j",EDGE,1,REG,A01,Xavier,THO410701,57259,32005448-4f41-0701-7963-119e70113d58,2024,2024.0,ARI,138.0,24.72
39467,2024,ARI,LB,OLB,54.0,ACT,Xavier Thomas,Xavier,Thomas,1999-12-20,74.0,245,Clemson,00-0039367,4360304,086c1e2b-7551-4b55-9de5-1e98083c54ac,,17959,,ThomXa01,,11767,0,"https://static.www.nfl.com/image/upload/f_auto,q_auto/league/pdtfewzb9qwyon9ynh2j",EDGE,4,REG,A01,Xavier,THO410701,57259,32005448-4f41-0701-7963-119e70113d58,2024,2024.0,ARI,138.0,24.778
39468,2024,ARI,LB,OLB,54.0,ACT,Xavier Thomas,Xavier,Thomas,1999-12-20,74.0,245,Clemson,00-0039367,4360304,086c1e2b-7551-4b55-9de5-1e98083c54ac,,17959,,ThomXa01,,11767,0,"https://static.www.nfl.com/image/upload/f_auto,q_auto/league/pdtfewzb9qwyon9ynh2j",EDGE,18,REG,A01,Xavier,THO410701,57259,32005448-4f41-0701-7963-119e70113d58,2024,2024.0,ARI,138.0,25.046
39469,2024,ARI,LB,OLB,54.0,ACT,Xavier Thomas,Xavier,Thomas,1999-12-20,74.0,245,Clemson,00-0039367,4360304,086c1e2b-7551-4b55-9de5-1e98083c54ac,,17959,,ThomXa01,,11767,0,"https://static.www.nfl.com/image/upload/f_auto,q_auto/league/pdtfewzb9qwyon9ynh2j",EDGE,2,REG,A01,Xavier,THO410701,57259,32005448-4f41-0701-7963-119e70113d58,2024,2024.0,ARI,138.0,24.739
39470,2024,ARI,LB,OLB,54.0,ACT,Xavier Thomas,Xavier,Thomas,1999-12-20,74.0,245,Clemson,00-0039367,4360304,086c1e2b-7551-4b55-9de5-1e98083c54ac,,17959,,ThomXa01,,11767,0,"https://static.www.nfl.com/image/upload/f_auto,q_auto/league/pdtfewzb9qwyon9ynh2j",EDGE,3,REG,A01,Xavier,THO410701,57259,32005448-4f41-0701-7963-119e70113d58,2024,2024.0,ARI,138.0,24.758
39471,2024,ARI,LB,OLB,54.0,ACT,Xavier Thomas,Xavier,Thomas,1999-12-20,74.0,245,Clemson,00-0039367,4360304,086c1e2b-7551-4b55-9de5-1e98083c54ac,,17959,,ThomXa01,,11767,0,"https://static.www.nfl.com/image/upload/f_auto,q_auto/league/pdtfewzb9qwyon9ynh2j",EDGE,13,REG,A01,Xavier,THO410701,57259,32005448-4f41-0701-7963-119e70113d58,2024,2024.0,ARI,138.0,24.95
39472,2024,ARI,LB,OLB,54.0,ACT,Xavier Thomas,Xavier,Thomas,1999-12-20,74.0,245,Clemson,00-0039367,4360304,086c1e2b-7551-4b55-9de5-1e98083c54ac,,17959,,ThomXa01,,11767,0,"https://static.www.nfl.com/image/upload/f_auto,q_auto/league/pdtfewzb9qwyon9ynh2j",EDGE,9,REG,A01,Xavier,THO410701,57259,32005448-4f41-0701-7963-119e70113d58,2024,2024.0,ARI,138.0,24.873
39473,2024,ARI,LB,OLB,54.0,INA,Xavier Thomas,Xavier,Thomas,1999-12-20,74.0,245,Clemson,00-0039367,4360304,086c1e2b-7551-4b55-9de5-1e98083c54ac,,17959,,ThomXa01,,11767,0,"https://static.www.nfl.com/image/upload/f_auto,q_auto/league/pdtfewzb9qwyon9ynh2j",,5,REG,I01,Xavier,THO410701,57259,32005448-4f41-0701-7963-119e70113d58,2024,2024.0,ARI,138.0,24.797
39474,2024,ARI,LB,OLB,54.0,ACT,Xavier Thomas,Xavier,Thomas,1999-12-20,74.0,245,Clemson,00-0039367,4360304,086c1e2b-7551-4b55-9de5-1e98083c54ac,,17959,,ThomXa01,,11767,0,"https://static.www.nfl.com/image/upload/f_auto,q_auto/league/pdtfewzb9qwyon9ynh2j",EDGE,10,REG,A01,Xavier,THO410701,57259,32005448-4f41-0701-7963-119e70113d58,2024,2024.0,ARI,138.0,24.893
39475,2024,ARI,LB,OLB,54.0,ACT,Xavier Thomas,Xavier,Thomas,1999-12-20,74.0,245,Clemson,00-0039367,4360304,086c1e2b-7551-4b55-9de5-1e98083c54ac,,17959,,ThomXa01,,11767,0,"https://static.www.nfl.com/image/upload/f_auto,q_auto/league/pdtfewzb9qwyon9ynh2j",EDGE,8,REG,A01,Xavier,THO410701,57259,32005448-4f41-0701-7963-119e70113d58,2024,2024.0,ARI,138.0,24.854
39476,2024,ARI,LB,OLB,54.0,ACT,Xavier Thomas,Xavier,Thomas,1999-12-20,74.0,245,Clemson,00-0039367,4360304,086c1e2b-7551-4b55-9de5-1e98083c54ac,,17959,,ThomXa01,,11767,0,"https://static.www.nfl.com/image/upload/f_auto,q_auto/league/pdtfewzb9qwyon9ynh2j",EDGE,12,REG,A01,Xavier,THO410701,57259,32005448-4f41-0701-7963-119e70113d58,2024,2024.0,ARI,138.0,24.931
39477,2024,ARI,LB,OLB,54.0,ACT,Xavier Thomas,Xavier,Thomas,1999-12-20,74.0,245,Clemson,00-0039367,4360304,086c1e2b-7551-4b55-9de5-1e98083c54ac,,17959,,ThomXa01,,11767,0,"https://static.www.nfl.com/image/upload/f_auto,q_auto/league/pdtfewzb9qwyon9ynh2j",EDGE,16,REG,A01,Xavier,THO410701,57259,32005448-4f41-0701-7963-119e70113d58,2024,2024.0,ARI,138.0,25.008
39478,2024,ARI,LB,OLB,54.0,ACT,Xavier Thomas,Xavier,Thomas,1999-12-20,74.0,245,Clemson,00-0039367,4360304,086c1e2b-7551-4b55-9de5-1e98083c54ac,,17959,,ThomXa01,,11767,0,"https://static.www.nfl.com/image/upload/f_auto,q_auto/league/pdtfewzb9qwyon9ynh2j",EDGE,15,REG,A01,Xavier,THO410701,57259,32005448-4f41-0701-7963-119e70113d58,2024,2024.0,ARI,138.0,24.988
39479,2024,ARI,LB,OLB,54.0,ACT,Xavier Thomas,Xavier,Thomas,1999-12-20,74.0,245,Clemson,00-0039367,4360304,086c1e2b-7551-4b55-9de5-1e98083c54ac,,17959,,ThomXa01,,11767,0,"https://static.www.nfl.com/image/upload/f_auto,q_auto/league/pdtfewzb9qwyon9ynh2j",EDGE,14,REG,A01,Xavier,THO410701,57259,32005448-4f41-0701-7963-119e70113d58,2024,2024.0,ARI,138.0,24.969
39480,2024,ARI,LB,OLB,54.0,INA,Xavier Thomas,Xavier,Thomas,1999-12-20,74.0,245,Clemson,00-0039367,4360304,086c1e2b-7551-4b55-9de5-1e98083c54ac,,17959,,ThomXa01,,11767,0,"https://static.www.nfl.com/image/upload/f_auto,q_auto/league/pdtfewzb9qwyon9ynh2j",,7,REG,A01,Xavier,THO410701,57259,32005448-4f41-0701-7963-119e70113d58,2024,2024.0,ARI,138.0,24.838
39481,2024,ARI,LB,OLB,54.0,INA,Xavier Thomas,Xavier,Thomas,1999-12-20,74.0,245,Clemson,00-0039367,4360304,086c1e2b-7551-4b55-9de5-1e98083c54ac,,17959,,ThomXa01,,11767,0,"https://static.www.nfl.com/image/upload/f_auto,q_auto/league/pdtfewzb9qwyon9ynh2j",,6,REG,I01,Xavier,THO410701,57259,32005448-4f41-0701-7963-119e70113d58,2024,2024.0,ARI,138.0,24.816
39729,2024,ARI,OL,T,75.0,INA,Christian Jones,Christian,Jones,2000-05-12,77.0,333,Texas,00-0039382,,,,,,,,,0,"https://static.www.nfl.com/image/upload/f_auto,q_auto/league/mqcbgefopzwcn4xu9zdf",,8,REG,I01,Christian,JON162388,57283,32004a4f-4e16-2388-f691-24ec23907fd5,2024,2024.0,ARI,162.0,24.46
39730,2024,ARI,OL,T,75.0,RES,Christian Jones,Christian,Jones,2000-05-12,77.0,333,Texas,00-0039382,,,,,,,,,0,"https://static.www.nfl.com/image/upload/f_auto,q_auto/league/mqcbgefopzwcn4xu9zdf",,3,REG,R48,Christian,JON162388,57283,32004a4f-4e16-2388-f691-24ec23907fd5,2024,2024.0,ARI,162.0,24.364
39731,2024,ARI,OL,T,75.0,INA,Christian Jones,Christian,Jones,2000-05-12,77.0,333,Texas,00-0039382,,,,,,,,,0,"https://static.www.nfl.com/image/upload/f_auto,q_auto/league/mqcbgefopzwcn4xu9zdf",,13,REG,A01,Christian,JON162388,57283,32004a4f-4e16-2388-f691-24ec23907fd5,2024,2024.0,ARI,162.0,24.556
39732,2024,ARI,OL,T,75.0,INA,Christian Jones,Christian,Jones,2000-05-12,77.0,333,Texas,00-0039382,,,,,,,,,0,"https://static.www.nfl.com/image/upload/f_auto,q_auto/league/mqcbgefopzwcn4xu9zdf",,12,REG,A01,Christian,JON162388,57283,32004a4f-4e16-2388-f691-24ec23907fd5,2024,2024.0,ARI,162.0,24.537
39733,2024,ARI,OL,T,75.0,RES,Christian Jones,Christian,Jones,2000-05-12,77.0,333,Texas,00-0039382,,,,,,,,,0,"https://static.www.nfl.com/image/upload/f_auto,q_auto/league/mqcbgefopzwcn4xu9zdf",,2,REG,R48,Christian,JON162388,57283,32004a4f-4e16-2388-f691-24ec23907fd5,2024,2024.0,ARI,162.0,24.345
39734,2024,ARI,OL,T,75.0,RES,Christian Jones,Christian,Jones,2000-05-12,77.0,333,Texas,00-0039382,,,,,,,,,0,"https://static.www.nfl.com/image/upload/f_auto,q_auto/league/mqcbgefopzwcn4xu9zdf",,7,REG,R48,Christian,JON162388,57283,32004a4f-4e16-2388-f691-24ec23907fd5,2024,2024.0,ARI,162.0,24.444
39735,2024,ARI,OL,T,75.0,RES,Christian Jones,Christian,Jones,2000-05-12,77.0,333,Texas,00-0039382,,,,,,,,,0,"https://static.www.nfl.com/image/upload/f_auto,q_auto/league/mqcbgefopzwcn4xu9zdf",,1,REG,R48,Christian,JON162388,57283,32004a4f-4e16-2388-f691-24ec23907fd5,2024,2024.0,ARI,162.0,24.326
39736,2024,ARI,OL,T,75.0,INA,Christian Jones,Christian,Jones,2000-05-12,77.0,333,Texas,00-0039382,,,,,,,,,0,"https://static.www.nfl.com/image/upload/f_auto,q_auto/league/mqcbgefopzwcn4xu9zdf",,14,REG,A01,Christian,JON162388,57283,32004a4f-4e16-2388-f691-24ec23907fd5,2024,2024.0,ARI,162.0,24.575
39737,2024,ARI,OL,T,75.0,INA,Christian Jones,Christian,Jones,2000-05-12,77.0,333,Texas,00-0039382,,,,,,,,,0,"https://static.www.nfl.com/image/upload/f_auto,q_auto/league/mqcbgefopzwcn4xu9zdf",,16,REG,A01,Christian,JON162388,57283,32004a4f-4e16-2388-f691-24ec23907fd5,2024,2024.0,ARI,162.0,24.613
39738,2024,ARI,OL,T,75.0,INA,Christian Jones,Christian,Jones,2000-05-12,77.0,333,Texas,00-0039382,,,,,,,,,0,"https://static.www.nfl.com/image/upload/f_auto,q_auto/league/mqcbgefopzwcn4xu9zdf",,10,REG,A01,Christian,JON162388,57283,32004a4f-4e16-2388-f691-24ec23907fd5,2024,2024.0,ARI,162.0,24.498
39739,2024,ARI,OL,T,75.0,RES,Christian Jones,Christian,Jones,2000-05-12,77.0,333,Texas,00-0039382,,,,,,,,,0,"https://static.www.nfl.com/image/upload/f_auto,q_auto/league/mqcbgefopzwcn4xu9zdf",,5,REG,R48,Christian,JON162388,57283,32004a4f-4e16-2388-f691-24ec23907fd5,2024,2024.0,ARI,162.0,24.402
39740,2024,ARI,OL,T,75.0,ACT,Christian Jones,Christian,Jones,2000-05-12,77.0,333,Texas,00-0039382,,,,,,,,,0,"https://static.www.nfl.com/image/upload/f_auto,q_auto/league/mqcbgefopzwcn4xu9zdf",T,18,REG,A01,Christian,JON162388,57283,32004a4f-4e16-2388-f691-24ec23907fd5,2024,2024.0,ARI,162.0,24.652
39741,2024,ARI,OL,T,75.0,INA,Christian Jones,Christian,Jones,2000-05-12,77.0,333,Texas,00-0039382,,,,,,,,,0,"https://static.www.nfl.com/image/upload/f_auto,q_auto/league/mqcbgefopzwcn4xu9zdf",,9,REG,I01,Christian,JON162388,57283,32004a4f-4e16-2388-f691-24ec23907fd5,2024,2024.0,ARI,162.0,24.479
39742,2024,ARI,OL,T,75.0,ACT,Christian Jones,Christian,Jones,2000-05-12,77.0,333,Texas,00-0039382,,,,,,,,,0,"https://static.www.nfl.com/image/upload/f_auto,q_auto/league/mqcbgefopzwcn4xu9zdf",T,17,REG,A01,Christian,JON162388,57283,32004a4f-4e16-2388-f691-24ec23907fd5,2024,2024.0,ARI,162.0,24.63
39743,2024,ARI,OL,T,75.0,RES,Christian Jones,Christian,Jones,2000-05-12,77.0,333,Texas,00-0039382,,,,,,,,,0,"https://static.www.nfl.com/image/upload/f_auto,q_auto/league/mqcbgefopzwcn4xu9zdf",,6,REG,R48,Christian,JON162388,57283,32004a4f-4e16-2388-f691-24ec23907fd5,2024,2024.0,ARI,162.0,24.422
39744,2024,ARI,OL,T,75.0,INA,Christian Jones,Christian,Jones,2000-05-12,77.0,333,Texas,00-0039382,,,,,,,,,0,"https://static.www.nfl.com/image/upload/f_auto,q_auto/league/mqcbgefopzwcn4xu9zdf",,15,REG,A01,Christian,JON162388,57283,32004a4f-4e16-2388-f691-24ec23907fd5,2024,2024.0,ARI,162.0,24.594
39745,2024,ARI,OL,T,75.0,RES,Christian Jones,Christian,Jones,2000-05-12,77.0,333,Texas,00-0039382,,,,,,,,,0,"https://static.www.nfl.com/image/upload/f_auto,q_auto/league/mqcbgefopzwcn4xu9zdf",,4,REG,R48,Christian,JON162388,57283,32004a4f-4e16-2388-f691-24ec23907fd5,2024,2024.0,ARI,162.0,24.383
39989,2024,ARI,WR,WR,83.0,DEV,Tejhaun Palmer,Tejhaun,Palmer,2000-05-19,74.0,210,Alabama-Birmingham,00-0039397,4875912,99345c7e-a544-477c-8b57-a4a2b8bcce27,41079,18073,,PalmTe00,,11802,0,"https://static.www.nfl.com/image/upload/f_auto,q_auto/league/rnqs1ijwasyyw2revnaf",,18,REG,P01,Tejhaun,PAL661865,57311,32005041-4c66-1865-8429-a408d8e352f7,2024,2024.0,ARI,191.0,24.632
39990,2024,ARI,WR,WR,83.0,DEV,Tejhaun Palmer,Tejhaun,Palmer,2000-05-19,74.0,210,Alabama-Birmingham,00-0039397,4875912,99345c7e-a544-477c-8b57-a4a2b8bcce27,41079,18073,,PalmTe00,,11802,0,"https://static.www.nfl.com/image/upload/f_auto,q_auto/league/rnqs1ijwasyyw2revnaf",,10,REG,P01,Tejhaun,PAL661865,57311,32005041-4c66-1865-8429-a408d8e352f7,2024,2024.0,ARI,191.0,24.479
39991,2024,ARI,WR,WR,83.0,DEV,Tejhaun Palmer,Tejhaun,Palmer,2000-05-19,74.0,210,Alabama-Birmingham,00-0039397,4875912,99345c7e-a544-477c-8b57-a4a2b8bcce27,41079,18073,,PalmTe00,,11802,0,"https://static.www.nfl.com/image/upload/f_auto,q_auto/league/rnqs1ijwasyyw2revnaf",,16,REG,P01,Tejhaun,PAL661865,57311,32005041-4c66-1865-8429-a408d8e352f7,2024,2024.0,ARI,191.0,24.594
39992,2024,ARI,WR,WR,83.0,DEV,Tejhaun Palmer,Tejhaun,Palmer,2000-05-19,74.0,210,Alabama-Birmingham,00-0039397,4875912,99345c7e-a544-477c-8b57-a4a2b8bcce27,41079,18073,,PalmTe00,,11802,0,"https://static.www.nfl.com/image/upload/f_auto,q_auto/league/rnqs1ijwasyyw2revnaf",,13,REG,P01,Tejhaun,PAL661865,57311,32005041-4c66-1865-8429-a408d8e352f7,2024,2024.0,ARI,191.0,24.537
39993,2024,ARI,WR,WR,83.0,DEV,Tejhaun Palmer,Tejhaun,Palmer,2000-05-19,74.0,210,Alabama-Birmingham,00-0039397,4875912,99345c7e-a544-477c-8b57-a4a2b8bcce27,41079,18073,,PalmTe00,,11802,0,"https://static.www.nfl.com/image/upload/f_auto,q_auto/league/rnqs1ijwasyyw2revnaf",,3,REG,P01,Tejhaun,PAL661865,57311,32005041-4c66-1865-8429-a408d8e352f7,2024,2024.0,ARI,191.0,24.345
39994,2024,ARI,WR,WR,83.0,DEV,Tejhaun Palmer,Tejhaun,Palmer,2000-05-19,74.0,210,Alabama-Birmingham,00-0039397,4875912,99345c7e-a544-477c-8b57-a4a2b8bcce27,41079,18073,,PalmTe00,,11802,0,"https://static.www.nfl.com/image/upload/f_auto,q_auto/league/rnqs1ijwasyyw2revnaf",,4,REG,P01,Tejhaun,PAL661865,57311,32005041-4c66-1865-8429-a408d8e352f7,2024,2024.0,ARI,191.0,24.364
39995,2024,ARI,WR,WR,83.0,DEV,Tejhaun Palmer,Tejhaun,Palmer,2000-05-19,74.0,210,Alabama-Birmingham,00-0039397,4875912,99345c7e-a544-477c-8b57-a4a2b8bcce27,41079,18073,,PalmTe00,,11802,0,"https://static.www.nfl.com/image/upload/f_auto,q_auto/league/rnqs1ijwasyyw2revnaf",,9,REG,P01,Tejhaun,PAL661865,57311,32005041-4c66-1865-8429-a408d8e352f7,2024,2024.0,ARI,191.0,24.46
39996,2024,ARI,WR,WR,83.0,DEV,Tejhaun Palmer,Tejhaun,Palmer,2000-05-19,74.0,210,Alabama-Birmingham,00-0039397,4875912,99345c7e-a544-477c-8b57-a4a2b8bcce27,41079,18073,,PalmTe00,,11802,0,"https://static.www.nfl.com/image/upload/f_auto,q_auto/league/rnqs1ijwasyyw2revnaf",,1,REG,P01,Tejhaun,PAL661865,57311,32005041-4c66-1865-8429-a408d8e352f7,2024,2024.0,ARI,191.0,24.307
39997,2024,ARI,WR,WR,83.0,DEV,Tejhaun Palmer,Tejhaun,Palmer,2000-05-19,74.0,210,Alabama-Birmingham,00-0039397,4875912,99345c7e-a544-477c-8b57-a4a2b8bcce27,41079,18073,,PalmTe00,,11802,0,"https://static.www.nfl.com/image/upload/f_auto,q_auto/league/rnqs1ijwasyyw2revnaf",,12,REG,P01,Tejhaun,PAL661865,57311,32005041-4c66-1865-8429-a408d8e352f7,2024,2024.0,ARI,191.0,24.517
39998,2024,ARI,WR,WR,83.0,DEV,Tejhaun Palmer,Tejhaun,Palmer,2000-05-19,74.0,210,Alabama-Birmingham,00-0039397,4875912,99345c7e-a544-477c-8b57-a4a2b8bcce27,41079,18073,,PalmTe00,,11802,0,"https://static.www.nfl.com/image/upload/f_auto,q_auto/league/rnqs1ijwasyyw2revnaf",,5,REG,P01,Tejhaun,PAL661865,57311,32005041-4c66-1865-8429-a408d8e352f7,2024,2024.0,ARI,191.0,24.383
39999,2024,ARI,WR,WR,83.0,DEV,Tejhaun Palmer,Tejhaun,Palmer,2000-05-19,74.0,210,Alabama-Birmingham,00-0039397,4875912,99345c7e-a544-477c-8b57-a4a2b8bcce27,41079,18073,,PalmTe00,,11802,0,"https://static.www.nfl.com/image/upload/f_auto,q_auto/league/rnqs1ijwasyyw2revnaf",,14,REG,P01,Tejhaun,PAL661865,57311,32005041-4c66-1865-8429-a408d8e352f7,2024,2024.0,ARI,191.0,24.556
40000,2024,ARI,WR,WR,83.0,DEV,Tejhaun Palmer,Tejhaun,Palmer,2000-05-19,74.0,210,Alabama-Birmingham,00-0039397,4875912,99345c7e-a544-477c-8b57-a4a2b8bcce27,41079,18073,,PalmTe00,,11802,0,"https://static.www.nfl.com/image/upload/f_auto,q_auto/league/rnqs1ijwasyyw2revnaf",,8,REG,P01,Tejhaun,PAL661865,57311,32005041-4c66-1865-8429-a408d8e352f7,2024,2024.0,ARI,191.0,24.441
40001,2024,ARI,WR,WR,83.0,DEV,Tejhaun Palmer,Tejhaun,Palmer,2000-05-19,74.0,210,Alabama-Birmingham,00-0039397,4875912,99345c7e-a544-477c-8b57-a4a2b8bcce27,41079,18073,,PalmTe00,,11802,0,"https://static.www.nfl.com/image/upload/f_auto,q_auto/league/rnqs1ijwasyyw2revnaf",,2,REG,P01,Tejhaun,PAL661865,57311,32005041-4c66-1865-8429-a408d8e352f7,2024,2024.0,ARI,191.0,24.326
40002,2024,ARI,WR,WR,83.0,DEV,Tejhaun Palmer,Tejhaun,Palmer,2000-05-19,74.0,210,Alabama-Birmingham,00-0039397,4875912,99345c7e-a544-477c-8b57-a4a2b8bcce27,41079,18073,,PalmTe00,,11802,0,"https://static.www.nfl.com/image/upload/f_auto,q_auto/league/rnqs1ijwasyyw2revnaf",,7,REG,P01,Tejhaun,PAL661865,57311,32005041-4c66-1865-8429-a408d8e352f7,2024,2024.0,ARI,191.0,24.424
40003,2024,ARI,WR,WR,83.0,DEV,Tejhaun Palmer,Tejhaun,Palmer,2000-05-19,74.0,210,Alabama-Birmingham,00-0039397,4875912,99345c7e-a544-477c-8b57-a4a2b8bcce27,41079,18073,,PalmTe00,,11802,0,"https://static.www.nfl.com/image/upload/f_auto,q_auto/league/rnqs1ijwasyyw2revnaf",,17,REG,P01,Tejhaun,PAL661865,57311,32005041-4c66-1865-8429-a408d8e352f7,2024,2024.0,ARI,191.0,24.611
40004,2024,ARI,WR,WR,83.0,DEV,Tejhaun Palmer,Tejhaun,Palmer,2000-05-19,74.0,210,Alabama-Birmingham,00-0039397,4875912,99345c7e-a544-477c-8b57-a4a2b8bcce27,41079,18073,,PalmTe00,,11802,0,"https://static.www.nfl.com/image/upload/f_auto,q_auto/league/rnqs1ijwasyyw2revnaf",,15,REG,P01,Tejhaun,PAL661865,57311,32005041-4c66-1865-8429-a408d8e352f7,2024,2024.0,ARI,191.0,24.575
40005,2024,ARI,WR,WR,83.0,DEV,Tejhaun Palmer,Tejhaun,Palmer,2000-05-19,74.0,210,Alabama-Birmingham,00-0039397,4875912,99345c7e-a544-477c-8b57-a4a2b8bcce27,41079,18073,,PalmTe00,,11802,0,"https://static.www.nfl.com/image/upload/f_auto,q_auto/league/rnqs1ijwasyyw2revnaf",,6,REG,P01,Tejhaun,PAL661865,57311,32005041-4c66-1865-8429-a408d8e352f7,2024,2024.0,ARI,191.0,24.402
40314,2024,ARI,DB,CB,39.0,DEV,Jaden Davis,Jaden,Davis,2001-07-18,70.0,182,Miami,00-0039416,4426435,4c467662-7d7c-4a5f-b453-b0c871c72d8b,,18076,,DaviJa09,,11837,0,"https://static.www.nfl.com/image/upload/f_auto,q_auto/league/cymwuk1futcpl2b3j5lq",,8,REG,P01,Jaden,DAV419291,57346,32004441-5641-9291-3510-df78d5f3c58c,2024,2024.0,ARI,226.0,23.277
40315,2024,ARI,DB,CB,39.0,DEV,Jaden Davis,Jaden,Davis,2001-07-18,70.0,182,Miami,00-0039416,4426435,4c467662-7d7c-4a5f-b453-b0c871c72d8b,,18076,,DaviJa09,,11837,0,"https://static.www.nfl.com/image/upload/f_auto,q_auto/league/cymwuk1futcpl2b3j5lq",,6,REG,P01,Jaden,DAV419291,57346,32004441-5641-9291-3510-df78d5f3c58c,2024,2024.0,ARI,226.0,23.239
40316,2024,ARI,DB,CB,39.0,DEV,Jaden Davis,Jaden,Davis,2001-07-18,70.0,182,Miami,00-0039416,4426435,4c467662-7d7c-4a5f-b453-b0c871c72d8b,,18076,,DaviJa09,,11837,0,"https://static.www.nfl.com/image/upload/f_auto,q_auto/league/cymwuk1futcpl2b3j5lq",,13,REG,P01,Jaden,DAV419291,57346,32004441-5641-9291-3510-df78d5f3c58c,2024,2024.0,ARI,226.0,23.373
40317,2024,ARI,DB,CB,39.0,DEV,Jaden Davis,Jaden,Davis,2001-07-18,70.0,182,Miami,00-0039416,4426435,4c467662-7d7c-4a5f-b453-b0c871c72d8b,,18076,,DaviJa09,,11837,0,"https://static.www.nfl.com/image/upload/f_auto,q_auto/league/cymwuk1futcpl2b3j5lq",,4,REG,P01,Jaden,DAV419291,57346,32004441-5641-9291-3510-df78d5f3c58c,2024,2024.0,ARI,226.0,23.201
40318,2024,ARI,DB,CB,39.0,DEV,Jaden Davis,Jaden,Davis,2001-07-18,70.0,182,Miami,00-0039416,4426435,4c467662-7d7c-4a5f-b453-b0c871c72d8b,,18076,,DaviJa09,,11837,0,"https://static.www.nfl.com/image/upload/f_auto,q_auto/league/cymwuk1futcpl2b3j5lq",,5,REG,P01,Jaden,DAV419291,57346,32004441-5641-9291-3510-df78d5f3c58c,2024,2024.0,ARI,226.0,23.22
40319,2024,ARI,DB,CB,39.0,DEV,Jaden Davis,Jaden,Davis,2001-07-18,70.0,182,Miami,00-0039416,4426435,4c467662-7d7c-4a5f-b453-b0c871c72d8b,,18076,,DaviJa09,,11837,0,"https://static.www.nfl.com/image/upload/f_auto,q_auto/league/cymwuk1futcpl2b3j5lq",,17,REG,P01,Jaden,DAV419291,57346,32004441-5641-9291-3510-df78d5f3c58c,2024,2024.0,ARI,226.0,23.447
40320,2024,ARI,DB,CB,39.0,DEV,Jaden Davis,Jaden,Davis,2001-07-18,70.0,182,Miami,00-0039416,4426435,4c467662-7d7c-4a5f-b453-b0c871c72d8b,,18076,,DaviJa09,,11837,0,"https://static.www.nfl.com/image/upload/f_auto,q_auto/league/cymwuk1futcpl2b3j5lq",,1,REG,P01,Jaden,DAV419291,57346,32004441-5641-9291-3510-df78d5f3c58c,2024,2024.0,ARI,226.0,23.143
40321,2024,ARI,DB,CB,39.0,DEV,Jaden Davis,Jaden,Davis,2001-07-18,70.0,182,Miami,00-0039416,4426435,4c467662-7d7c-4a5f-b453-b0c871c72d8b,,18076,,DaviJa09,,11837,0,"https://static.www.nfl.com/image/upload/f_auto,q_auto/league/cymwuk1futcpl2b3j5lq",,2,REG,P01,Jaden,DAV419291,57346,32004441-5641-9291-3510-df78d5f3c58c,2024,2024.0,ARI,226.0,23.162
40322,2024,ARI,DB,CB,39.0,DEV,Jaden Davis,Jaden,Davis,2001-07-18,70.0,182,Miami,00-0039416,4426435,4c467662-7d7c-4a5f-b453-b0c871c72d8b,,18076,,DaviJa09,,11837,0,"https://static.www.nfl.com/image/upload/f_auto,q_auto/league/cymwuk1futcpl2b3j5lq",,7,REG,P01,Jaden,DAV419291,57346,32004441-5641-9291-3510-df78d5f3c58c,2024,2024.0,ARI,226.0,23.261
40323,2024,ARI,DB,CB,39.0,DEV,Jaden Davis,Jaden,Davis,2001-07-18,70.0,182,Miami,00-0039416,4426435,4c467662-7d7c-4a5f-b453-b0c871c72d8b,,18076,,DaviJa09,,11837,0,"https://static.www.nfl.com/image/upload/f_auto,q_auto/league/cymwuk1futcpl2b3j5lq",,3,REG,P01,Jaden,DAV419291,57346,32004441-5641-9291-3510-df78d5f3c58c,2024,2024.0,ARI,226.0,23.181
40324,2024,ARI,DB,CB,39.0,DEV,Jaden Davis,Jaden,Davis,2001-07-18,70.0,182,Miami,00-0039416,4426435,4c467662-7d7c-4a5f-b453-b0c871c72d8b,,18076,,DaviJa09,,11837,0,"https://static.www.nfl.com/image/upload/f_auto,q_auto/league/cymwuk1futcpl2b3j5lq",,10,REG,P01,Jaden,DAV419291,57346,32004441-5641-9291-3510-df78d5f3c58c,2024,2024.0,ARI,226.0,23.316
40325,2024,ARI,DB,CB,39.0,DEV,Jaden Davis,Jaden,Davis,2001-07-18,70.0,182,Miami,00-0039416,4426435,4c467662-7d7c-4a5f-b453-b0c871c72d8b,,18076,,DaviJa09,,11837,0,"https://static.www.nfl.com/image/upload/f_auto,q_auto/league/cymwuk1futcpl2b3j5lq",,12,REG,P01,Jaden,DAV419291,57346,32004441-5641-9291-3510-df78d5f3c58c,2024,2024.0,ARI,226.0,23.354
40326,2024,ARI,DB,CB,39.0,DEV,Jaden Davis,Jaden,Davis,2001-07-18,70.0,182,Miami,00-0039416,4426435,4c467662-7d7c-4a5f-b453-b0c871c72d8b,,18076,,DaviJa09,,11837,0,"https://static.www.nfl.com/image/upload/f_auto,q_auto/league/cymwuk1futcpl2b3j5lq",,14,REG,P01,Jaden,DAV419291,57346,32004441-5641-9291-3510-df78d5f3c58c,2024,2024.0,ARI,226.0,23.392
40327,2024,ARI,DB,CB,39.0,DEV,Jaden Davis,Jaden,Davis,2001-07-18,70.0,182,Miami,00-0039416,4426435,4c467662-7d7c-4a5f-b453-b0c871c72d8b,,18076,,DaviJa09,,11837,0,"https://static.www.nfl.com/image/upload/f_auto,q_auto/league/cymwuk1futcpl2b3j5lq",,18,REG,P01,Jaden,DAV419291,57346,32004441-5641-9291-3510-df78d5f3c58c,2024,2024.0,ARI,226.0,23.469
40328,2024,ARI,DB,CB,39.0,DEV,Jaden Davis,Jaden,Davis,2001-07-18,70.0,182,Miami,00-0039416,4426435,4c467662-7d7c-4a5f-b453-b0c871c72d8b,,18076,,DaviJa09,,11837,0,"https://static.www.nfl.com/image/upload/f_auto,q_auto/league/cymwuk1futcpl2b3j5lq",,9,REG,P01,Jaden,DAV419291,57346,32004441-5641-9291-3510-df78d5f3c58c,2024,2024.0,ARI,226.0,23.296
40329,2024,ARI,DB,CB,39.0,DEV,Jaden Davis,Jaden,Davis,2001-07-18,70.0,182,Miami,00-0039416,4426435,4c467662-7d7c-4a5f-b453-b0c871c72d8b,,18076,,DaviJa09,,11837,0,"https://static.www.nfl.com/image/upload/f_auto,q_auto/league/cymwuk1futcpl2b3j5lq",,16,REG,P01,Jaden,DAV419291,57346,32004441-5641-9291-3510-df78d5f3c58c,2024,2024.0,ARI,226.0,23.431
40330,2024,ARI,DB,CB,39.0,DEV,Jaden Davis,Jaden,Davis,2001-07-18,70.0,182,Miami,00-0039416,4426435,4c467662-7d7c-4a5f-b453-b0c871c72d8b,,18076,,DaviJa09,,11837,0,"https://static.www.nfl.com/image/upload/f_auto,q_auto/league/cymwuk1futcpl2b3j5lq",,15,REG,P01,Jaden,DAV419291,57346,32004441-5641-9291-3510-df78d5f3c58c,2024,2024.0,ARI,226.0,23.411
41194,2024,ARI,OL,G,62.0,DEV,Matthew Jones,Matthew,Jones,1999-06-13,76.0,315,Ohio State,00-0039484,,,,,,,,,0,"https://static.www.nfl.com/image/upload/f_auto,q_auto/league/mkhkcmizxnea12gzla0i",,18,REG,P01,Matthew,JON603530,57599,32004a4f-4e60-3530-9867-ca2dad86d48c,2024,2024.0,,,25.566
41196,2024,ARI,OL,G,62.0,DEV,Matthew Jones,Matthew,Jones,1999-06-13,76.0,315,Ohio State,00-0039484,,,,,,,,,0,"https://static.www.nfl.com/image/upload/f_auto,q_auto/league/mkhkcmizxnea12gzla0i",,17,REG,P01,Matthew,JON603530,57599,32004a4f-4e60-3530-9867-ca2dad86d48c,2024,2024.0,,,25.544
41564,2024,ARI,DL,DT,57.0,CUT,Myles Murphy,Myles,Murphy,2001-11-27,76.0,310,North Carolina,00-0039519,,,,,,,,,0,"https://static.www.nfl.com/image/upload/f_auto,q_auto/league/fbtukh9jpstmdmloc4r4",,1,REG,W03,Myles,MUR519928,57637,32004d55-5251-9928-3be0-008d99be22df,2024,2024.0,,,22.782
41565,2024,ARI,LS,LS,,CUT,Joe Shimko,Joseph,Shimko,2000-09-30,72.0,230,North Carolina State,00-0039520,,,,,,,,,0,,,1,REG,A01,Joe,SHI248499,57638,32005348-4924-8499-8352-585739a35678,2024,2024.0,,,23.94
41566,2024,ARI,WR,WR,89.0,INA,Xavier Weaver,Xavier,Weaver,2000-10-12,73.0,180,Colorado,00-0039521,4428811,ffd59710-0582-11ef-823c-c3942ac17525,41202,18041,,,,11921,0,"https://static.www.nfl.com/image/upload/f_auto,q_auto/league/m2tuzam94o1qm46kwmxo",,10,REG,A01,Xavier,WEA802270,57639,32005745-4180-2270-4001-4e374e6b003d,2024,2024.0,,,24.079
41567,2024,ARI,WR,WR,89.0,INA,Xavier Weaver,Xavier,Weaver,2000-10-12,73.0,180,Colorado,00-0039521,4428811,ffd59710-0582-11ef-823c-c3942ac17525,41202,18041,,,,11921,0,"https://static.www.nfl.com/image/upload/f_auto,q_auto/league/m2tuzam94o1qm46kwmxo",,1,REG,I01,Xavier,WEA802270,57639,32005745-4180-2270-4001-4e374e6b003d,2024,2024.0,,,23.907
41568,2024,ARI,WR,WR,89.0,INA,Xavier Weaver,Xavier,Weaver,2000-10-12,73.0,180,Colorado,00-0039521,4428811,ffd59710-0582-11ef-823c-c3942ac17525,41202,18041,,,,11921,0,"https://static.www.nfl.com/image/upload/f_auto,q_auto/league/m2tuzam94o1qm46kwmxo",,7,REG,A01,Xavier,WEA802270,57639,32005745-4180-2270-4001-4e374e6b003d,2024,2024.0,,,24.025
41569,2024,ARI,WR,WR,89.0,INA,Xavier Weaver,Xavier,Weaver,2000-10-12,73.0,180,Colorado,00-0039521,4428811,ffd59710-0582-11ef-823c-c3942ac17525,41202,18041,,,,11921,0,"https://static.www.nfl.com/image/upload/f_auto,q_auto/league/m2tuzam94o1qm46kwmxo",,3,REG,I01,Xavier,WEA802270,57639,32005745-4180-2270-4001-4e374e6b003d,2024,2024.0,,,23.945
41570,2024,ARI,WR,WR,89.0,INA,Xavier Weaver,Xavier,Weaver,2000-10-12,73.0,180,Colorado,00-0039521,4428811,ffd59710-0582-11ef-823c-c3942ac17525,41202,18041,,,,11921,0,"https://static.www.nfl.com/image/upload/f_auto,q_auto/league/m2tuzam94o1qm46kwmxo",,4,REG,I01,Xavier,WEA802270,57639,32005745-4180-2270-4001-4e374e6b003d,2024,2024.0,,,23.964
41571,2024,ARI,WR,WR,89.0,INA,Xavier Weaver,Xavier,Weaver,2000-10-12,73.0,180,Colorado,00-0039521,4428811,ffd59710-0582-11ef-823c-c3942ac17525,41202,18041,,,,11921,0,"https://static.www.nfl.com/image/upload/f_auto,q_auto/league/m2tuzam94o1qm46kwmxo",,14,REG,A01,Xavier,WEA802270,57639,32005745-4180-2270-4001-4e374e6b003d,2024,2024.0,,,24.156
41572,2024,ARI,WR,WR,89.0,INA,Xavier Weaver,Xavier,Weaver,2000-10-12,73.0,180,Colorado,00-0039521,4428811,ffd59710-0582-11ef-823c-c3942ac17525,41202,18041,,,,11921,0,"https://static.www.nfl.com/image/upload/f_auto,q_auto/league/m2tuzam94o1qm46kwmxo",,16,REG,A01,Xavier,WEA802270,57639,32005745-4180-2270-4001-4e374e6b003d,2024,2024.0,,,24.194
41573,2024,ARI,WR,WR,89.0,INA,Xavier Weaver,Xavier,Weaver,2000-10-12,73.0,180,Colorado,00-0039521,4428811,ffd59710-0582-11ef-823c-c3942ac17525,41202,18041,,,,11921,0,"https://static.www.nfl.com/image/upload/f_auto,q_auto/league/m2tuzam94o1qm46kwmxo",,13,REG,A01,Xavier,WEA802270,57639,32005745-4180-2270-4001-4e374e6b003d,2024,2024.0,,,24.137
41574,2024,ARI,WR,WR,89.0,ACT,Xavier Weaver,Xavier,Weaver,2000-10-12,73.0,180,Colorado,00-0039521,4428811,ffd59710-0582-11ef-823c-c3942ac17525,41202,18041,,,,11921,0,"https://static.www.nfl.com/image/upload/f_auto,q_auto/league/m2tuzam94o1qm46kwmxo",WR,18,REG,A01,Xavier,WEA802270,57639,32005745-4180-2270-4001-4e374e6b003d,2024,2024.0,,,24.233
41575,2024,ARI,WR,WR,89.0,INA,Xavier Weaver,Xavier,Weaver,2000-10-12,73.0,180,Colorado,00-0039521,4428811,ffd59710-0582-11ef-823c-c3942ac17525,41202,18041,,,,11921,0,"https://static.www.nfl.com/image/upload/f_auto,q_auto/league/m2tuzam94o1qm46kwmxo",,5,REG,I01,Xavier,WEA802270,57639,32005745-4180-2270-4001-4e374e6b003d,2024,2024.0,,,23.984
41576,2024,ARI,WR,WR,89.0,INA,Xavier Weaver,Xavier,Weaver,2000-10-12,73.0,180,Colorado,00-0039521,4428811,ffd59710-0582-11ef-823c-c3942ac17525,41202,18041,,,,11921,0,"https://static.www.nfl.com/image/upload/f_auto,q_auto/league/m2tuzam94o1qm46kwmxo",,2,REG,I01,Xavier,WEA802270,57639,32005745-4180-2270-4001-4e374e6b003d,2024,2024.0,,,23.926
41577,2024,ARI,WR,WR,89.0,INA,Xavier Weaver,Xavier,Weaver,2000-10-12,73.0,180,Colorado,00-0039521,4428811,ffd59710-0582-11ef-823c-c3942ac17525,41202,18041,,,,11921,0,"https://static.www.nfl.com/image/upload/f_auto,q_auto/league/m2tuzam94o1qm46kwmxo",,12,REG,A01,Xavier,WEA802270,57639,32005745-4180-2270-4001-4e374e6b003d,2024,2024.0,,,24.118
41578,2024,ARI,WR,WR,89.0,INA,Xavier Weaver,Xavier,Weaver,2000-10-12,73.0,180,Colorado,00-0039521,4428811,ffd59710-0582-11ef-823c-c3942ac17525,41202,18041,,,,11921,0,"https://static.www.nfl.com/image/upload/f_auto,q_auto/league/m2tuzam94o1qm46kwmxo",,17,REG,A01,Xavier,WEA802270,57639,32005745-4180-2270-4001-4e374e6b003d,2024,2024.0,,,24.211
41579,2024,ARI,WR,WR,89.0,INA,Xavier Weaver,Xavier,Weaver,2000-10-12,73.0,180,Colorado,00-0039521,4428811,ffd59710-0582-11ef-823c-c3942ac17525,41202,18041,,,,11921,0,"https://static.www.nfl.com/image/upload/f_auto,q_auto/league/m2tuzam94o1qm46kwmxo",,15,REG,A01,Xavier,WEA802270,57639,32005745-4180-2270-4001-4e374e6b003d,2024,2024.0,,,24.175
41580,2024,ARI,WR,WR,89.0,INA,Xavier Weaver,Xavier,Weaver,2000-10-12,73.0,180,Colorado,00-0039521,4428811,ffd59710-0582-11ef-823c-c3942ac17525,41202,18041,,,,11921,0,"https://static.www.nfl.com/image/upload/f_auto,q_auto/league/m2tuzam94o1qm46kwmxo",,9,REG,I01,Xavier,WEA802270,57639,32005745-4180-2270-4001-4e374e6b003d,2024,2024.0,,,24.06
41581,2024,ARI,WR,WR,89.0,INA,Xavier Weaver,Xavier,Weaver,2000-10-12,73.0,180,Colorado,00-0039521,4428811,ffd59710-0582-11ef-823c-c3942ac17525,41202,18041,,,,11921,0,"https://static.www.nfl.com/image/upload/f_auto,q_auto/league/m2tuzam94o1qm46kwmxo",,8,REG,I01,Xavier,WEA802270,57639,32005745-4180-2270-4001-4e374e6b003d,2024,2024.0,,,24.041
41582,2024,ARI,WR,WR,89.0,ACT,Xavier Weaver,Xavier,Weaver,2000-10-12,73.0,180,Colorado,00-0039521,4428811,ffd59710-0582-11ef-823c-c3942ac17525,41202,18041,,,,11921,0,"https://static.www.nfl.com/image/upload/f_auto,q_auto/league/m2tuzam94o1qm46kwmxo",WR,6,REG,A01,Xavier,WEA802270,57639,32005745-4180-2270-4001-4e374e6b003d,2024,2024.0,,,24.003
43242,2024,ARI,DL,DT,95.0,CUT,Tyler Manoa,Tyler,Manoa,1999-12-08,77.0,310,Arizona,00-0039712,,,,,,,,,0,"https://static.www.nfl.com/image/upload/f_auto,q_auto/league/f3un8o3jpam1i6bhi3al",,2,REG,P01,Tyler,MAN567006,57875,32004d41-4e56-7006-545d-094ce14f9bda,2024,2024.0,,,24.772
43244,2024,ARI,DL,DT,95.0,DEV,Tyler Manoa,Tyler,Manoa,1999-12-08,77.0,310,Arizona,00-0039712,,,,,,,,,0,"https://static.www.nfl.com/image/upload/f_auto,q_auto/league/f3un8o3jpam1i6bhi3al",,1,REG,P01,Tyler,MAN567006,57875,32004d41-4e56-7006-545d-094ce14f9bda,2024,2024.0,,,24.753
43494,2024,ARI,TE,TE,87.0,ACT,Tip Reiman,Tip,Reiman,2001-09-17,76.0,270,Illinois,00-0039737,4696700,44767e85-080f-4212-b2f2-cba160c81a9f,40959,17966,,ReimTi00,,11716,0,"https://static.www.nfl.com/image/upload/f_auto,q_auto/league/grt6fspk8dlqbuzcrq7m",TE,10,REG,A01,Tip,REI577302,57203,32005245-4957-7302-3782-d7697a4f655d,2024,2024.0,ARI,82.0,23.149
43495,2024,ARI,TE,TE,87.0,ACT,Tip Reiman,Tip,Reiman,2001-09-17,76.0,270,Illinois,00-0039737,4696700,44767e85-080f-4212-b2f2-cba160c81a9f,40959,17966,,ReimTi00,,11716,0,"https://static.www.nfl.com/image/upload/f_auto,q_auto/league/grt6fspk8dlqbuzcrq7m",TE,9,REG,A01,Tip,REI577302,57203,32005245-4957-7302-3782-d7697a4f655d,2024,2024.0,ARI,82.0,23.129
43496,2024,ARI,TE,TE,87.0,ACT,Tip Reiman,Tip,Reiman,2001-09-17,76.0,270,Illinois,00-0039737,4696700,44767e85-080f-4212-b2f2-cba160c81a9f,40959,17966,,ReimTi00,,11716,0,"https://static.www.nfl.com/image/upload/f_auto,q_auto/league/grt6fspk8dlqbuzcrq7m",TE,1,REG,A01,Tip,REI577302,57203,32005245-4957-7302-3782-d7697a4f655d,2024,2024.0,ARI,82.0,22.976
43497,2024,ARI,TE,TE,87.0,ACT,Tip Reiman,Tip,Reiman,2001-09-17,76.0,270,Illinois,00-0039737,4696700,44767e85-080f-4212-b2f2-cba160c81a9f,40959,17966,,ReimTi00,,11716,0,"https://static.www.nfl.com/image/upload/f_auto,q_auto/league/grt6fspk8dlqbuzcrq7m",TE,12,REG,A01,Tip,REI577302,57203,32005245-4957-7302-3782-d7697a4f655d,2024,2024.0,ARI,82.0,23.187
43498,2024,ARI,TE,TE,87.0,ACT,Tip Reiman,Tip,Reiman,2001-09-17,76.0,270,Illinois,00-0039737,4696700,44767e85-080f-4212-b2f2-cba160c81a9f,40959,17966,,ReimTi00,,11716,0,"https://static.www.nfl.com/image/upload/f_auto,q_auto/league/grt6fspk8dlqbuzcrq7m",TE,8,REG,A01,Tip,REI577302,57203,32005245-4957-7302-3782-d7697a4f655d,2024,2024.0,ARI,82.0,23.11
43499,2024,ARI,TE,TE,87.0,ACT,Tip Reiman,Tip,Reiman,2001-09-17,76.0,270,Illinois,00-0039737,4696700,44767e85-080f-4212-b2f2-cba160c81a9f,40959,17966,,ReimTi00,,11716,0,"https://static.www.nfl.com/image/upload/f_auto,q_auto/league/grt6fspk8dlqbuzcrq7m",TE,16,REG,A01,Tip,REI577302,57203,32005245-4957-7302-3782-d7697a4f655d,2024,2024.0,ARI,82.0,23.264
43500,2024,ARI,TE,TE,87.0,ACT,Tip Reiman,Tip,Reiman,2001-09-17,76.0,270,Illinois,00-0039737,4696700,44767e85-080f-4212-b2f2-cba160c81a9f,40959,17966,,ReimTi00,,11716,0,"https://static.www.nfl.com/image/upload/f_auto,q_auto/league/grt6fspk8dlqbuzcrq7m",TE,18,REG,A01,Tip,REI577302,57203,32005245-4957-7302-3782-d7697a4f655d,2024,2024.0,ARI,82.0,23.302
43501,2024,ARI,TE,TE,87.0,ACT,Tip Reiman,Tip,Reiman,2001-09-17,76.0,270,Illinois,00-0039737,4696700,44767e85-080f-4212-b2f2-cba160c81a9f,40959,17966,,ReimTi00,,11716,0,"https://static.www.nfl.com/image/upload/f_auto,q_auto/league/grt6fspk8dlqbuzcrq7m",TE,13,REG,A01,Tip,REI577302,57203,32005245-4957-7302-3782-d7697a4f655d,2024,2024.0,ARI,82.0,23.206
43502,2024,ARI,TE,TE,87.0,ACT,Tip Reiman,Tip,Reiman,2001-09-17,76.0,270,Illinois,00-0039737,4696700,44767e85-080f-4212-b2f2-cba160c81a9f,40959,17966,,ReimTi00,,11716,0,"https://static.www.nfl.com/image/upload/f_auto,q_auto/league/grt6fspk8dlqbuzcrq7m",TE,5,REG,A01,Tip,REI577302,57203,32005245-4957-7302-3782-d7697a4f655d,2024,2024.0,ARI,82.0,23.053
43503,2024,ARI,TE,TE,87.0,ACT,Tip Reiman,Tip,Reiman,2001-09-17,76.0,270,Illinois,00-0039737,4696700,44767e85-080f-4212-b2f2-cba160c81a9f,40959,17966,,ReimTi00,,11716,0,"https://static.www.nfl.com/image/upload/f_auto,q_auto/league/grt6fspk8dlqbuzcrq7m",TE,17,REG,A01,Tip,REI577302,57203,32005245-4957-7302-3782-d7697a4f655d,2024,2024.0,ARI,82.0,23.28
43504,2024,ARI,TE,TE,87.0,ACT,Tip Reiman,Tip,Reiman,2001-09-17,76.0,270,Illinois,00-0039737,4696700,44767e85-080f-4212-b2f2-cba160c81a9f,40959,17966,,ReimTi00,,11716,0,"https://static.www.nfl.com/image/upload/f_auto,q_auto/league/grt6fspk8dlqbuzcrq7m",TE,7,REG,A01,Tip,REI577302,57203,32005245-4957-7302-3782-d7697a4f655d,2024,2024.0,ARI,82.0,23.094
43505,2024,ARI,TE,TE,87.0,ACT,Tip Reiman,Tip,Reiman,2001-09-17,76.0,270,Illinois,00-0039737,4696700,44767e85-080f-4212-b2f2-cba160c81a9f,40959,17966,,ReimTi00,,11716,0,"https://static.www.nfl.com/image/upload/f_auto,q_auto/league/grt6fspk8dlqbuzcrq7m",TE,4,REG,A01,Tip,REI577302,57203,32005245-4957-7302-3782-d7697a4f655d,2024,2024.0,ARI,82.0,23.034
43506,2024,ARI,TE,TE,87.0,ACT,Tip Reiman,Tip,Reiman,2001-09-17,76.0,270,Illinois,00-0039737,4696700,44767e85-080f-4212-b2f2-cba160c81a9f,40959,17966,,ReimTi00,,11716,0,"https://static.www.nfl.com/image/upload/f_auto,q_auto/league/grt6fspk8dlqbuzcrq7m",TE,15,REG,A01,Tip,REI577302,57203,32005245-4957-7302-3782-d7697a4f655d,2024,2024.0,ARI,82.0,23.244
43507,2024,ARI,TE,TE,87.0,ACT,Tip Reiman,Tip,Reiman,2001-09-17,76.0,270,Illinois,00-0039737,4696700,44767e85-080f-4212-b2f2-cba160c81a9f,40959,17966,,ReimTi00,,11716,0,"https://static.www.nfl.com/image/upload/f_auto,q_auto/league/grt6fspk8dlqbuzcrq7m",TE,2,REG,A01,Tip,REI577302,57203,32005245-4957-7302-3782-d7697a4f655d,2024,2024.0,ARI,82.0,22.995
43508,2024,ARI,TE,TE,87.0,ACT,Tip Reiman,Tip,Reiman,2001-09-17,76.0,270,Illinois,00-0039737,4696700,44767e85-080f-4212-b2f2-cba160c81a9f,40959,17966,,ReimTi00,,11716,0,"https://static.www.nfl.com/image/upload/f_auto,q_auto/league/grt6fspk8dlqbuzcrq7m",TE,14,REG,A01,Tip,REI577302,57203,32005245-4957-7302-3782-d7697a4f655d,2024,2024.0,ARI,82.0,23.225
43509,2024,ARI,TE,TE,87.0,ACT,Tip Reiman,Tip,Reiman,2001-09-17,76.0,270,Illinois,00-0039737,4696700,44767e85-080f-4212-b2f2-cba160c81a9f,40959,17966,,ReimTi00,,11716,0,"https://static.www.nfl.com/image/upload/f_auto,q_auto/league/grt6fspk8dlqbuzcrq7m",TE,3,REG,A01,Tip,REI577302,57203,32005245-4957-7302-3782-d7697a4f655d,2024,2024.0,ARI,82.0,23.014
43510,2024,ARI,TE,TE,87.0,ACT,Tip Reiman,Tip,Reiman,2001-09-17,76.0,270,Illinois,00-0039737,4696700,44767e85-080f-4212-b2f2-cba160c81a9f,40959,17966,,ReimTi00,,11716,0,"https://static.www.nfl.com/image/upload/f_auto,q_auto/league/grt6fspk8dlqbuzcrq7m",TE,6,REG,A01,Tip,REI577302,57203,32005245-4957-7302-3782-d7697a4f655d,2024,2024.0,ARI,82.0,23.072
44107,2024,ARI,DL,DE,93.0,DEV,Anthony Goodlow,Anthony,Goodlow,2000-07-25,77.0,286,Oklahoma State,00-0039783,,,,,,,,,0,"https://static.www.nfl.com/image/upload/f_auto,q_auto/league/ilcvaeyjr6awn9ecccvt",,14,REG,P01,Anthony,GOO276234,57923,3200474f-4f27-6234-5899-7c3a7e83c83a,2024,2024.0,,,24.372
44108,2024,ARI,DL,DE,93.0,DEV,Anthony Goodlow,Anthony,Goodlow,2000-07-25,77.0,286,Oklahoma State,00-0039783,,,,,,,,,0,"https://static.www.nfl.com/image/upload/f_auto,q_auto/league/ilcvaeyjr6awn9ecccvt",,17,REG,P01,Anthony,GOO276234,57923,3200474f-4f27-6234-5899-7c3a7e83c83a,2024,2024.0,,,24.427
44109,2024,ARI,DL,DE,93.0,DEV,Anthony Goodlow,Anthony,Goodlow,2000-07-25,77.0,286,Oklahoma State,00-0039783,,,,,,,,,0,"https://static.www.nfl.com/image/upload/f_auto,q_auto/league/ilcvaeyjr6awn9ecccvt",,18,REG,P01,Anthony,GOO276234,57923,3200474f-4f27-6234-5899-7c3a7e83c83a,2024,2024.0,,,24.449
44111,2024,ARI,DL,DE,93.0,DEV,Anthony Goodlow,Anthony,Goodlow,2000-07-25,77.0,286,Oklahoma State,00-0039783,,,,,,,,,0,"https://static.www.nfl.com/image/upload/f_auto,q_auto/league/ilcvaeyjr6awn9ecccvt",,9,REG,P01,Anthony,GOO276234,57923,3200474f-4f27-6234-5899-7c3a7e83c83a,2024,2024.0,,,24.277
44112,2024,ARI,DL,DE,93.0,DEV,Anthony Goodlow,Anthony,Goodlow,2000-07-25,77.0,286,Oklahoma State,00-0039783,,,,,,,,,0,"https://static.www.nfl.com/image/upload/f_auto,q_auto/league/ilcvaeyjr6awn9ecccvt",,10,REG,P01,Anthony,GOO276234,57923,3200474f-4f27-6234-5899-7c3a7e83c83a,2024,2024.0,,,24.296
44113,2024,ARI,DL,DE,93.0,DEV,Anthony Goodlow,Anthony,Goodlow,2000-07-25,77.0,286,Oklahoma State,00-0039783,,,,,,,,,0,"https://static.www.nfl.com/image/upload/f_auto,q_auto/league/ilcvaeyjr6awn9ecccvt",,15,REG,P01,Anthony,GOO276234,57923,3200474f-4f27-6234-5899-7c3a7e83c83a,2024,2024.0,,,24.392
44114,2024,ARI,DL,DE,93.0,DEV,Anthony Goodlow,Anthony,Goodlow,2000-07-25,77.0,286,Oklahoma State,00-0039783,,,,,,,,,0,"https://static.www.nfl.com/image/upload/f_auto,q_auto/league/ilcvaeyjr6awn9ecccvt",,16,REG,P01,Anthony,GOO276234,57923,3200474f-4f27-6234-5899-7c3a7e83c83a,2024,2024.0,,,24.411
44115,2024,ARI,DL,DE,93.0,DEV,Anthony Goodlow,Anthony,Goodlow,2000-07-25,77.0,286,Oklahoma State,00-0039783,,,,,,,,,0,"https://static.www.nfl.com/image/upload/f_auto,q_auto/league/ilcvaeyjr6awn9ecccvt",,12,REG,P01,Anthony,GOO276234,57923,3200474f-4f27-6234-5899-7c3a7e83c83a,2024,2024.0,,,24.334
44116,2024,ARI,DL,DE,93.0,DEV,Anthony Goodlow,Anthony,Goodlow,2000-07-25,77.0,286,Oklahoma State,00-0039783,,,,,,,,,0,"https://static.www.nfl.com/image/upload/f_auto,q_auto/league/ilcvaeyjr6awn9ecccvt",,13,REG,P01,Anthony,GOO276234,57923,3200474f-4f27-6234-5899-7c3a7e83c83a,2024,2024.0,,,24.353
44403,2024,ARI,DB,CB,16.0,ACT,Max Melton,Max,Melton,2002-04-15,71.0,190,Rutgers,00-0039807,4698113,5f3ab1fc-cdc0-499d-8cc2-36433b9ac7f6,,17817,,MeltMa00,,11693,0,"https://static.www.nfl.com/image/upload/f_auto,q_auto/league/xietbroubuzz1ydj2uri",CB,10,REG,A01,Max,MEL610078,57164,32004d45-4c61-0078-d54e-f88d1ef7246e,2024,2024.0,ARI,43.0,22.574
44404,2024,ARI,DB,CB,16.0,ACT,Max Melton,Max,Melton,2002-04-15,71.0,190,Rutgers,00-0039807,4698113,5f3ab1fc-cdc0-499d-8cc2-36433b9ac7f6,,17817,,MeltMa00,,11693,0,"https://static.www.nfl.com/image/upload/f_auto,q_auto/league/xietbroubuzz1ydj2uri",CB,8,REG,A01,Max,MEL610078,57164,32004d45-4c61-0078-d54e-f88d1ef7246e,2024,2024.0,ARI,43.0,22.535
44405,2024,ARI,DB,CB,16.0,ACT,Max Melton,Max,Melton,2002-04-15,71.0,190,Rutgers,00-0039807,4698113,5f3ab1fc-cdc0-499d-8cc2-36433b9ac7f6,,17817,,MeltMa00,,11693,0,"https://static.www.nfl.com/image/upload/f_auto,q_auto/league/xietbroubuzz1ydj2uri",CB,4,REG,A01,Max,MEL610078,57164,32004d45-4c61-0078-d54e-f88d1ef7246e,2024,2024.0,ARI,43.0,22.459
44406,2024,ARI,DB,CB,16.0,ACT,Max Melton,Max,Melton,2002-04-15,71.0,190,Rutgers,00-0039807,4698113,5f3ab1fc-cdc0-499d-8cc2-36433b9ac7f6,,17817,,MeltMa00,,11693,0,"https://static.www.nfl.com/image/upload/f_auto,q_auto/league/xietbroubuzz1ydj2uri",CB,12,REG,A01,Max,MEL610078,57164,32004d45-4c61-0078-d54e-f88d1ef7246e,2024,2024.0,ARI,43.0,22.612
44407,2024,ARI,DB,CB,16.0,ACT,Max Melton,Max,Melton,2002-04-15,71.0,190,Rutgers,00-0039807,4698113,5f3ab1fc-cdc0-499d-8cc2-36433b9ac7f6,,17817,,MeltMa00,,11693,0,"https://static.www.nfl.com/image/upload/f_auto,q_auto/league/xietbroubuzz1ydj2uri",CB,18,REG,A01,Max,MEL610078,57164,32004d45-4c61-0078-d54e-f88d1ef7246e,2024,2024.0,ARI,43.0,22.727
44408,2024,ARI,DB,CB,16.0,ACT,Max Melton,Max,Melton,2002-04-15,71.0,190,Rutgers,00-0039807,4698113,5f3ab1fc-cdc0-499d-8cc2-36433b9ac7f6,,17817,,MeltMa00,,11693,0,"https://static.www.nfl.com/image/upload/f_auto,q_auto/league/xietbroubuzz1ydj2uri",CB,1,REG,A01,Max,MEL610078,57164,32004d45-4c61-0078-d54e-f88d1ef7246e,2024,2024.0,ARI,43.0,22.401
44409,2024,ARI,DB,CB,16.0,ACT,Max Melton,Max,Melton,2002-04-15,71.0,190,Rutgers,00-0039807,4698113,5f3ab1fc-cdc0-499d-8cc2-36433b9ac7f6,,17817,,MeltMa00,,11693,0,"https://static.www.nfl.com/image/upload/f_auto,q_auto/league/xietbroubuzz1ydj2uri",CB,9,REG,A01,Max,MEL610078,57164,32004d45-4c61-0078-d54e-f88d1ef7246e,2024,2024.0,ARI,43.0,22.554
44410,2024,ARI,DB,CB,16.0,ACT,Max Melton,Max,Melton,2002-04-15,71.0,190,Rutgers,00-0039807,4698113,5f3ab1fc-cdc0-499d-8cc2-36433b9ac7f6,,17817,,MeltMa00,,11693,0,"https://static.www.nfl.com/image/upload/f_auto,q_auto/league/xietbroubuzz1ydj2uri",CB,7,REG,A01,Max,MEL610078,57164,32004d45-4c61-0078-d54e-f88d1ef7246e,2024,2024.0,ARI,43.0,22.519
44411,2024,ARI,DB,CB,16.0,ACT,Max Melton,Max,Melton,2002-04-15,71.0,190,Rutgers,00-0039807,4698113,5f3ab1fc-cdc0-499d-8cc2-36433b9ac7f6,,17817,,MeltMa00,,11693,0,"https://static.www.nfl.com/image/upload/f_auto,q_auto/league/xietbroubuzz1ydj2uri",CB,16,REG,A01,Max,MEL610078,57164,32004d45-4c61-0078-d54e-f88d1ef7246e,2024,2024.0,ARI,43.0,22.689
44412,2024,ARI,DB,CB,16.0,ACT,Max Melton,Max,Melton,2002-04-15,71.0,190,Rutgers,00-0039807,4698113,5f3ab1fc-cdc0-499d-8cc2-36433b9ac7f6,,17817,,MeltMa00,,11693,0,"https://static.www.nfl.com/image/upload/f_auto,q_auto/league/xietbroubuzz1ydj2uri",CB,15,REG,A01,Max,MEL610078,57164,32004d45-4c61-0078-d54e-f88d1ef7246e,2024,2024.0,ARI,43.0,22.669
44413,2024,ARI,DB,CB,16.0,ACT,Max Melton,Max,Melton,2002-04-15,71.0,190,Rutgers,00-0039807,4698113,5f3ab1fc-cdc0-499d-8cc2-36433b9ac7f6,,17817,,MeltMa00,,11693,0,"https://static.www.nfl.com/image/upload/f_auto,q_auto/league/xietbroubuzz1ydj2uri",CB,5,REG,A01,Max,MEL610078,57164,32004d45-4c61-0078-d54e-f88d1ef7246e,2024,2024.0,ARI,43.0,22.478
44414,2024,ARI,DB,CB,16.0,ACT,Max Melton,Max,Melton,2002-04-15,71.0,190,Rutgers,00-0039807,4698113,5f3ab1fc-cdc0-499d-8cc2-36433b9ac7f6,,17817,,MeltMa00,,11693,0,"https://static.www.nfl.com/image/upload/f_auto,q_auto/league/xietbroubuzz1ydj2uri",CB,14,REG,A01,Max,MEL610078,57164,32004d45-4c61-0078-d54e-f88d1ef7246e,2024,2024.0,ARI,43.0,22.65
44415,2024,ARI,DB,CB,16.0,ACT,Max Melton,Max,Melton,2002-04-15,71.0,190,Rutgers,00-0039807,4698113,5f3ab1fc-cdc0-499d-8cc2-36433b9ac7f6,,17817,,MeltMa00,,11693,0,"https://static.www.nfl.com/image/upload/f_auto,q_auto/league/xietbroubuzz1ydj2uri",CB,13,REG,A01,Max,MEL610078,57164,32004d45-4c61-0078-d54e-f88d1ef7246e,2024,2024.0,ARI,43.0,22.631
44416,2024,ARI,DB,CB,16.0,ACT,Max Melton,Max,Melton,2002-04-15,71.0,190,Rutgers,00-0039807,4698113,5f3ab1fc-cdc0-499d-8cc2-36433b9ac7f6,,17817,,MeltMa00,,11693,0,"https://static.www.nfl.com/image/upload/f_auto,q_auto/league/xietbroubuzz1ydj2uri",CB,17,REG,A01,Max,MEL610078,57164,32004d45-4c61-0078-d54e-f88d1ef7246e,2024,2024.0,ARI,43.0,22.705
44417,2024,ARI,DB,CB,16.0,ACT,Max Melton,Max,Melton,2002-04-15,71.0,190,Rutgers,00-0039807,4698113,5f3ab1fc-cdc0-499d-8cc2-36433b9ac7f6,,17817,,MeltMa00,,11693,0,"https://static.www.nfl.com/image/upload/f_auto,q_auto/league/xietbroubuzz1ydj2uri",CB,3,REG,A01,Max,MEL610078,57164,32004d45-4c61-0078-d54e-f88d1ef7246e,2024,2024.0,ARI,43.0,22.439
44418,2024,ARI,DB,CB,16.0,ACT,Max Melton,Max,Melton,2002-04-15,71.0,190,Rutgers,00-0039807,4698113,5f3ab1fc-cdc0-499d-8cc2-36433b9ac7f6,,17817,,MeltMa00,,11693,0,"https://static.www.nfl.com/image/upload/f_auto,q_auto/league/xietbroubuzz1ydj2uri",CB,2,REG,A01,Max,MEL610078,57164,32004d45-4c61-0078-d54e-f88d1ef7246e,2024,2024.0,ARI,43.0,22.42
44419,2024,ARI,DB,CB,16.0,ACT,Max Melton,Max,Melton,2002-04-15,71.0,190,Rutgers,00-0039807,4698113,5f3ab1fc-cdc0-499d-8cc2-36433b9ac7f6,,17817,,MeltMa00,,11693,0,"https://static.www.nfl.com/image/upload/f_auto,q_auto/league/xietbroubuzz1ydj2uri",CB,6,REG,A01,Max,MEL610078,57164,32004d45-4c61-0078-d54e-f88d1ef7246e,2024,2024.0,ARI,43.0,22.497
44420,2024,ARI,OL,G,74.0,ACT,Isaiah Adams,Isaiah,Adams,2000-07-21,76.0,315,Illinois,00-0039808,,,,,,,,,0,"https://static.www.nfl.com/image/upload/f_auto,q_auto/league/rhybx6nvxy34zkz15wpx",G,7,REG,A01,Isaiah,ADA373948,57192,32004144-4137-3948-a77f-ac8f4d02b20f,2024,2024.0,ARI,71.0,24.252
44421,2024,ARI,OL,G,74.0,ACT,Isaiah Adams,Isaiah,Adams,2000-07-21,76.0,315,Illinois,00-0039808,,,,,,,,,0,"https://static.www.nfl.com/image/upload/f_auto,q_auto/league/rhybx6nvxy34zkz15wpx",G,8,REG,A01,Isaiah,ADA373948,57192,32004144-4137-3948-a77f-ac8f4d02b20f,2024,2024.0,ARI,71.0,24.268
44422,2024,ARI,OL,G,74.0,ACT,Isaiah Adams,Isaiah,Adams,2000-07-21,76.0,315,Illinois,00-0039808,,,,,,,,,0,"https://static.www.nfl.com/image/upload/f_auto,q_auto/league/rhybx6nvxy34zkz15wpx",G,14,REG,A01,Isaiah,ADA373948,57192,32004144-4137-3948-a77f-ac8f4d02b20f,2024,2024.0,ARI,71.0,24.383
44423,2024,ARI,OL,G,74.0,ACT,Isaiah Adams,Isaiah,Adams,2000-07-21,76.0,315,Illinois,00-0039808,,,,,,,,,0,"https://static.www.nfl.com/image/upload/f_auto,q_auto/league/rhybx6nvxy34zkz15wpx",,4,REG,A01,Isaiah,ADA373948,57192,32004144-4137-3948-a77f-ac8f4d02b20f,2024,2024.0,ARI,71.0,24.192
44424,2024,ARI,OL,G,74.0,ACT,Isaiah Adams,Isaiah,Adams,2000-07-21,76.0,315,Illinois,00-0039808,,,,,,,,,0,"https://static.www.nfl.com/image/upload/f_auto,q_auto/league/rhybx6nvxy34zkz15wpx",G,2,REG,A01,Isaiah,ADA373948,57192,32004144-4137-3948-a77f-ac8f4d02b20f,2024,2024.0,ARI,71.0,24.153
44425,2024,ARI,OL,G,74.0,ACT,Isaiah Adams,Isaiah,Adams,2000-07-21,76.0,315,Illinois,00-0039808,,,,,,,,,0,"https://static.www.nfl.com/image/upload/f_auto,q_auto/league/rhybx6nvxy34zkz15wpx",,12,REG,A01,Isaiah,ADA373948,57192,32004144-4137-3948-a77f-ac8f4d02b20f,2024,2024.0,ARI,71.0,24.345
44426,2024,ARI,OL,G,74.0,ACT,Isaiah Adams,Isaiah,Adams,2000-07-21,76.0,315,Illinois,00-0039808,,,,,,,,,0,"https://static.www.nfl.com/image/upload/f_auto,q_auto/league/rhybx6nvxy34zkz15wpx",G,13,REG,A01,Isaiah,ADA373948,57192,32004144-4137-3948-a77f-ac8f4d02b20f,2024,2024.0,ARI,71.0,24.364
44427,2024,ARI,OL,G,74.0,ACT,Isaiah Adams,Isaiah,Adams,2000-07-21,76.0,315,Illinois,00-0039808,,,,,,,,,0,"https://static.www.nfl.com/image/upload/f_auto,q_auto/league/rhybx6nvxy34zkz15wpx",,3,REG,A01,Isaiah,ADA373948,57192,32004144-4137-3948-a77f-ac8f4d02b20f,2024,2024.0,ARI,71.0,24.172
44428,2024,ARI,OL,G,74.0,ACT,Isaiah Adams,Isaiah,Adams,2000-07-21,76.0,315,Illinois,00-0039808,,,,,,,,,0,"https://static.www.nfl.com/image/upload/f_auto,q_auto/league/rhybx6nvxy34zkz15wpx",,1,REG,A01,Isaiah,ADA373948,57192,32004144-4137-3948-a77f-ac8f4d02b20f,2024,2024.0,ARI,71.0,24.134
44429,2024,ARI,OL,G,74.0,ACT,Isaiah Adams,Isaiah,Adams,2000-07-21,76.0,315,Illinois,00-0039808,,,,,,,,,0,"https://static.www.nfl.com/image/upload/f_auto,q_auto/league/rhybx6nvxy34zkz15wpx",G,16,REG,A01,Isaiah,ADA373948,57192,32004144-4137-3948-a77f-ac8f4d02b20f,2024,2024.0,ARI,71.0,24.422
44430,2024,ARI,OL,G,74.0,INA,Isaiah Adams,Isaiah,Adams,2000-07-21,76.0,315,Illinois,00-0039808,,,,,,,,,0,"https://static.www.nfl.com/image/upload/f_auto,q_auto/league/rhybx6nvxy34zkz15wpx",,5,REG,I01,Isaiah,ADA373948,57192,32004144-4137-3948-a77f-ac8f4d02b20f,2024,2024.0,ARI,71.0,24.211
44431,2024,ARI,OL,G,74.0,ACT,Isaiah Adams,Isaiah,Adams,2000-07-21,76.0,315,Illinois,00-0039808,,,,,,,,,0,"https://static.www.nfl.com/image/upload/f_auto,q_auto/league/rhybx6nvxy34zkz15wpx",,10,REG,A01,Isaiah,ADA373948,57192,32004144-4137-3948-a77f-ac8f4d02b20f,2024,2024.0,ARI,71.0,24.307
44432,2024,ARI,OL,G,74.0,ACT,Isaiah Adams,Isaiah,Adams,2000-07-21,76.0,315,Illinois,00-0039808,,,,,,,,,0,"https://static.www.nfl.com/image/upload/f_auto,q_auto/league/rhybx6nvxy34zkz15wpx",G,6,REG,A01,Isaiah,ADA373948,57192,32004144-4137-3948-a77f-ac8f4d02b20f,2024,2024.0,ARI,71.0,24.23
44433,2024,ARI,OL,G,74.0,ACT,Isaiah Adams,Isaiah,Adams,2000-07-21,76.0,315,Illinois,00-0039808,,,,,,,,,0,"https://static.www.nfl.com/image/upload/f_auto,q_auto/league/rhybx6nvxy34zkz15wpx",G,18,REG,A01,Isaiah,ADA373948,57192,32004144-4137-3948-a77f-ac8f4d02b20f,2024,2024.0,ARI,71.0,24.46
44434,2024,ARI,OL,G,74.0,ACT,Isaiah Adams,Isaiah,Adams,2000-07-21,76.0,315,Illinois,00-0039808,,,,,,,,,0,"https://static.www.nfl.com/image/upload/f_auto,q_auto/league/rhybx6nvxy34zkz15wpx",G,17,REG,A01,Isaiah,ADA373948,57192,32004144-4137-3948-a77f-ac8f4d02b20f,2024,2024.0,ARI,71.0,24.438
44435,2024,ARI,OL,G,74.0,ACT,Isaiah Adams,Isaiah,Adams,2000-07-21,76.0,315,Illinois,00-0039808,,,,,,,,,0,"https://static.www.nfl.com/image/upload/f_auto,q_auto/league/rhybx6nvxy34zkz15wpx",G,15,REG,A01,Isaiah,ADA373948,57192,32004144-4137-3948-a77f-ac8f4d02b20f,2024,2024.0,ARI,71.0,24.402
44436,2024,ARI,OL,G,74.0,ACT,Isaiah Adams,Isaiah,Adams,2000-07-21,76.0,315,Illinois,00-0039808,,,,,,,,,0,"https://static.www.nfl.com/image/upload/f_auto,q_auto/league/rhybx6nvxy34zkz15wpx",G,9,REG,A01,Isaiah,ADA373948,57192,32004144-4137-3948-a77f-ac8f4d02b20f,2024,2024.0,ARI,71.0,24.287
44666,2024,ARI,DB,CB,28.0,RES,Elijah Jones,Elijah,Jones,2000-01-08,73.0,184,Boston College,00-0039823,4360203,6e1e18d1-3dab-4333-aa02-97354d316c6f,,18071,,JoneEl00,,11717,0,"https://static.www.nfl.com/image/upload/f_auto,q_auto/league/elfksaj9ofmczva5hz1h",,9,REG,R01,Elijah,JON275726,57211,32004a4f-4e27-5726-7a49-e84a04ed3b1f,2024,2024.0,ARI,90.0,24.821
44667,2024,ARI,DB,CB,28.0,RES,Elijah Jones,Elijah,Jones,2000-01-08,73.0,184,Boston College,00-0039823,4360203,6e1e18d1-3dab-4333-aa02-97354d316c6f,,18071,,JoneEl00,,11717,0,"https://static.www.nfl.com/image/upload/f_auto,q_auto/league/elfksaj9ofmczva5hz1h",,5,REG,R01,Elijah,JON275726,57211,32004a4f-4e27-5726-7a49-e84a04ed3b1f,2024,2024.0,ARI,90.0,24.745
44668,2024,ARI,DB,CB,28.0,RES,Elijah Jones,Elijah,Jones,2000-01-08,73.0,184,Boston College,00-0039823,4360203,6e1e18d1-3dab-4333-aa02-97354d316c6f,,18071,,JoneEl00,,11717,0,"https://static.www.nfl.com/image/upload/f_auto,q_auto/league/elfksaj9ofmczva5hz1h",,12,REG,R01,Elijah,JON275726,57211,32004a4f-4e27-5726-7a49-e84a04ed3b1f,2024,2024.0,ARI,90.0,24.879
44669,2024,ARI,DB,CB,28.0,RES,Elijah Jones,Elijah,Jones,2000-01-08,73.0,184,Boston College,00-0039823,4360203,6e1e18d1-3dab-4333-aa02-97354d316c6f,,18071,,JoneEl00,,11717,0,"https://static.www.nfl.com/image/upload/f_auto,q_auto/league/elfksaj9ofmczva5hz1h",,10,REG,R01,Elijah,JON275726,57211,32004a4f-4e27-5726-7a49-e84a04ed3b1f,2024,2024.0,ARI,90.0,24.841
44670,2024,ARI,DB,CB,28.0,RES,Elijah Jones,Elijah,Jones,2000-01-08,73.0,184,Boston College,00-0039823,4360203,6e1e18d1-3dab-4333-aa02-97354d316c6f,,18071,,JoneEl00,,11717,0,"https://static.www.nfl.com/image/upload/f_auto,q_auto/league/elfksaj9ofmczva5hz1h",,6,REG,R01,Elijah,JON275726,57211,32004a4f-4e27-5726-7a49-e84a04ed3b1f,2024,2024.0,ARI,90.0,24.764
44671,2024,ARI,DB,CB,28.0,RES,Elijah Jones,Elijah,Jones,2000-01-08,73.0,184,Boston College,00-0039823,4360203,6e1e18d1-3dab-4333-aa02-97354d316c6f,,18071,,JoneEl00,,11717,0,"https://static.www.nfl.com/image/upload/f_auto,q_auto/league/elfksaj9ofmczva5hz1h",,7,REG,R01,Elijah,JON275726,57211,32004a4f-4e27-5726-7a49-e84a04ed3b1f,2024,2024.0,ARI,90.0,24.786
44672,2024,ARI,DB,CB,28.0,RES,Elijah Jones,Elijah,Jones,2000-01-08,73.0,184,Boston College,00-0039823,4360203,6e1e18d1-3dab-4333-aa02-97354d316c6f,,18071,,JoneEl00,,11717,0,"https://static.www.nfl.com/image/upload/f_auto,q_auto/league/elfksaj9ofmczva5hz1h",,4,REG,R01,Elijah,JON275726,57211,32004a4f-4e27-5726-7a49-e84a04ed3b1f,2024,2024.0,ARI,90.0,24.726
44673,2024,ARI,DB,CB,28.0,RES,Elijah Jones,Elijah,Jones,2000-01-08,73.0,184,Boston College,00-0039823,4360203,6e1e18d1-3dab-4333-aa02-97354d316c6f,,18071,,JoneEl00,,11717,0,"https://static.www.nfl.com/image/upload/f_auto,q_auto/league/elfksaj9ofmczva5hz1h",,8,REG,R01,Elijah,JON275726,57211,32004a4f-4e27-5726-7a49-e84a04ed3b1f,2024,2024.0,ARI,90.0,24.802
44674,2024,ARI,DB,CB,28.0,RES,Elijah Jones,Elijah,Jones,2000-01-08,73.0,184,Boston College,00-0039823,4360203,6e1e18d1-3dab-4333-aa02-97354d316c6f,,18071,,JoneEl00,,11717,0,"https://static.www.nfl.com/image/upload/f_auto,q_auto/league/elfksaj9ofmczva5hz1h",,13,REG,R01,Elijah,JON275726,57211,32004a4f-4e27-5726-7a49-e84a04ed3b1f,2024,2024.0,ARI,90.0,24.898
44675,2024,ARI,DB,CB,28.0,RES,Elijah Jones,Elijah,Jones,2000-01-08,73.0,184,Boston College,00-0039823,4360203,6e1e18d1-3dab-4333-aa02-97354d316c6f,,18071,,JoneEl00,,11717,0,"https://static.www.nfl.com/image/upload/f_auto,q_auto/league/elfksaj9ofmczva5hz1h",,18,REG,R01,Elijah,JON275726,57211,32004a4f-4e27-5726-7a49-e84a04ed3b1f,2024,2024.0,ARI,90.0,24.994
44676,2024,ARI,DB,CB,28.0,RES,Elijah Jones,Elijah,Jones,2000-01-08,73.0,184,Boston College,00-0039823,4360203,6e1e18d1-3dab-4333-aa02-97354d316c6f,,18071,,JoneEl00,,11717,0,"https://static.www.nfl.com/image/upload/f_auto,q_auto/league/elfksaj9ofmczva5hz1h",,14,REG,R48,Elijah,JON275726,57211,32004a4f-4e27-5726-7a49-e84a04ed3b1f,2024,2024.0,ARI,90.0,24.917
44677,2024,ARI,DB,CB,28.0,RES,Elijah Jones,Elijah,Jones,2000-01-08,73.0,184,Boston College,00-0039823,4360203,6e1e18d1-3dab-4333-aa02-97354d316c6f,,18071,,JoneEl00,,11717,0,"https://static.www.nfl.com/image/upload/f_auto,q_auto/league/elfksaj9ofmczva5hz1h",,3,REG,R01,Elijah,JON275726,57211,32004a4f-4e27-5726-7a49-e84a04ed3b1f,2024,2024.0,ARI,90.0,24.706
44678,2024,ARI,DB,CB,28.0,RES,Elijah Jones,Elijah,Jones,2000-01-08,73.0,184,Boston College,00-0039823,4360203,6e1e18d1-3dab-4333-aa02-97354d316c6f,,18071,,JoneEl00,,11717,0,"https://static.www.nfl.com/image/upload/f_auto,q_auto/league/elfksaj9ofmczva5hz1h",,15,REG,R48,Elijah,JON275726,57211,32004a4f-4e27-5726-7a49-e84a04ed3b1f,2024,2024.0,ARI,90.0,24.936
44679,2024,ARI,DB,CB,28.0,RES,Elijah Jones,Elijah,Jones,2000-01-08,73.0,184,Boston College,00-0039823,4360203,6e1e18d1-3dab-4333-aa02-97354d316c6f,,18071,,JoneEl00,,11717,0,"https://static.www.nfl.com/image/upload/f_auto,q_auto/league/elfksaj9ofmczva5hz1h",,1,REG,R01,Elijah,JON275726,57211,32004a4f-4e27-5726-7a49-e84a04ed3b1f,2024,2024.0,ARI,90.0,24.668
44680,2024,ARI,DB,CB,28.0,RES,Elijah Jones,Elijah,Jones,2000-01-08,73.0,184,Boston College,00-0039823,4360203,6e1e18d1-3dab-4333-aa02-97354d316c6f,,18071,,JoneEl00,,11717,0,"https://static.www.nfl.com/image/upload/f_auto,q_auto/league/elfksaj9ofmczva5hz1h",,17,REG,R01,Elijah,JON275726,57211,32004a4f-4e27-5726-7a49-e84a04ed3b1f,2024,2024.0,ARI,90.0,24.972
44681,2024,ARI,DB,CB,28.0,RES,Elijah Jones,Elijah,Jones,2000-01-08,73.0,184,Boston College,00-0039823,4360203,6e1e18d1-3dab-4333-aa02-97354d316c6f,,18071,,JoneEl00,,11717,0,"https://static.www.nfl.com/image/upload/f_auto,q_auto/league/elfksaj9ofmczva5hz1h",,16,REG,R48,Elijah,JON275726,57211,32004a4f-4e27-5726-7a49-e84a04ed3b1f,2024,2024.0,ARI,90.0,24.956
44682,2024,ARI,DB,CB,28.0,RES,Elijah Jones,Elijah,Jones,2000-01-08,73.0,184,Boston College,00-0039823,4360203,6e1e18d1-3dab-4333-aa02-97354d316c6f,,18071,,JoneEl00,,11717,0,"https://static.www.nfl.com/image/upload/f_auto,q_auto/league/elfksaj9ofmczva5hz1h",,2,REG,R01,Elijah,JON275726,57211,32004a4f-4e27-5726-7a49-e84a04ed3b1f,2024,2024.0,ARI,90.0,24.687
45112,2024,ARI,WR,WR,18.0,ACT,Marvin Harrison Jr.,Marvin,Harrison,2002-08-11,76.0,205,Ohio State,00-0039849,4432708,e8da21a8-796d-48a2-b644-57d08983ae01,40893,17674,,HarrMa09,,11628,0,"https://static.www.nfl.com/image/upload/f_auto,q_auto/league/o6hg5zeofmxvzjjpo2sf",WR,13,REG,A01,Marvin,HAR648677,57125,32004841-5264-8677-2fca-6edc0b245f94,2024,2024.0,ARI,4.0,22.308
45113,2024,ARI,WR,WR,18.0,ACT,Marvin Harrison Jr.,Marvin,Harrison,2002-08-11,76.0,205,Ohio State,00-0039849,4432708,e8da21a8-796d-48a2-b644-57d08983ae01,40893,17674,,HarrMa09,,11628,0,"https://static.www.nfl.com/image/upload/f_auto,q_auto/league/o6hg5zeofmxvzjjpo2sf",WR,7,REG,A01,Marvin,HAR648677,57125,32004841-5264-8677-2fca-6edc0b245f94,2024,2024.0,ARI,4.0,22.196
45114,2024,ARI,WR,WR,18.0,ACT,Marvin Harrison Jr.,Marvin,Harrison,2002-08-11,76.0,205,Ohio State,00-0039849,4432708,e8da21a8-796d-48a2-b644-57d08983ae01,40893,17674,,HarrMa09,,11628,0,"https://static.www.nfl.com/image/upload/f_auto,q_auto/league/o6hg5zeofmxvzjjpo2sf",WR,9,REG,A01,Marvin,HAR648677,57125,32004841-5264-8677-2fca-6edc0b245f94,2024,2024.0,ARI,4.0,22.231
45115,2024,ARI,WR,WR,18.0,ACT,Marvin Harrison Jr.,Marvin,Harrison,2002-08-11,76.0,205,Ohio State,00-0039849,4432708,e8da21a8-796d-48a2-b644-57d08983ae01,40893,17674,,HarrMa09,,11628,0,"https://static.www.nfl.com/image/upload/f_auto,q_auto/league/o6hg5zeofmxvzjjpo2sf",WR,18,REG,A01,Marvin,HAR648677,57125,32004841-5264-8677-2fca-6edc0b245f94,2024,2024.0,ARI,4.0,22.404
45116,2024,ARI,WR,WR,18.0,ACT,Marvin Harrison Jr.,Marvin,Harrison,2002-08-11,76.0,205,Ohio State,00-0039849,4432708,e8da21a8-796d-48a2-b644-57d08983ae01,40893,17674,,HarrMa09,,11628,0,"https://static.www.nfl.com/image/upload/f_auto,q_auto/league/o6hg5zeofmxvzjjpo2sf",WR,3,REG,A01,Marvin,HAR648677,57125,32004841-5264-8677-2fca-6edc0b245f94,2024,2024.0,ARI,4.0,22.116
45117,2024,ARI,WR,WR,18.0,ACT,Marvin Harrison Jr.,Marvin,Harrison,2002-08-11,76.0,205,Ohio State,00-0039849,4432708,e8da21a8-796d-48a2-b644-57d08983ae01,40893,17674,,HarrMa09,,11628,0,"https://static.www.nfl.com/image/upload/f_auto,q_auto/league/o6hg5zeofmxvzjjpo2sf",WR,10,REG,A01,Marvin,HAR648677,57125,32004841-5264-8677-2fca-6edc0b245f94,2024,2024.0,ARI,4.0,22.251
45118,2024,ARI,WR,WR,18.0,ACT,Marvin Harrison Jr.,Marvin,Harrison,2002-08-11,76.0,205,Ohio State,00-0039849,4432708,e8da21a8-796d-48a2-b644-57d08983ae01,40893,17674,,HarrMa09,,11628,0,"https://static.www.nfl.com/image/upload/f_auto,q_auto/league/o6hg5zeofmxvzjjpo2sf",WR,5,REG,A01,Marvin,HAR648677,57125,32004841-5264-8677-2fca-6edc0b245f94,2024,2024.0,ARI,4.0,22.155
45119,2024,ARI,WR,WR,18.0,ACT,Marvin Harrison Jr.,Marvin,Harrison,2002-08-11,76.0,205,Ohio State,00-0039849,4432708,e8da21a8-796d-48a2-b644-57d08983ae01,40893,17674,,HarrMa09,,11628,0,"https://static.www.nfl.com/image/upload/f_auto,q_auto/league/o6hg5zeofmxvzjjpo2sf",WR,16,REG,A01,Marvin,HAR648677,57125,32004841-5264-8677-2fca-6edc0b245f94,2024,2024.0,ARI,4.0,22.366
45120,2024,ARI,WR,WR,18.0,ACT,Marvin Harrison Jr.,Marvin,Harrison,2002-08-11,76.0,205,Ohio State,00-0039849,4432708,e8da21a8-796d-48a2-b644-57d08983ae01,40893,17674,,HarrMa09,,11628,0,"https://static.www.nfl.com/image/upload/f_auto,q_auto/league/o6hg5zeofmxvzjjpo2sf",WR,15,REG,A01,Marvin,HAR648677,57125,32004841-5264-8677-2fca-6edc0b245f94,2024,2024.0,ARI,4.0,22.346
45121,2024,ARI,WR,WR,18.0,ACT,Marvin Harrison Jr.,Marvin,Harrison,2002-08-11,76.0,205,Ohio State,00-0039849,4432708,e8da21a8-796d-48a2-b644-57d08983ae01,40893,17674,,HarrMa09,,11628,0,"https://static.www.nfl.com/image/upload/f_auto,q_auto/league/o6hg5zeofmxvzjjpo2sf",WR,4,REG,A01,Marvin,HAR648677,57125,32004841-5264-8677-2fca-6edc0b245f94,2024,2024.0,ARI,4.0,22.136
45122,2024,ARI,WR,WR,18.0,ACT,Marvin Harrison Jr.,Marvin,Harrison,2002-08-11,76.0,205,Ohio State,00-0039849,4432708,e8da21a8-796d-48a2-b644-57d08983ae01,40893,17674,,HarrMa09,,11628,0,"https://static.www.nfl.com/image/upload/f_auto,q_auto/league/o6hg5zeofmxvzjjpo2sf",WR,1,REG,A01,Marvin,HAR648677,57125,32004841-5264-8677-2fca-6edc0b245f94,2024,2024.0,ARI,4.0,22.078
45123,2024,ARI,WR,WR,18.0,ACT,Marvin Harrison Jr.,Marvin,Harrison,2002-08-11,76.0,205,Ohio State,00-0039849,4432708,e8da21a8-796d-48a2-b644-57d08983ae01,40893,17674,,HarrMa09,,11628,0,"https://static.www.nfl.com/image/upload/f_auto,q_auto/league/o6hg5zeofmxvzjjpo2sf",WR,8,REG,A01,Marvin,HAR648677,57125,32004841-5264-8677-2fca-6edc0b245f94,2024,2024.0,ARI,4.0,22.212
45124,2024,ARI,WR,WR,18.0,ACT,Marvin Harrison Jr.,Marvin,Harrison,2002-08-11,76.0,205,Ohio State,00-0039849,4432708,e8da21a8-796d-48a2-b644-57d08983ae01,40893,17674,,HarrMa09,,11628,0,"https://static.www.nfl.com/image/upload/f_auto,q_auto/league/o6hg5zeofmxvzjjpo2sf",WR,17,REG,A01,Marvin,HAR648677,57125,32004841-5264-8677-2fca-6edc0b245f94,2024,2024.0,ARI,4.0,22.382
45125,2024,ARI,WR,WR,18.0,ACT,Marvin Harrison Jr.,Marvin,Harrison,2002-08-11,76.0,205,Ohio State,00-0039849,4432708,e8da21a8-796d-48a2-b644-57d08983ae01,40893,17674,,HarrMa09,,11628,0,"https://static.www.nfl.com/image/upload/f_auto,q_auto/league/o6hg5zeofmxvzjjpo2sf",WR,14,REG,A01,Marvin,HAR648677,57125,32004841-5264-8677-2fca-6edc0b245f94,2024,2024.0,ARI,4.0,22.327
45126,2024,ARI,WR,WR,18.0,ACT,Marvin Harrison Jr.,Marvin,Harrison,2002-08-11,76.0,205,Ohio State,00-0039849,4432708,e8da21a8-796d-48a2-b644-57d08983ae01,40893,17674,,HarrMa09,,11628,0,"https://static.www.nfl.com/image/upload/f_auto,q_auto/league/o6hg5zeofmxvzjjpo2sf",WR,12,REG,A01,Marvin,HAR648677,57125,32004841-5264-8677-2fca-6edc0b245f94,2024,2024.0,ARI,4.0,22.289
45127,2024,ARI,WR,WR,18.0,ACT,Marvin Harrison Jr.,Marvin,Harrison,2002-08-11,76.0,205,Ohio State,00-0039849,4432708,e8da21a8-796d-48a2-b644-57d08983ae01,40893,17674,,HarrMa09,,11628,0,"https://static.www.nfl.com/image/upload/f_auto,q_auto/league/o6hg5zeofmxvzjjpo2sf",WR,6,REG,A01,Marvin,HAR648677,57125,32004841-5264-8677-2fca-6edc0b245f94,2024,2024.0,ARI,4.0,22.174
45128,2024,ARI,WR,WR,18.0,ACT,Marvin Harrison Jr.,Marvin,Harrison,2002-08-11,76.0,205,Ohio State,00-0039849,4432708,e8da21a8-796d-48a2-b644-57d08983ae01,40893,17674,,HarrMa09,,11628,0,"https://static.www.nfl.com/image/upload/f_auto,q_auto/league/o6hg5zeofmxvzjjpo2sf",WR,2,REG,A01,Marvin,HAR648677,57125,32004841-5264-8677-2fca-6edc0b245f94,2024,2024.0,ARI,4.0,22.097
45200,2024,ARI,DL,DT,56.0,RES,Darius Robinson,Darius,Robinson,2001-09-13,77.0,296,Missouri,00-0039854,4569480,7ceb8b7a-9797-4186-8dbe-4446b415c0fb,,17790,,RobiDa01,,11658,0,"https://static.www.nfl.com/image/upload/f_auto,q_auto/league/l5l1hkawirteohcvdro3",,5,REG,R48,Darius,ROB388955,57148,3200524f-4238-8955-ee72-4b029172a7eb,2024,2024.0,ARI,27.0,23.064
45201,2024,ARI,DL,DT,56.0,RES,Darius Robinson,Darius,Robinson,2001-09-13,77.0,296,Missouri,00-0039854,4569480,7ceb8b7a-9797-4186-8dbe-4446b415c0fb,,17790,,RobiDa01,,11658,0,"https://static.www.nfl.com/image/upload/f_auto,q_auto/league/l5l1hkawirteohcvdro3",,6,REG,R48,Darius,ROB388955,57148,3200524f-4238-8955-ee72-4b029172a7eb,2024,2024.0,ARI,27.0,23.083
45202,2024,ARI,DL,DT,56.0,RES,Darius Robinson,Darius,Robinson,2001-09-13,77.0,296,Missouri,00-0039854,4569480,7ceb8b7a-9797-4186-8dbe-4446b415c0fb,,17790,,RobiDa01,,11658,0,"https://static.www.nfl.com/image/upload/f_auto,q_auto/league/l5l1hkawirteohcvdro3",,1,REG,R48,Darius,ROB388955,57148,3200524f-4238-8955-ee72-4b029172a7eb,2024,2024.0,ARI,27.0,22.987
45203,2024,ARI,DL,DT,56.0,ACT,Darius Robinson,Darius,Robinson,2001-09-13,77.0,296,Missouri,00-0039854,4569480,7ceb8b7a-9797-4186-8dbe-4446b415c0fb,,17790,,RobiDa01,,11658,0,"https://static.www.nfl.com/image/upload/f_auto,q_auto/league/l5l1hkawirteohcvdro3",INTERIOR_LINE,16,REG,A01,Darius,ROB388955,57148,3200524f-4238-8955-ee72-4b029172a7eb,2024,2024.0,ARI,27.0,23.274
45204,2024,ARI,DL,DT,56.0,ACT,Darius Robinson,Darius,Robinson,2001-09-13,77.0,296,Missouri,00-0039854,4569480,7ceb8b7a-9797-4186-8dbe-4446b415c0fb,,17790,,RobiDa01,,11658,0,"https://static.www.nfl.com/image/upload/f_auto,q_auto/league/l5l1hkawirteohcvdro3",INTERIOR_LINE,14,REG,A01,Darius,ROB388955,57148,3200524f-4238-8955-ee72-4b029172a7eb,2024,2024.0,ARI,27.0,23.236
45205,2024,ARI,DL,DT,56.0,ACT,Darius Robinson,Darius,Robinson,2001-09-13,77.0,296,Missouri,00-0039854,4569480,7ceb8b7a-9797-4186-8dbe-4446b415c0fb,,17790,,RobiDa01,,11658,0,"https://static.www.nfl.com/image/upload/f_auto,q_auto/league/l5l1hkawirteohcvdro3",INTERIOR_LINE,18,REG,A01,Darius,ROB388955,57148,3200524f-4238-8955-ee72-4b029172a7eb,2024,2024.0,ARI,27.0,23.313
45206,2024,ARI,DL,DT,56.0,ACT,Darius Robinson,Darius,Robinson,2001-09-13,77.0,296,Missouri,00-0039854,4569480,7ceb8b7a-9797-4186-8dbe-4446b415c0fb,,17790,,RobiDa01,,11658,0,"https://static.www.nfl.com/image/upload/f_auto,q_auto/league/l5l1hkawirteohcvdro3",INTERIOR_LINE,13,REG,A01,Darius,ROB388955,57148,3200524f-4238-8955-ee72-4b029172a7eb,2024,2024.0,ARI,27.0,23.217
45207,2024,ARI,DL,DT,56.0,RES,Darius Robinson,Darius,Robinson,2001-09-13,77.0,296,Missouri,00-0039854,4569480,7ceb8b7a-9797-4186-8dbe-4446b415c0fb,,17790,,RobiDa01,,11658,0,"https://static.www.nfl.com/image/upload/f_auto,q_auto/league/l5l1hkawirteohcvdro3",,7,REG,R48,Darius,ROB388955,57148,3200524f-4238-8955-ee72-4b029172a7eb,2024,2024.0,ARI,27.0,23.105
45208,2024,ARI,DL,DT,56.0,RES,Darius Robinson,Darius,Robinson,2001-09-13,77.0,296,Missouri,00-0039854,4569480,7ceb8b7a-9797-4186-8dbe-4446b415c0fb,,17790,,RobiDa01,,11658,0,"https://static.www.nfl.com/image/upload/f_auto,q_auto/league/l5l1hkawirteohcvdro3",,4,REG,R48,Darius,ROB388955,57148,3200524f-4238-8955-ee72-4b029172a7eb,2024,2024.0,ARI,27.0,23.044
45209,2024,ARI,DL,DT,56.0,RES,Darius Robinson,Darius,Robinson,2001-09-13,77.0,296,Missouri,00-0039854,4569480,7ceb8b7a-9797-4186-8dbe-4446b415c0fb,,17790,,RobiDa01,,11658,0,"https://static.www.nfl.com/image/upload/f_auto,q_auto/league/l5l1hkawirteohcvdro3",,8,REG,R48,Darius,ROB388955,57148,3200524f-4238-8955-ee72-4b029172a7eb,2024,2024.0,ARI,27.0,23.121
45210,2024,ARI,DL,DT,56.0,ACT,Darius Robinson,Darius,Robinson,2001-09-13,77.0,296,Missouri,00-0039854,4569480,7ceb8b7a-9797-4186-8dbe-4446b415c0fb,,17790,,RobiDa01,,11658,0,"https://static.www.nfl.com/image/upload/f_auto,q_auto/league/l5l1hkawirteohcvdro3",INTERIOR_LINE,17,REG,A01,Darius,ROB388955,57148,3200524f-4238-8955-ee72-4b029172a7eb,2024,2024.0,ARI,27.0,23.291
45211,2024,ARI,DL,DT,56.0,INA,Darius Robinson,Darius,Robinson,2001-09-13,77.0,296,Missouri,00-0039854,4569480,7ceb8b7a-9797-4186-8dbe-4446b415c0fb,,17790,,RobiDa01,,11658,0,"https://static.www.nfl.com/image/upload/f_auto,q_auto/league/l5l1hkawirteohcvdro3",,12,REG,A01,Darius,ROB388955,57148,3200524f-4238-8955-ee72-4b029172a7eb,2024,2024.0,ARI,27.0,23.198
45212,2024,ARI,DL,DT,56.0,RES,Darius Robinson,Darius,Robinson,2001-09-13,77.0,296,Missouri,00-0039854,4569480,7ceb8b7a-9797-4186-8dbe-4446b415c0fb,,17790,,RobiDa01,,11658,0,"https://static.www.nfl.com/image/upload/f_auto,q_auto/league/l5l1hkawirteohcvdro3",,3,REG,R48,Darius,ROB388955,57148,3200524f-4238-8955-ee72-4b029172a7eb,2024,2024.0,ARI,27.0,23.025
45213,2024,ARI,DL,DT,56.0,ACT,Darius Robinson,Darius,Robinson,2001-09-13,77.0,296,Missouri,00-0039854,4569480,7ceb8b7a-9797-4186-8dbe-4446b415c0fb,,17790,,RobiDa01,,11658,0,"https://static.www.nfl.com/image/upload/f_auto,q_auto/league/l5l1hkawirteohcvdro3",INTERIOR_LINE,15,REG,A01,Darius,ROB388955,57148,3200524f-4238-8955-ee72-4b029172a7eb,2024,2024.0,ARI,27.0,23.255
45214,2024,ARI,DL,DT,56.0,INA,Darius Robinson,Darius,Robinson,2001-09-13,77.0,296,Missouri,00-0039854,4569480,7ceb8b7a-9797-4186-8dbe-4446b415c0fb,,17790,,RobiDa01,,11658,0,"https://static.www.nfl.com/image/upload/f_auto,q_auto/league/l5l1hkawirteohcvdro3",,9,REG,I01,Darius,ROB388955,57148,3200524f-4238-8955-ee72-4b029172a7eb,2024,2024.0,ARI,27.0,23.14
45215,2024,ARI,DL,DT,56.0,INA,Darius Robinson,Darius,Robinson,2001-09-13,77.0,296,Missouri,00-0039854,4569480,7ceb8b7a-9797-4186-8dbe-4446b415c0fb,,17790,,RobiDa01,,11658,0,"https://static.www.nfl.com/image/upload/f_auto,q_auto/league/l5l1hkawirteohcvdro3",,10,REG,A01,Darius,ROB388955,57148,3200524f-4238-8955-ee72-4b029172a7eb,2024,2024.0,ARI,27.0,23.159
45216,2024,ARI,DL,DT,56.0,RES,Darius Robinson,Darius,Robinson,2001-09-13,77.0,296,Missouri,00-0039854,4569480,7ceb8b7a-9797-4186-8dbe-4446b415c0fb,,17790,,RobiDa01,,11658,0,"https://static.www.nfl.com/image/upload/f_auto,q_auto/league/l5l1hkawirteohcvdro3",,2,REG,R48,Darius,ROB388955,57148,3200524f-4238-8955-ee72-4b029172a7eb,2024,2024.0,ARI,27.0,23.006
45358,2024,ARI,DB,FS,42.0,ACT,Dadrion Taylor-Demerson,Dadrion,Taylor-Demerson,2001-01-20,70.0,195,Texas Tech,00-0039864,4428633,ed59f931-fb26-4809-b862-a29fb7825942,,17996,,TaylDa02,,11744,0,"https://static.www.nfl.com/image/upload/f_auto,q_auto/league/r59gcmrknai5uuthvojy",OLB,14,REG,A01,Dadrion,TAY812808,57225,32005441-5981-2808-5fd7-3fe9e12204ea,2024,2024.0,ARI,104.0,23.882
45359,2024,ARI,DB,FS,42.0,ACT,Dadrion Taylor-Demerson,Dadrion,Taylor-Demerson,2001-01-20,70.0,195,Texas Tech,00-0039864,4428633,ed59f931-fb26-4809-b862-a29fb7825942,,17996,,TaylDa02,,11744,0,"https://static.www.nfl.com/image/upload/f_auto,q_auto/league/r59gcmrknai5uuthvojy",SAFETY,10,REG,A01,Dadrion,TAY812808,57225,32005441-5981-2808-5fd7-3fe9e12204ea,2024,2024.0,ARI,104.0,23.806
45360,2024,ARI,DB,FS,42.0,ACT,Dadrion Taylor-Demerson,Dadrion,Taylor-Demerson,2001-01-20,70.0,195,Texas Tech,00-0039864,4428633,ed59f931-fb26-4809-b862-a29fb7825942,,17996,,TaylDa02,,11744,0,"https://static.www.nfl.com/image/upload/f_auto,q_auto/league/r59gcmrknai5uuthvojy",MLB,17,REG,A01,Dadrion,TAY812808,57225,32005441-5981-2808-5fd7-3fe9e12204ea,2024,2024.0,ARI,104.0,23.937
45361,2024,ARI,DB,FS,42.0,ACT,Dadrion Taylor-Demerson,Dadrion,Taylor-Demerson,2001-01-20,70.0,195,Texas Tech,00-0039864,4428633,ed59f931-fb26-4809-b862-a29fb7825942,,17996,,TaylDa02,,11744,0,"https://static.www.nfl.com/image/upload/f_auto,q_auto/league/r59gcmrknai5uuthvojy",MLB,18,REG,A01,Dadrion,TAY812808,57225,32005441-5981-2808-5fd7-3fe9e12204ea,2024,2024.0,ARI,104.0,23.959
45362,2024,ARI,DB,FS,42.0,ACT,Dadrion Taylor-Demerson,Dadrion,Taylor-Demerson,2001-01-20,70.0,195,Texas Tech,00-0039864,4428633,ed59f931-fb26-4809-b862-a29fb7825942,,17996,,TaylDa02,,11744,0,"https://static.www.nfl.com/image/upload/f_auto,q_auto/league/r59gcmrknai5uuthvojy",MLB,13,REG,A01,Dadrion,TAY812808,57225,32005441-5981-2808-5fd7-3fe9e12204ea,2024,2024.0,ARI,104.0,23.863
45363,2024,ARI,DB,FS,42.0,ACT,Dadrion Taylor-Demerson,Dadrion,Taylor-Demerson,2001-01-20,70.0,195,Texas Tech,00-0039864,4428633,ed59f931-fb26-4809-b862-a29fb7825942,,17996,,TaylDa02,,11744,0,"https://static.www.nfl.com/image/upload/f_auto,q_auto/league/r59gcmrknai5uuthvojy",SAFETY,4,REG,A01,Dadrion,TAY812808,57225,32005441-5981-2808-5fd7-3fe9e12204ea,2024,2024.0,ARI,104.0,23.691
45364,2024,ARI,DB,FS,42.0,ACT,Dadrion Taylor-Demerson,Dadrion,Taylor-Demerson,2001-01-20,70.0,195,Texas Tech,00-0039864,4428633,ed59f931-fb26-4809-b862-a29fb7825942,,17996,,TaylDa02,,11744,0,"https://static.www.nfl.com/image/upload/f_auto,q_auto/league/r59gcmrknai5uuthvojy",,6,REG,A01,Dadrion,TAY812808,57225,32005441-5981-2808-5fd7-3fe9e12204ea,2024,2024.0,ARI,104.0,23.729
45365,2024,ARI,DB,FS,42.0,ACT,Dadrion Taylor-Demerson,Dadrion,Taylor-Demerson,2001-01-20,70.0,195,Texas Tech,00-0039864,4428633,ed59f931-fb26-4809-b862-a29fb7825942,,17996,,TaylDa02,,11744,0,"https://static.www.nfl.com/image/upload/f_auto,q_auto/league/r59gcmrknai5uuthvojy",SAFETY,12,REG,A01,Dadrion,TAY812808,57225,32005441-5981-2808-5fd7-3fe9e12204ea,2024,2024.0,ARI,104.0,23.844
45366,2024,ARI,DB,FS,42.0,ACT,Dadrion Taylor-Demerson,Dadrion,Taylor-Demerson,2001-01-20,70.0,195,Texas Tech,00-0039864,4428633,ed59f931-fb26-4809-b862-a29fb7825942,,17996,,TaylDa02,,11744,0,"https://static.www.nfl.com/image/upload/f_auto,q_auto/league/r59gcmrknai5uuthvojy",SAFETY,9,REG,A01,Dadrion,TAY812808,57225,32005441-5981-2808-5fd7-3fe9e12204ea,2024,2024.0,ARI,104.0,23.786
45367,2024,ARI,DB,FS,42.0,ACT,Dadrion Taylor-Demerson,Dadrion,Taylor-Demerson,2001-01-20,70.0,195,Texas Tech,00-0039864,4428633,ed59f931-fb26-4809-b862-a29fb7825942,,17996,,TaylDa02,,11744,0,"https://static.www.nfl.com/image/upload/f_auto,q_auto/league/r59gcmrknai5uuthvojy",SAFETY,7,REG,A01,Dadrion,TAY812808,57225,32005441-5981-2808-5fd7-3fe9e12204ea,2024,2024.0,ARI,104.0,23.751
45368,2024,ARI,DB,FS,42.0,ACT,Dadrion Taylor-Demerson,Dadrion,Taylor-Demerson,2001-01-20,70.0,195,Texas Tech,00-0039864,4428633,ed59f931-fb26-4809-b862-a29fb7825942,,17996,,TaylDa02,,11744,0,"https://static.www.nfl.com/image/upload/f_auto,q_auto/league/r59gcmrknai5uuthvojy",SAFETY,3,REG,A01,Dadrion,TAY812808,57225,32005441-5981-2808-5fd7-3fe9e12204ea,2024,2024.0,ARI,104.0,23.671
45369,2024,ARI,DB,FS,42.0,ACT,Dadrion Taylor-Demerson,Dadrion,Taylor-Demerson,2001-01-20,70.0,195,Texas Tech,00-0039864,4428633,ed59f931-fb26-4809-b862-a29fb7825942,,17996,,TaylDa02,,11744,0,"https://static.www.nfl.com/image/upload/f_auto,q_auto/league/r59gcmrknai5uuthvojy",SAFETY,8,REG,A01,Dadrion,TAY812808,57225,32005441-5981-2808-5fd7-3fe9e12204ea,2024,2024.0,ARI,104.0,23.767
45370,2024,ARI,DB,FS,42.0,ACT,Dadrion Taylor-Demerson,Dadrion,Taylor-Demerson,2001-01-20,70.0,195,Texas Tech,00-0039864,4428633,ed59f931-fb26-4809-b862-a29fb7825942,,17996,,TaylDa02,,11744,0,"https://static.www.nfl.com/image/upload/f_auto,q_auto/league/r59gcmrknai5uuthvojy",SAFETY,5,REG,A01,Dadrion,TAY812808,57225,32005441-5981-2808-5fd7-3fe9e12204ea,2024,2024.0,ARI,104.0,23.71
45371,2024,ARI,DB,FS,42.0,ACT,Dadrion Taylor-Demerson,Dadrion,Taylor-Demerson,2001-01-20,70.0,195,Texas Tech,00-0039864,4428633,ed59f931-fb26-4809-b862-a29fb7825942,,17996,,TaylDa02,,11744,0,"https://static.www.nfl.com/image/upload/f_auto,q_auto/league/r59gcmrknai5uuthvojy",SAFETY,15,REG,A01,Dadrion,TAY812808,57225,32005441-5981-2808-5fd7-3fe9e12204ea,2024,2024.0,ARI,104.0,23.901
45372,2024,ARI,DB,FS,42.0,ACT,Dadrion Taylor-Demerson,Dadrion,Taylor-Demerson,2001-01-20,70.0,195,Texas Tech,00-0039864,4428633,ed59f931-fb26-4809-b862-a29fb7825942,,17996,,TaylDa02,,11744,0,"https://static.www.nfl.com/image/upload/f_auto,q_auto/league/r59gcmrknai5uuthvojy",MLB,16,REG,A01,Dadrion,TAY812808,57225,32005441-5981-2808-5fd7-3fe9e12204ea,2024,2024.0,ARI,104.0,23.921
45373,2024,ARI,DB,FS,42.0,ACT,Dadrion Taylor-Demerson,Dadrion,Taylor-Demerson,2001-01-20,70.0,195,Texas Tech,00-0039864,4428633,ed59f931-fb26-4809-b862-a29fb7825942,,17996,,TaylDa02,,11744,0,"https://static.www.nfl.com/image/upload/f_auto,q_auto/league/r59gcmrknai5uuthvojy",SAFETY,2,REG,A01,Dadrion,TAY812808,57225,32005441-5981-2808-5fd7-3fe9e12204ea,2024,2024.0,ARI,104.0,23.652
45374,2024,ARI,DB,FS,42.0,ACT,Dadrion Taylor-Demerson,Dadrion,Taylor-Demerson,2001-01-20,70.0,195,Texas Tech,00-0039864,4428633,ed59f931-fb26-4809-b862-a29fb7825942,,17996,,TaylDa02,,11744,0,"https://static.www.nfl.com/image/upload/f_auto,q_auto/league/r59gcmrknai5uuthvojy",,1,REG,A01,Dadrion,TAY812808,57225,32005441-5981-2808-5fd7-3fe9e12204ea,2024,2024.0,ARI,104.0,23.633
46256,2024,ARI,RB,RB,33.0,ACT,Trey Benson,Trey,Benson,2002-07-23,73.0,215,Florida State,00-0039921,4429275,0c1253f2-1822-445d-8590-fea6fd32703f,40958,17767,,BensTr01,,11589,0,"https://static.www.nfl.com/image/upload/f_auto,q_auto/league/iu0gbspz3kjdqlazvtkn",RB,12,REG,A01,Trey,BEN649191,57187,32004245-4e64-9191-567b-28b29177bf93,2024,2024.0,ARI,66.0,22.341
46257,2024,ARI,RB,RB,33.0,ACT,Trey Benson,Trey,Benson,2002-07-23,73.0,215,Florida State,00-0039921,4429275,0c1253f2-1822-445d-8590-fea6fd32703f,40958,17767,,BensTr01,,11589,0,"https://static.www.nfl.com/image/upload/f_auto,q_auto/league/iu0gbspz3kjdqlazvtkn",RB,14,REG,A01,Trey,BEN649191,57187,32004245-4e64-9191-567b-28b29177bf93,2024,2024.0,ARI,66.0,22.379
46258,2024,ARI,RB,RB,33.0,INA,Trey Benson,Trey,Benson,2002-07-23,73.0,215,Florida State,00-0039921,4429275,0c1253f2-1822-445d-8590-fea6fd32703f,40958,17767,,BensTr01,,11589,0,"https://static.www.nfl.com/image/upload/f_auto,q_auto/league/iu0gbspz3kjdqlazvtkn",,16,REG,A01,Trey,BEN649191,57187,32004245-4e64-9191-567b-28b29177bf93,2024,2024.0,ARI,66.0,22.418
46259,2024,ARI,RB,RB,33.0,ACT,Trey Benson,Trey,Benson,2002-07-23,73.0,215,Florida State,00-0039921,4429275,0c1253f2-1822-445d-8590-fea6fd32703f,40958,17767,,BensTr01,,11589,0,"https://static.www.nfl.com/image/upload/f_auto,q_auto/league/iu0gbspz3kjdqlazvtkn",,5,REG,A01,Trey,BEN649191,57187,32004245-4e64-9191-567b-28b29177bf93,2024,2024.0,ARI,66.0,22.207
46260,2024,ARI,RB,RB,33.0,ACT,Trey Benson,Trey,Benson,2002-07-23,73.0,215,Florida State,00-0039921,4429275,0c1253f2-1822-445d-8590-fea6fd32703f,40958,17767,,BensTr01,,11589,0,"https://static.www.nfl.com/image/upload/f_auto,q_auto/league/iu0gbspz3kjdqlazvtkn",RB,2,REG,A01,Trey,BEN649191,57187,32004245-4e64-9191-567b-28b29177bf93,2024,2024.0,ARI,66.0,22.149
46261,2024,ARI,RB,RB,33.0,ACT,Trey Benson,Trey,Benson,2002-07-23,73.0,215,Florida State,00-0039921,4429275,0c1253f2-1822-445d-8590-fea6fd32703f,40958,17767,,BensTr01,,11589,0,"https://static.www.nfl.com/image/upload/f_auto,q_auto/league/iu0gbspz3kjdqlazvtkn",RB,8,REG,A01,Trey,BEN649191,57187,32004245-4e64-9191-567b-28b29177bf93,2024,2024.0,ARI,66.0,22.264
46262,2024,ARI,RB,RB,33.0,ACT,Trey Benson,Trey,Benson,2002-07-23,73.0,215,Florida State,00-0039921,4429275,0c1253f2-1822-445d-8590-fea6fd32703f,40958,17767,,BensTr01,,11589,0,"https://static.www.nfl.com/image/upload/f_auto,q_auto/league/iu0gbspz3kjdqlazvtkn",RB,13,REG,A01,Trey,BEN649191,57187,32004245-4e64-9191-567b-28b29177bf93,2024,2024.0,ARI,66.0,22.36
46263,2024,ARI,RB,RB,33.0,ACT,Trey Benson,Trey,Benson,2002-07-23,73.0,215,Florida State,00-0039921,4429275,0c1253f2-1822-445d-8590-fea6fd32703f,40958,17767,,BensTr01,,11589,0,"https://static.www.nfl.com/image/upload/f_auto,q_auto/league/iu0gbspz3kjdqlazvtkn",RB,10,REG,A01,Trey,BEN649191,57187,32004245-4e64-9191-567b-28b29177bf93,2024,2024.0,ARI,66.0,22.303
46264,2024,ARI,RB,RB,33.0,RES,Trey Benson,Trey,Benson,2002-07-23,73.0,215,Florida State,00-0039921,4429275,0c1253f2-1822-445d-8590-fea6fd32703f,40958,17767,,BensTr01,,11589,0,"https://static.www.nfl.com/image/upload/f_auto,q_auto/league/iu0gbspz3kjdqlazvtkn",,18,REG,R01,Trey,BEN649191,57187,32004245-4e64-9191-567b-28b29177bf93,2024,2024.0,ARI,66.0,22.456
46265,2024,ARI,RB,RB,33.0,ACT,Trey Benson,Trey,Benson,2002-07-23,73.0,215,Florida State,00-0039921,4429275,0c1253f2-1822-445d-8590-fea6fd32703f,40958,17767,,BensTr01,,11589,0,"https://static.www.nfl.com/image/upload/f_auto,q_auto/league/iu0gbspz3kjdqlazvtkn",RB,15,REG,A01,Trey,BEN649191,57187,32004245-4e64-9191-567b-28b29177bf93,2024,2024.0,ARI,66.0,22.398
46266,2024,ARI,RB,RB,33.0,ACT,Trey Benson,Trey,Benson,2002-07-23,73.0,215,Florida State,00-0039921,4429275,0c1253f2-1822-445d-8590-fea6fd32703f,40958,17767,,BensTr01,,11589,0,"https://static.www.nfl.com/image/upload/f_auto,q_auto/league/iu0gbspz3kjdqlazvtkn",RB,1,REG,A01,Trey,BEN649191,57187,32004245-4e64-9191-567b-28b29177bf93,2024,2024.0,ARI,66.0,22.13
46267,2024,ARI,RB,RB,33.0,ACT,Trey Benson,Trey,Benson,2002-07-23,73.0,215,Florida State,00-0039921,4429275,0c1253f2-1822-445d-8590-fea6fd32703f,40958,17767,,BensTr01,,11589,0,"https://static.www.nfl.com/image/upload/f_auto,q_auto/league/iu0gbspz3kjdqlazvtkn",RB,7,REG,A01,Trey,BEN649191,57187,32004245-4e64-9191-567b-28b29177bf93,2024,2024.0,ARI,66.0,22.248
46268,2024,ARI,RB,RB,33.0,ACT,Trey Benson,Trey,Benson,2002-07-23,73.0,215,Florida State,00-0039921,4429275,0c1253f2-1822-445d-8590-fea6fd32703f,40958,17767,,BensTr01,,11589,0,"https://static.www.nfl.com/image/upload/f_auto,q_auto/league/iu0gbspz3kjdqlazvtkn",RB,9,REG,A01,Trey,BEN649191,57187,32004245-4e64-9191-567b-28b29177bf93,2024,2024.0,ARI,66.0,22.283
46269,2024,ARI,RB,RB,33.0,ACT,Trey Benson,Trey,Benson,2002-07-23,73.0,215,Florida State,00-0039921,4429275,0c1253f2-1822-445d-8590-fea6fd32703f,40958,17767,,BensTr01,,11589,0,"https://static.www.nfl.com/image/upload/f_auto,q_auto/league/iu0gbspz3kjdqlazvtkn",RB,4,REG,A01,Trey,BEN649191,57187,32004245-4e64-9191-567b-28b29177bf93,2024,2024.0,ARI,66.0,22.188
46270,2024,ARI,RB,RB,33.0,ACT,Trey Benson,Trey,Benson,2002-07-23,73.0,215,Florida State,00-0039921,4429275,0c1253f2-1822-445d-8590-fea6fd32703f,40958,17767,,BensTr01,,11589,0,"https://static.www.nfl.com/image/upload/f_auto,q_auto/league/iu0gbspz3kjdqlazvtkn",RB,3,REG,A01,Trey,BEN649191,57187,32004245-4e64-9191-567b-28b29177bf93,2024,2024.0,ARI,66.0,22.168
46271,2024,ARI,RB,RB,33.0,ACT,Trey Benson,Trey,Benson,2002-07-23,73.0,215,Florida State,00-0039921,4429275,0c1253f2-1822-445d-8590-fea6fd32703f,40958,17767,,BensTr01,,11589,0,"https://static.www.nfl.com/image/upload/f_auto,q_auto/league/iu0gbspz3kjdqlazvtkn",RB,6,REG,A01,Trey,BEN649191,57187,32004245-4e64-9191-567b-28b29177bf93,2024,2024.0,ARI,66.0,22.226
46272,2024,ARI,RB,RB,33.0,INA,Trey Benson,Trey,Benson,2002-07-23,73.0,215,Florida State,00-0039921,4429275,0c1253f2-1822-445d-8590-fea6fd32703f,40958,17767,,BensTr01,,11589,0,"https://static.www.nfl.com/image/upload/f_auto,q_auto/league/iu0gbspz3kjdqlazvtkn",,17,REG,A01,Trey,BEN649191,57187,32004245-4e64-9191-567b-28b29177bf93,2024,2024.0,ARI,66.0,22.434
